Node_ID,Depth (Tầng cây),Board_Visual,Best_Action (Ô tối ưu),Max_Q_Value,Valid_Moves_Count,Valid_Moves_List,Q_Cell_1,Q_Cell_2,Q_Cell_3,Q_Cell_4,Q_Cell_5,Q_Cell_6,Q_Cell_7,Q_Cell_8,Q_Cell_9,Canonical_State
Node_00001,0,[. . . | . . . | . . .],9,1.151,9,"[1, 2, 3, 4, 5, 6, 7, 8, 9]",0.1351,0.1296,0.1097,0.1817,0.1102,0.06,0.141,0.2965,1.151,"(0, 0, 0, 0, 0, 0, 0, 0, 0)"
Node_00002,1,[. . . | . . O | . . .],5,0.4642,8,"[1, 2, 3, 4, 5, 7, 8, 9]",-0.6192,-0.5141,-0.0989,-0.1091,0.4642,,-0.738,-0.8093,-0.0937,"(0, 0, 0, 0, 0, -1, 0, 0, 0)"
Node_00003,1,[. . . | O . . | . . .],5,0.3941,8,"[1, 2, 3, 5, 6, 7, 8, 9]",-0.1322,-0.5234,-0.6145,,0.3941,-0.5124,-0.259,-0.6203,-0.547,"(0, 0, 0, -1, 0, 0, 0, 0, 0)"
Node_00004,1,[. . O | . . . | . . .],5,0.3703,8,"[1, 2, 4, 5, 6, 7, 8, 9]",-0.4054,-0.391,,-0.7036,0.3703,-0.7289,-0.4121,-0.5067,-0.674,"(0, 0, -1, 0, 0, 0, 0, 0, 0)"
Node_00005,1,[. . . | . . . | O . .],5,0.3176,8,"[1, 2, 3, 4, 5, 6, 8, 9]",-0.3187,-0.6568,-0.6029,-0.8198,0.3176,-0.3601,,-0.6038,-0.868,"(0, 0, 0, 0, 0, 0, -1, 0, 0)"
Node_00006,1,[O . . | . . . | . . .],5,0.3129,8,"[2, 3, 4, 5, 6, 7, 8, 9]",,-0.5967,-0.7274,-0.8584,0.3129,-0.8327,-0.5214,-0.4344,-0.5269,"(-1, 0, 0, 0, 0, 0, 0, 0, 0)"
Node_00007,1,[. O . | . . . | . . .],5,0.242,8,"[1, 3, 4, 5, 6, 7, 8, 9]",-0.2269,,-0.2663,-0.66,0.242,-0.5043,-0.3115,-0.5287,-0.4627,"(0, -1, 0, 0, 0, 0, 0, 0, 0)"
Node_00008,1,[. . . | . O . | . . .],9,0.2355,8,"[1, 2, 3, 4, 6, 7, 8, 9]",-0.3134,-0.7746,-0.3451,-0.7842,,-0.8791,-0.3532,-0.8954,0.2355,"(0, 0, 0, 0, -1, 0, 0, 0, 0)"
Node_00009,1,[. . . | . . . | . O .],5,0.1014,8,"[1, 2, 3, 4, 5, 6, 7, 9]",-0.5873,-0.3037,-0.5028,-0.8781,0.1014,-0.1302,-0.1047,,-0.1663,"(0, 0, 0, 0, 0, 0, 0, -1, 0)"
Node_00010,1,[. . . | . . . | . . O],1,-0.2975,8,"[1, 2, 3, 4, 5, 6, 7, 8]",-0.2975,-0.6245,-0.7965,-0.7555,-0.3003,-0.8444,-0.3406,-0.6731,,"(0, 0, 0, 0, 0, 0, 0, 0, -1)"
Node_00011,2,[X . . | . . O | . . .],3,2.5587,7,"[2, 3, 4, 5, 7, 8, 9]",,0.4407,2.5587,0.8542,1.5079,,1.3811,0.6187,0.5224,"(1, 0, 0, 0, 0, -1, 0, 0, 0)"
Node_00012,2,[. . . | . X O | . . .],9,2.4201,7,"[1, 2, 3, 4, 7, 8, 9]",1.5737,1.9023,1.892,0.7218,,,1.9584,1.5146,2.4201,"(0, 0, 0, 0, 1, -1, 0, 0, 0)"
Node_00013,2,[. . . | . X . | . O .],9,2.3775,7,"[1, 2, 3, 4, 6, 7, 9]",1.8016,0.2485,1.871,2.0027,,1.6713,1.9089,,2.3775,"(0, 0, 0, 0, 1, 0, 0, -1, 0)"
Node_00014,2,[. . X | . . O | . . .],1,2.3442,7,"[1, 2, 4, 5, 7, 8, 9]",2.3442,1.0286,,1.0147,1.8281,,0.6671,0.4608,0.5544,"(0, 0, 1, 0, 0, -1, 0, 0, 0)"
Node_00015,2,[. . . | . . O | . . X],5,2.3068,7,"[1, 2, 3, 4, 5, 7, 8]",0.6927,0.9018,0.5768,1.4633,2.3068,,1.1845,1.2569,,"(0, 0, 0, 0, 0, -1, 0, 0, 1)"
Node_00016,2,[. . . | O . . | X . .],5,2.2957,7,"[1, 2, 3, 5, 6, 8, 9]",0.7349,0.5302,0.8637,,2.2957,0.5625,,1.0329,1.3066,"(0, 0, 0, -1, 0, 0, 1, 0, 0)"
Node_00017,2,[. O X | . . . | . . .],5,2.2956,7,"[1, 4, 5, 6, 7, 8, 9]",0.2911,,,0.6183,2.2956,1.0004,0.5162,0.8965,1.5163,"(0, -1, 1, 0, 0, 0, 0, 0, 0)"
Node_00018,2,[. . . | X . . | . O .],5,2.2668,7,"[1, 2, 3, 5, 6, 7, 9]",0.5304,1.0484,0.3341,,2.2668,0.1372,1.3205,,0.5495,"(0, 0, 0, 1, 0, 0, 0, -1, 0)"
Node_00019,2,[X O . | . . . | . . .],5,2.2241,7,"[3, 4, 5, 6, 7, 8, 9]",,,0.6078,1.4418,2.2241,0.9492,1.3087,0.7619,0.6225,"(1, -1, 0, 0, 0, 0, 0, 0, 0)"
Node_00020,2,[. X . | . . O | . . .],5,2.221,7,"[1, 3, 4, 5, 7, 8, 9]",0.6713,,0.9001,0.3855,2.221,,0.5774,0.2722,0.5593,"(0, 1, 0, 0, 0, -1, 0, 0, 0)"
Node_00021,2,[. . X | O . . | . . .],1,2.2135,7,"[1, 2, 5, 6, 7, 8, 9]",2.2135,0.4983,,,0.7561,1.0767,0.5752,0.3261,1.0588,"(0, 0, 1, -1, 0, 0, 0, 0, 0)"
Node_00022,2,[. O . | . . . | . . X],5,2.198,7,"[1, 3, 4, 5, 6, 7, 8]",0.7928,,1.424,0.198,2.198,0.6905,1.0766,1.103,,"(0, -1, 0, 0, 0, 0, 0, 0, 1)"
Node_00023,2,[X . . | O . . | . . .],3,2.1659,7,"[2, 3, 5, 6, 7, 8, 9]",,1.2229,2.1659,,1.5569,0.8885,0.9631,1.1639,0.7818,"(1, 0, 0, -1, 0, 0, 0, 0, 0)"
Node_00024,2,[. . . | O . . | . X .],5,2.1551,7,"[1, 2, 3, 5, 6, 7, 9]",0.8262,-0.0378,0.6045,,2.1551,0.2583,0.8239,,0.7327,"(0, 0, 0, -1, 0, 0, 0, 1, 0)"
Node_00025,2,[. O . | . X . | . . .],3,2.1498,7,"[1, 3, 4, 6, 7, 8, 9]",2.0304,,2.1498,1.6433,,1.949,1.9822,0.3229,1.7678,"(0, -1, 0, 0, 1, 0, 0, 0, 0)"
Node_00026,2,[. . . | O X . | . . .],7,2.1464,7,"[1, 2, 3, 6, 7, 8, 9]",1.8915,1.9389,2.003,,,0.5464,2.1464,1.9018,1.9267,"(0, 0, 0, -1, 1, 0, 0, 0, 0)"
Node_00027,2,[. . . | . . . | X O .],5,2.0944,7,"[1, 2, 3, 4, 5, 6, 9]",1.6834,1.0668,1.0594,0.8561,2.0944,0.4523,,,0.1702,"(0, 0, 0, 0, 0, 0, 1, -1, 0)"
Node_00028,2,[. . . | . . . | . O X],5,2.0925,7,"[1, 2, 3, 4, 5, 6, 7]",0.4528,0.6569,1.3946,0.7352,2.0925,0.9378,0.4945,,,"(0, 0, 0, 0, 0, 0, 0, -1, 1)"
Node_00029,2,[. O . | . . X | . . .],5,2.0326,7,"[1, 3, 4, 5, 7, 8, 9]",0.821,,1.0585,0.089,2.0326,,0.4241,0.6559,0.515,"(0, -1, 0, 0, 0, 1, 0, 0, 0)"
Node_00030,2,[. O . | X . . | . . .],5,2.0266,7,"[1, 3, 5, 6, 7, 8, 9]",1.2083,,0.6882,,2.0266,-0.2895,0.2283,0.4389,0.6068,"(0, -1, 0, 1, 0, 0, 0, 0, 0)"
Node_00031,2,[. . O | . . . | . . X],7,2.0162,7,"[1, 2, 4, 5, 6, 7, 8]",1.2777,0.5424,,0.6099,0.9977,0.3379,2.0162,0.4995,,"(0, 0, -1, 0, 0, 0, 0, 0, 1)"
Node_00032,2,[X . O | . . . | . . .],7,2.003,7,"[2, 4, 5, 6, 7, 8, 9]",,0.5675,,1.1875,0.989,0.4926,2.003,0.7697,0.9555,"(1, 0, -1, 0, 0, 0, 0, 0, 0)"
Node_00033,2,[. . . | . . X | . O .],5,1.9985,7,"[1, 2, 3, 4, 5, 7, 9]",0.9381,0.738,0.4899,0.1942,1.9985,,0.6868,,1.0302,"(0, 0, 0, 0, 0, 1, 0, -1, 0)"
Node_00034,2,[. . . | . . O | X . .],5,1.9621,7,"[1, 2, 3, 4, 5, 8, 9]",1.3018,0.3714,0.5432,0.901,1.9621,,,0.1025,0.9216,"(0, 0, 0, 0, 0, -1, 1, 0, 0)"
Node_00035,2,[. . O | . . . | X . .],1,1.9601,7,"[1, 2, 4, 5, 6, 8, 9]",1.9601,0.4924,,0.8621,1.0162,0.0582,,0.2484,1.1007,"(0, 0, -1, 0, 0, 0, 1, 0, 0)"
Node_00036,2,[. O . | . . . | X . .],5,1.8987,7,"[1, 3, 4, 5, 6, 8, 9]",1.2814,,0.7133,0.8035,1.8987,0.3927,,0.9387,1.2773,"(0, -1, 0, 0, 0, 0, 1, 0, 0)"
Node_00037,2,[X . . | . . . | O . .],3,1.8842,7,"[2, 3, 4, 5, 6, 8, 9]",,0.8257,1.8842,-0.1884,1.0512,0.5975,,0.8358,0.9078,"(1, 0, 0, 0, 0, 0, -1, 0, 0)"
Node_00038,2,[O . X | . . . | . . .],9,1.8747,7,"[2, 4, 5, 6, 7, 8, 9]",,-0.0877,,0.8045,0.6732,0.9692,0.9981,0.0102,1.8747,"(-1, 0, 1, 0, 0, 0, 0, 0, 0)"
Node_00039,2,[. . . | O . . | . . X],7,1.8656,7,"[1, 2, 3, 5, 6, 7, 8]",0.6614,0.5433,1.1887,,1.2238,0.7536,1.8656,0.7233,,"(0, 0, 0, -1, 0, 0, 0, 0, 1)"
Node_00040,2,[. . . | . . O | . X .],5,1.8487,7,"[1, 2, 3, 4, 5, 7, 9]",0.1325,0.3754,0.6205,0.8908,1.8487,,-0.0017,,0.8375,"(0, 0, 0, 0, 0, -1, 0, 1, 0)"
Node_00041,2,[. . . | . . X | O . .],9,1.8349,7,"[1, 2, 3, 4, 5, 8, 9]",0.5254,0.3557,0.4899,0.082,0.5591,,,0.2222,1.8349,"(0, 0, 0, 0, 0, 1, -1, 0, 0)"
Node_00042,2,[O . . | . . X | . . .],3,1.8169,7,"[2, 3, 4, 5, 7, 8, 9]",,0.4933,1.8169,0.3048,0.7424,,0.4688,-0.2857,0.0266,"(-1, 0, 0, 0, 0, 1, 0, 0, 0)"
Node_00043,2,[. . X | . . . | . O .],5,1.7999,7,"[1, 2, 4, 5, 6, 7, 9]",1.3112,1.0514,,0.3885,1.7999,0.4332,0.6322,,0.9618,"(0, 0, 1, 0, 0, 0, 0, -1, 0)"
Node_00044,2,[X . . | . . . | . O .],3,1.7721,7,"[2, 3, 4, 5, 6, 7, 9]",,0.9515,1.7721,0.2142,1.1872,0.5049,1.2864,,0.7515,"(1, 0, 0, 0, 0, 0, 0, -1, 0)"
Node_00045,2,[O . . | . . . | . . X],3,1.7716,7,"[2, 3, 4, 5, 6, 7, 8]",,0.5902,1.7716,0.4181,1.0386,0.3889,0.8374,0.6904,,"(-1, 0, 0, 0, 0, 0, 0, 0, 1)"
Node_00046,2,[O . . | . . . | X . .],3,1.7623,7,"[2, 3, 4, 5, 6, 8, 9]",,0.6511,1.7623,-0.1914,0.5478,0.2799,,1.0435,0.927,"(-1, 0, 0, 0, 0, 0, 1, 0, 0)"
Node_00047,2,[. . . | . . . | X . O],1,1.7293,7,"[1, 2, 3, 4, 5, 6, 8]",1.7293,0.7725,1.1081,1.1553,1.2576,1.0436,,0.5883,,"(0, 0, 0, 0, 0, 0, 1, 0, -1)"
Node_00048,2,[X . . | . . . | . . O],3,1.7188,7,"[2, 3, 4, 5, 6, 7, 8]",,0.0283,1.7188,0.1677,1.0861,0.2082,1.1434,0.8444,,"(1, 0, 0, 0, 0, 0, 0, 0, -1)"
Node_00049,2,[. X . | O . . | . . .],1,1.714,7,"[1, 3, 5, 6, 7, 8, 9]",1.714,,0.2454,,0.9813,0.7228,1.0741,0.1436,0.2688,"(0, 1, 0, -1, 0, 0, 0, 0, 0)"
Node_00050,2,[. . . | X . . | . . O],7,1.6498,7,"[1, 2, 3, 5, 6, 7, 8]",0.3575,-0.2351,0.451,,0.7764,-0.2306,1.6498,0.3474,,"(0, 0, 0, 1, 0, 0, 0, 0, -1)"
Node_00051,2,[O . . | . . . | . X .],7,1.6385,7,"[2, 3, 4, 5, 6, 7, 9]",,0.4333,0.5682,-0.2266,1.0559,0.2739,1.6385,,-0.0945,"(-1, 0, 0, 0, 0, 0, 0, 1, 0)"
Node_00052,2,[. X . | . . . | O . .],1,1.615,7,"[1, 3, 4, 5, 6, 8, 9]",1.615,,0.1213,-0.0705,0.5988,0.4855,,0.0409,0.6188,"(0, 1, 0, 0, 0, 0, -1, 0, 0)"
Node_00053,2,[. . O | . . . | . X .],9,1.602,7,"[1, 2, 4, 5, 6, 7, 9]",0.4302,0.4438,,-0.3883,0.2349,-0.0393,0.0853,,1.602,"(0, 0, -1, 0, 0, 0, 0, 1, 0)"
Node_00054,2,[. . X | . . . | . . O],1,1.5769,7,"[1, 2, 4, 5, 6, 7, 8]",1.5769,1.208,,0.4291,1.175,-0.5306,1.3803,1.0688,,"(0, 0, 1, 0, 0, 0, 0, 0, -1)"
Node_00055,2,[. . O | X . . | . . .],1,1.5182,7,"[1, 2, 5, 6, 7, 8, 9]",1.5182,0.2498,,,0.6592,0.1852,-0.0904,0.315,0.559,"(0, 0, -1, 1, 0, 0, 0, 0, 0)"
Node_00056,2,[. . X | . . . | O . .],1,1.4916,7,"[1, 2, 4, 5, 6, 8, 9]",1.4916,-0.3502,,0.2267,1.1048,0.0617,,0.3662,1.296,"(0, 0, 1, 0, 0, 0, -1, 0, 0)"
Node_00057,2,[. X . | . . . | . . O],3,1.3894,7,"[1, 3, 4, 5, 6, 7, 8]",0.5158,,1.3894,0.3192,0.6238,0.6225,0.5836,0.2225,,"(0, 1, 0, 0, 0, 0, 0, 0, -1)"
Node_00058,2,[. . . | . . . | O . X],3,1.3551,7,"[1, 2, 3, 4, 5, 6, 8]",0.7656,0.7716,1.3551,0.6177,1.0938,1.0904,,0.0396,,"(0, 0, 0, 0, 0, 0, -1, 0, 1)"
Node_00059,2,[. . . | X . O | . . .],7,1.287,7,"[1, 2, 3, 5, 7, 8, 9]",0.6162,0.3069,0.7963,,0.9342,,1.287,0.505,0.9967,"(0, 0, 0, 1, 0, -1, 0, 0, 0)"
Node_00060,2,[. X . | . . . | . O .],4,1.2444,7,"[1, 3, 4, 5, 6, 7, 9]",0.7478,,0.7286,1.2444,0.6184,0.5343,0.7463,,0.6601,"(0, 1, 0, 0, 0, 0, 0, -1, 0)"
Node_00061,2,[. O . | . . . | . X .],9,1.0082,7,"[1, 3, 4, 5, 6, 7, 9]",0.3537,,0.7976,0.812,0.7079,0.4502,0.7949,,1.0082,"(0, -1, 0, 0, 0, 0, 0, 1, 0)"
Node_00062,2,[O . . | X . . | . . .],5,0.9658,7,"[2, 3, 5, 6, 7, 8, 9]",,0.8506,0.6891,,0.9658,0.1793,0.0966,0.1057,0.4263,"(-1, 0, 0, 1, 0, 0, 0, 0, 0)"
Node_00063,2,[. . . | X . . | O . .],9,0.9154,7,"[1, 2, 3, 5, 6, 8, 9]",-0.2312,0.3877,0.536,,0.5507,0.1169,,0.1146,0.9154,"(0, 0, 0, 1, 0, 0, -1, 0, 0)"
Node_00064,2,[. X O | . . . | . . .],9,0.9026,7,"[1, 4, 5, 6, 7, 8, 9]",-0.1735,,,-0.4869,0.3653,0.3448,0.1549,0.275,0.9026,"(0, 1, -1, 0, 0, 0, 0, 0, 0)"
Node_00065,2,[. . . | . . . | . X O],5,0.8751,7,"[1, 2, 3, 4, 5, 6, 7]",0.4175,-0.2785,0.5679,0.2969,0.8751,0.0337,0.463,,,"(0, 0, 0, 0, 0, 0, 0, 1, -1)"
Node_00066,2,[O X . | . . . | . . .],9,0.875,7,"[3, 4, 5, 6, 7, 8, 9]",,,-0.2362,0.5541,0.6373,0.4516,0.5602,0.1512,0.875,"(-1, 1, 0, 0, 0, 0, 0, 0, 0)"
Node_00067,2,[. . O | . X . | . . .],9,0.8427,7,"[1, 2, 4, 6, 7, 8, 9]",0.2444,0.1515,,0.2458,,0.1888,0.1937,-0.0351,0.8427,"(0, 0, -1, 0, 1, 0, 0, 0, 0)"
Node_00068,2,[. . . | O . X | . . .],1,0.8388,7,"[1, 2, 3, 5, 7, 8, 9]",0.8388,0.2832,0.7091,,0.4824,,0.594,0.6778,0.8345,"(0, 0, 0, -1, 0, 1, 0, 0, 0)"
Node_00069,2,[. . . | . X . | O . .],4,0.8303,7,"[1, 2, 3, 4, 6, 8, 9]",0.3018,0.157,0.2027,0.8303,,0.2411,,0.5036,0.272,"(0, 0, 0, 0, 1, 0, -1, 0, 0)"
Node_00070,2,[O . . | . X . | . . .],2,0.769,7,"[2, 3, 4, 6, 7, 8, 9]",,0.769,0.3654,-0.0334,,0.1543,0.0742,0.1473,0.0559,"(-1, 0, 0, 0, 1, 0, 0, 0, 0)"
Node_00071,2,[. . . | . O . | . . X],4,0.7052,7,"[1, 2, 3, 4, 6, 7, 8]",0.0347,0.0421,-0.0505,0.7052,,-0.0634,-0.0743,-0.0792,,"(0, 0, 0, 0, -1, 0, 0, 0, 1)"
Node_00072,2,[. . . | . . X | . . O],7,0.6002,7,"[1, 2, 3, 4, 5, 7, 8]",0.1983,0.2506,0.0615,-0.1555,0.3997,,0.6002,0.4122,,"(0, 0, 0, 0, 0, 1, 0, 0, -1)"
Node_00073,2,[. . O | . . X | . . .],5,0.5228,7,"[1, 2, 4, 5, 7, 8, 9]",0.3614,0.1602,,0.0822,0.5228,,0.4236,-0.1763,-0.0753,"(0, 0, -1, 0, 0, 1, 0, 0, 0)"
Node_00074,2,[. . . | . . . | O X .],5,0.4247,7,"[1, 2, 3, 4, 5, 6, 9]",0.306,-0.3978,0.2824,0.2511,0.4247,0.0446,,,0.2337,"(0, 0, 0, 0, 0, 0, -1, 1, 0)"
Node_00075,2,[. . . | . X . | . . O],6,0.2948,7,"[1, 2, 3, 4, 6, 7, 8]",0.2897,0.2928,0.1914,0.2652,,0.2948,0.2901,0.1873,,"(0, 0, 0, 0, 1, 0, 0, 0, -1)"
Node_00076,2,[X . . | . O . | . . .],3,0.2483,7,"[2, 3, 4, 6, 7, 8, 9]",,-0.1675,0.2483,-0.0494,,-0.1138,-0.0194,-0.0027,-0.0335,"(1, 0, 0, 0, -1, 0, 0, 0, 0)"
Node_00077,2,[. . . | . O . | . X .],3,0.2003,7,"[1, 2, 3, 4, 6, 7, 9]",-0.0186,-0.8604,0.2003,-0.0781,,0.0199,0.0027,,-0.0865,"(0, 0, 0, 0, -1, 0, 0, 1, 0)"
Node_00078,2,[. X . | . O . | . . .],4,0.1443,7,"[1, 3, 4, 6, 7, 8, 9]",0.0382,,-0.2182,0.1443,,-0.0506,-0.1539,-0.5558,-0.0686,"(0, 1, 0, 0, -1, 0, 0, 0, 0)"
Node_00079,2,[. . . | . O X | . . .],1,0.118,7,"[1, 2, 3, 4, 7, 8, 9]",0.118,0.0092,0.0038,-0.9171,,,-0.2156,0.0516,0.0751,"(0, 0, 0, 0, -1, 1, 0, 0, 0)"
Node_00080,2,[. . . | X O . | . . .],3,0.0618,7,"[1, 2, 3, 6, 7, 8, 9]",-0.0841,-0.0644,0.0618,,,-0.8644,-0.0811,-0.0867,-0.0105,"(0, 0, 0, 1, -1, 0, 0, 0, 0)"
Node_00081,2,[. . . | . O . | X . .],6,0.0312,7,"[1, 2, 3, 4, 6, 8, 9]",-0.058,-0.0826,0.0279,-0.1464,,0.0312,,-0.0422,-0.0293,"(0, 0, 0, 0, -1, 0, 1, 0, 0)"
Node_00082,2,[. . X | . O . | . . .],2,0.0271,7,"[1, 2, 4, 6, 7, 8, 9]",-0.0374,0.0271,,-0.0131,,-0.1004,0.0239,-0.0114,-0.0364,"(0, 0, 1, 0, -1, 0, 0, 0, 0)"
Node_00083,3,[. . . | O X O | . . .],3,2.081,6,"[1, 2, 3, 7, 8, 9]",1.3024,1.1601,2.081,,,,1.1055,1.2629,1.1792,"(0, 0, 0, -1, 1, -1, 0, 0, 0)"
Node_00084,3,[. O . | . X . | . O .],9,2.0008,6,"[1, 3, 4, 6, 7, 9]",1.498,,1.0168,1.4087,,1.1564,1.0878,,2.0008,"(0, -1, 0, 0, 1, 0, 0, -1, 0)"
Node_00085,3,[. O . | . . . | . O X],5,1.5924,6,"[1, 3, 4, 5, 6, 7]",0.1234,,-0.3391,-0.4415,1.5924,-0.1493,-0.6291,,,"(0, -1, 0, 0, 0, 0, 0, -1, 1)"
Node_00086,3,[X O O | . . . | . . .],7,1.5174,6,"[4, 5, 6, 7, 8, 9]",,,,-0.1009,0.4892,-0.0142,1.5174,-0.0807,0.3291,"(1, -1, -1, 0, 0, 0, 0, 0, 0)"
Node_00087,3,[. . X | O . O | . . .],5,1.4919,6,"[1, 2, 5, 7, 8, 9]",-0.1126,-0.0866,,,1.4919,,0.0381,-0.3049,-0.2227,"(0, 0, 1, -1, 0, -1, 0, 0, 0)"
Node_00088,3,[. . . | O . O | X . .],5,1.4659,6,"[1, 2, 3, 5, 8, 9]",-0.4195,-0.5173,-0.37,,1.4659,,,-0.4994,0.3233,"(0, 0, 0, -1, 0, -1, 1, 0, 0)"
Node_00089,3,[. O O | . . . | X . .],1,1.4638,6,"[1, 4, 5, 6, 8, 9]",1.4638,,,-0.0335,-0.1245,-0.3015,,0.0247,0.229,"(0, -1, -1, 0, 0, 0, 1, 0, 0)"
Node_00090,3,[. . O | . . O | . . X],7,1.4467,6,"[1, 2, 4, 5, 7, 8]",-0.1305,-0.1252,,0.1018,0.4422,,1.4467,0.3184,,"(0, 0, -1, 0, 0, -1, 0, 0, 1)"
Node_00091,3,[. O . | X . . | . O .],5,1.4319,6,"[1, 3, 5, 6, 7, 9]",-0.1148,,-0.3941,,1.4319,-0.0547,-0.2947,,-0.1947,"(0, -1, 0, 1, 0, 0, 0, -1, 0)"
Node_00092,3,[. . . | O . O | . . X],5,1.4292,6,"[1, 2, 3, 5, 7, 8]",0.2156,-0.507,-0.2961,,1.4292,,0.0428,0.0163,,"(0, 0, 0, -1, 0, -1, 0, 0, 1)"
Node_00093,3,[. O . | . . . | X O .],5,1.4216,6,"[1, 3, 4, 5, 6, 9]",-0.5279,,0.2171,-0.2356,1.4216,-0.5005,,,0.2056,"(0, -1, 0, 0, 0, 0, 1, -1, 0)"
Node_00094,3,[. . O | . . O | X . .],9,1.4075,6,"[1, 2, 4, 5, 8, 9]",-0.1399,-0.3624,,-0.391,-0.2887,,,-0.2016,1.4075,"(0, 0, -1, 0, 0, -1, 1, 0, 0)"
Node_00095,3,[O . . | O . . | X . .],9,1.3794,6,"[2, 3, 5, 6, 8, 9]",,-0.1037,0.1735,,0.3945,-0.3215,,0.0856,1.3794,"(-1, 0, 0, -1, 0, 0, 1, 0, 0)"
Node_00096,3,[O . . | O . . | . . X],7,1.3766,6,"[2, 3, 5, 6, 7, 8]",,0.1572,-0.3858,,-0.4244,-0.4702,1.3766,-0.451,,"(-1, 0, 0, -1, 0, 0, 0, 0, 1)"
Node_00097,3,[X . . | O . . | O . .],3,1.3579,6,"[2, 3, 5, 6, 8, 9]",,0.2168,1.3579,,0.3351,-0.0918,,-0.2975,0.1515,"(1, 0, 0, -1, 0, 0, -1, 0, 0)"
Node_00098,3,[. X . | O . O | . . .],5,1.2617,6,"[1, 3, 5, 7, 8, 9]",-0.2105,,-0.1038,,1.2617,,0.1708,-0.1013,-0.2241,"(0, 1, 0, -1, 0, -1, 0, 0, 0)"
Node_00099,3,[. . . | . . X | O O .],9,1.2011,6,"[1, 2, 3, 4, 5, 9]",-0.5733,-0.2961,-0.2007,-0.5797,0.0032,,,,1.2011,"(0, 0, 0, 0, 0, 1, -1, -1, 0)"
Node_00100,3,[X . . | . . O | . . O],3,1.1609,6,"[2, 3, 4, 5, 7, 8]",,0.0399,1.1609,-0.2511,-0.5829,,-0.1142,-0.4669,,"(1, 0, 0, 0, 0, -1, 0, 0, -1)"
Node_00101,3,[X . . | O . O | . . .],5,1.1278,6,"[2, 3, 5, 7, 8, 9]",,-0.2742,-0.3356,,1.1278,,0.4849,-0.6421,-0.4943,"(1, 0, 0, -1, 0, -1, 0, 0, 0)"
Node_00102,3,[. O . | . . X | . O .],5,1.0995,6,"[1, 3, 4, 5, 7, 9]",-0.4497,,-0.1823,-0.0492,1.0995,,-0.567,,-0.1374,"(0, -1, 0, 0, 0, 1, 0, -1, 0)"
Node_00103,3,[. . X | O . . | O . .],1,1.0874,6,"[1, 2, 5, 6, 8, 9]",1.0874,-0.5103,,,-0.4595,-0.3427,,-0.1357,-0.0331,"(0, 0, 1, -1, 0, 0, -1, 0, 0)"
Node_00104,3,[. . X | . . O | . O .],1,1.0844,6,"[1, 2, 4, 5, 7, 9]",1.0844,-0.2605,,-0.3282,0.5158,,-0.3087,,-0.1693,"(0, 0, 1, 0, 0, -1, 0, -1, 0)"
Node_00105,3,[. O X | O . . | . . .],9,1.0777,6,"[1, 5, 6, 7, 8, 9]",-0.0685,,,,0.5892,0.036,0.0528,-0.1996,1.0777,"(0, -1, 1, -1, 0, 0, 0, 0, 0)"
Node_00106,3,[. O O | X . . | . . .],1,1.0471,6,"[1, 5, 6, 7, 8, 9]",1.0471,,,,-0.3002,-0.3186,-0.5066,-0.717,-0.3691,"(0, -1, -1, 1, 0, 0, 0, 0, 0)"
Node_00107,3,[. O . | O . . | X . .],9,1.0445,6,"[1, 3, 5, 6, 8, 9]",-0.0876,,0.184,,0.2031,-0.1922,,-0.0293,1.0445,"(0, -1, 0, -1, 0, 0, 1, 0, 0)"
Node_00108,3,[X O . | . . . | . O .],5,1.0385,6,"[3, 4, 5, 6, 7, 9]",,,-0.4089,-0.1264,1.0385,-0.3146,-0.0924,,-0.2322,"(1, -1, 0, 0, 0, 0, 0, -1, 0)"
Node_00109,3,[. . X | O . . | . O .],9,0.9798,6,"[1, 2, 5, 6, 7, 9]",0.5053,0.3385,,,0.5214,0.4772,-0.0812,,0.9798,"(0, 0, 1, -1, 0, 0, 0, -1, 0)"
Node_00110,3,[O O . | . . . | . . X],3,0.9709,6,"[3, 4, 5, 6, 7, 8]",,,0.9709,-0.6504,-0.433,-0.3192,0.0287,0.0303,,"(-1, -1, 0, 0, 0, 0, 0, 0, 1)"
Node_00111,3,[. O . | . . O | . . X],7,0.9688,6,"[1, 3, 4, 5, 7, 8]",-0.0598,,-0.1483,-0.1765,0.5268,,0.9688,0.3553,,"(0, -1, 0, 0, 0, -1, 0, 0, 1)"
Node_00112,3,[. . . | . . O | X O .],5,0.9665,6,"[1, 2, 3, 4, 5, 9]",0.3867,-0.1612,-0.351,-0.1034,0.9665,,,,0.1278,"(0, 0, 0, 0, 0, -1, 1, -1, 0)"
Node_00113,3,[. X . | O . . | O . .],1,0.9466,6,"[1, 3, 5, 6, 8, 9]",0.9466,,-0.0048,,-0.4346,-0.3707,,-0.7049,-0.5529,"(0, 1, 0, -1, 0, 0, -1, 0, 0)"
Node_00114,3,[O O . | . . X | . . .],3,0.9347,6,"[3, 4, 5, 7, 8, 9]",,,0.9347,-0.4899,-0.3341,,-0.3358,-0.7436,-0.6842,"(-1, -1, 0, 0, 0, 1, 0, 0, 0)"
Node_00115,3,[X . . | . . O | . O .],7,0.9312,6,"[2, 3, 4, 5, 7, 9]",,0.1282,0.1546,0.1829,0.3767,,0.9312,,0.2554,"(1, 0, 0, 0, 0, -1, 0, -1, 0)"
Node_00116,3,[X . . | O . . | . O .],3,0.9247,6,"[2, 3, 5, 6, 7, 9]",,0.5249,0.9247,,0.4979,-0.3809,-0.1355,,0.0889,"(1, 0, 0, -1, 0, 0, 0, -1, 0)"
Node_00117,3,[. O X | . . . | . O .],5,0.8968,6,"[1, 4, 5, 6, 7, 9]",0.4654,,,-0.1824,0.8968,-0.2571,-0.1429,,0.3719,"(0, -1, 1, 0, 0, 0, 0, -1, 0)"
Node_00118,3,[. O . | X . . | . . O],5,0.8702,6,"[1, 3, 5, 6, 7, 8]",-0.2855,,-0.6123,,0.8702,0.0652,0.064,0.1325,,"(0, -1, 0, 1, 0, 0, 0, 0, -1)"
Node_00119,3,[. . . | . . O | . O X],5,0.8626,6,"[1, 2, 3, 4, 5, 7]",0.3886,-0.0982,-0.2803,-0.1366,0.8626,,0.0716,,,"(0, 0, 0, 0, 0, -1, 0, -1, 1)"
Node_00120,3,[. . O | . . X | O . .],5,0.8458,6,"[1, 2, 4, 5, 8, 9]",-0.4125,-0.5734,,-0.4349,0.8458,,,-0.7884,-0.6279,"(0, 0, -1, 0, 0, 1, -1, 0, 0)"
Node_00121,3,[O . . | . . O | . . X],7,0.8382,6,"[2, 3, 4, 5, 7, 8]",,0.0055,-0.1475,-0.4973,0.0289,,0.8382,-0.0275,,"(-1, 0, 0, 0, 0, -1, 0, 0, 1)"
Node_00122,3,[O . . | O . . | . X .],7,0.8184,6,"[2, 3, 5, 6, 7, 9]",,-0.2484,-0.3991,,-0.3345,-0.4814,0.8184,,-0.1121,"(-1, 0, 0, -1, 0, 0, 0, 1, 0)"
Node_00123,3,[O O X | . . . | . . .],5,0.8042,6,"[4, 5, 6, 7, 8, 9]",,,,-0.2464,0.8042,0.4469,0.411,0.1494,0.3388,"(-1, -1, 1, 0, 0, 0, 0, 0, 0)"
Node_00124,3,[. . . | O X . | . O .],7,0.7902,6,"[1, 2, 3, 6, 7, 9]",0.2202,-0.1712,-0.2428,,,0.0224,0.7902,,0.2565,"(0, 0, 0, -1, 1, 0, 0, -1, 0)"
Node_00125,3,[. X . | . . O | . . O],3,0.7706,6,"[1, 3, 4, 5, 7, 8]",-0.4532,,0.7706,-0.4809,0.139,,-0.1006,-0.0715,,"(0, 1, 0, 0, 0, -1, 0, 0, -1)"
Node_00126,3,[X . O | . . . | . O .],4,0.7704,6,"[2, 4, 5, 6, 7, 9]",,-0.4856,,0.7704,0.2917,-0.1611,0.492,,-0.141,"(1, 0, -1, 0, 0, 0, 0, -1, 0)"
Node_00127,3,[. . X | . . . | O O .],9,0.7624,6,"[1, 2, 4, 5, 6, 9]",-0.2221,-0.2934,,-0.635,-0.5456,-0.5246,,,0.7624,"(0, 0, 1, 0, 0, 0, -1, -1, 0)"
Node_00128,3,[. . O | . . X | . . O],5,0.7591,6,"[1, 2, 4, 5, 7, 8]",-0.4092,-0.2296,,-0.4592,0.7591,,-0.0897,-0.3439,,"(0, 0, -1, 0, 0, 1, 0, 0, -1)"
Node_00129,3,[. . . | O . O | . X .],5,0.7571,6,"[1, 2, 3, 5, 7, 9]",-0.0822,0.0483,0.0286,,0.7571,,-0.2533,,0.1627,"(0, 0, 0, -1, 0, -1, 0, 1, 0)"
Node_00130,3,[. O . | . X . | O . .],4,0.7512,6,"[1, 3, 4, 6, 8, 9]",-0.1149,,-0.1598,0.7512,,-0.1358,,-0.5574,-0.6024,"(0, -1, 0, 0, 1, 0, -1, 0, 0)"
Node_00131,3,[. O . | . O . | . X .],7,0.733,6,"[1, 3, 4, 6, 7, 9]",-0.1975,,-0.1956,-0.3469,,-0.5497,0.733,,0.2423,"(0, -1, 0, 0, -1, 0, 0, 1, 0)"
Node_00132,3,[. . . | . . . | X O O],5,0.7308,6,"[1, 2, 3, 4, 5, 6]",0.2869,-0.1565,0.0849,0.2884,0.7308,0.119,,,,"(0, 0, 0, 0, 0, 0, 1, -1, -1)"
Node_00133,3,[. . O | O . . | . X .],5,0.7257,6,"[1, 2, 5, 6, 7, 9]",-0.3029,0.2823,,,0.7257,-0.2105,0.1655,,0.245,"(0, 0, -1, -1, 0, 0, 0, 1, 0)"
Node_00134,3,[. . . | . . . | O X O],5,0.7147,6,"[1, 2, 3, 4, 5, 6]",-0.3855,0.3226,-0.4128,-0.2804,0.7147,-0.2901,,,,"(0, 0, 0, 0, 0, 0, -1, 1, -1)"
Node_00135,3,[. O . | . O . | X . .],8,0.7139,6,"[1, 3, 4, 6, 8, 9]",-0.547,,-0.968,-0.5797,,-0.8916,,0.7139,-0.3263,"(0, -1, 0, 0, -1, 0, 1, 0, 0)"
Node_00136,3,[. . O | O . . | . . X],7,0.7106,6,"[1, 2, 5, 6, 7, 8]",-0.0943,-0.1243,,,0.4891,-0.5114,0.7106,0.0886,,"(0, 0, -1, -1, 0, 0, 0, 0, 1)"
Node_00137,3,[. . . | . X . | O O .],9,0.6774,6,"[1, 2, 3, 4, 6, 9]",-0.7286,-0.6219,-0.8583,-0.4891,,-0.6752,,,0.6774,"(0, 0, 0, 0, 1, 0, -1, -1, 0)"
Node_00138,3,[. . O | . . O | . X .],9,0.6641,6,"[1, 2, 4, 5, 7, 9]",-0.0959,-0.1552,,-0.7813,0.1406,,-0.0383,,0.6641,"(0, 0, -1, 0, 0, -1, 0, 1, 0)"
Node_00139,3,[. O . | O . . | . . X],3,0.6627,6,"[1, 3, 5, 6, 7, 8]",-0.2266,,0.6627,,0.2089,0.2029,0.5761,0.149,,"(0, -1, 0, -1, 0, 0, 0, 0, 1)"
Node_00140,3,[O . . | . . X | . . O],5,0.661,6,"[2, 3, 4, 5, 7, 8]",,-0.5873,-0.301,-0.0532,0.661,,-0.533,-0.635,,"(-1, 0, 0, 0, 0, 1, 0, 0, -1)"
Node_00141,3,[. . . | X O O | . . .],1,0.6533,6,"[1, 2, 3, 7, 8, 9]",0.6533,-0.3812,0.0082,,,,0.0278,-0.188,0.1185,"(0, 0, 0, 1, -1, -1, 0, 0, 0)"
Node_00142,3,[X . . | . . . | . O O],7,0.6482,6,"[2, 3, 4, 5, 6, 7]",,-0.1298,0.0592,-0.2684,0.2924,-0.4615,0.6482,,,"(1, 0, 0, 0, 0, 0, 0, -1, -1)"
Node_00143,3,[. . O | X . . | O . .],5,0.6445,6,"[1, 2, 5, 6, 8, 9]",-0.5511,-0.6561,,,0.6445,-0.1376,,-0.5622,-0.3376,"(0, 0, -1, 1, 0, 0, -1, 0, 0)"
Node_00144,3,[. . O | X . . | . O .],1,0.6416,6,"[1, 2, 5, 6, 7, 9]",0.6416,-0.4893,,,-0.083,0.1588,0.1753,,-0.1141,"(0, 0, -1, 1, 0, 0, 0, -1, 0)"
Node_00145,3,[. . . | . X . | . O O],7,0.625,6,"[1, 2, 3, 4, 6, 7]",-0.6803,-0.847,-0.3046,-0.8145,,-0.6124,0.625,,,"(0, 0, 0, 0, 1, 0, 0, -1, -1)"
Node_00146,3,[O . . | . . O | X . .],9,0.6181,6,"[2, 3, 4, 5, 8, 9]",,-0.392,0.3137,-0.4203,0.0242,,,0.3035,0.6181,"(-1, 0, 0, 0, 0, -1, 1, 0, 0)"
Node_00147,3,[. . O | O . . | X . .],9,0.6022,6,"[1, 2, 5, 6, 8, 9]",-0.249,-0.3545,,,-0.0369,0.0251,,-0.3065,0.6022,"(0, 0, -1, -1, 0, 0, 1, 0, 0)"
Node_00148,3,[. . X | . . O | . . O],5,0.6001,6,"[1, 2, 4, 5, 7, 8]",0.5347,0.3866,,0.2327,0.6001,,0.1716,0.2883,,"(0, 0, 1, 0, 0, -1, 0, 0, -1)"
Node_00149,3,[. . . | O . . | X O .],5,0.5925,6,"[1, 2, 3, 5, 6, 9]",-0.298,-0.2797,-0.2402,,0.5925,0.1165,,,0.1254,"(0, 0, 0, -1, 0, 0, 1, -1, 0)"
Node_00150,3,[. X . | . O . | . O .],1,0.5874,6,"[1, 3, 4, 6, 7, 9]",0.5874,,0.175,-0.3632,,-0.3244,-0.0436,,-0.1837,"(0, 1, 0, 0, -1, 0, 0, -1, 0)"
Node_00151,3,[. . . | . O O | . . X],4,0.5847,6,"[1, 2, 3, 4, 7, 8]",-0.9821,-0.8875,-0.7797,0.5847,,,-0.5488,-0.8684,,"(0, 0, 0, 0, -1, -1, 0, 0, 1)"
Node_00152,3,[O X O | . . . | . . .],5,0.5816,6,"[4, 5, 6, 7, 8, 9]",,,,-0.2025,0.5816,-0.4314,-0.0536,-0.1578,-0.1204,"(-1, 1, -1, 0, 0, 0, 0, 0, 0)"
Node_00153,3,[X O . | . . O | . . .],5,0.5797,6,"[3, 4, 5, 7, 8, 9]",,,-0.2937,-0.059,0.5797,,0.4134,-0.3173,0.3076,"(1, -1, 0, 0, 0, -1, 0, 0, 0)"
Node_00154,3,[. . O | . X . | O . .],8,0.5692,6,"[1, 2, 4, 6, 8, 9]",-0.5569,0.0019,,-0.1185,,0.0671,,0.5692,-0.5649,"(0, 0, -1, 0, 1, 0, -1, 0, 0)"
Node_00155,3,[O . . | . X . | . . O],2,0.5662,6,"[2, 3, 4, 6, 7, 8]",,0.5662,-0.183,0.3554,,0.2835,-0.3166,0.0834,,"(-1, 0, 0, 0, 1, 0, 0, 0, -1)"
Node_00156,3,[O . . | . . . | . X O],5,0.5607,6,"[2, 3, 4, 5, 6, 7]",,-0.0303,-0.5572,-0.2973,0.5607,-0.69,-0.2507,,,"(-1, 0, 0, 0, 0, 0, 0, 1, -1)"
Node_00157,3,[. X O | . . . | O . .],5,0.559,6,"[1, 4, 5, 6, 8, 9]",-0.3807,,,-0.7093,0.559,-0.6022,,-0.3128,-0.2164,"(0, 1, -1, 0, 0, 0, -1, 0, 0)"
Node_00158,3,[. O . | . . X | O . .],9,0.5554,6,"[1, 3, 4, 5, 8, 9]",0.1533,,-0.0997,0.1679,0.1068,,,-0.4675,0.5554,"(0, -1, 0, 0, 0, 1, -1, 0, 0)"
Node_00159,3,[. . O | . . X | . O .],5,0.552,6,"[1, 2, 4, 5, 7, 9]",-0.0802,-0.3693,,-0.1747,0.552,,-0.2678,,-0.2873,"(0, 0, -1, 0, 0, 1, 0, -1, 0)"
Node_00160,3,[. . . | . . O | O X .],5,0.5507,6,"[1, 2, 3, 4, 5, 9]",-0.322,-0.0165,-0.2882,-0.5076,0.5507,,,,-0.489,"(0, 0, 0, 0, 0, -1, -1, 1, 0)"
Node_00161,3,[. X . | O . . | . . O],5,0.5429,6,"[1, 3, 5, 6, 7, 8]",0.1568,,-0.1417,,0.5429,-0.4381,-0.0732,0.0262,,"(0, 1, 0, -1, 0, 0, 0, 0, -1)"
Node_00162,3,[O X . | . . . | . . O],5,0.5428,6,"[3, 4, 5, 6, 7, 8]",,,-0.2919,-0.8489,0.5428,-0.3627,-0.556,-0.2312,,"(-1, 1, 0, 0, 0, 0, 0, 0, -1)"
Node_00163,3,[. . . | O . . | . O X],5,0.5413,6,"[1, 2, 3, 5, 6, 7]",0.1379,-0.0508,0.3825,,0.5413,-0.021,0.26,,,"(0, 0, 0, -1, 0, 0, 0, -1, 1)"
Node_00164,3,[O . X | . . . | . O .],9,0.5314,6,"[2, 4, 5, 6, 7, 9]",,-0.6214,,-0.5505,0.2343,0.0182,-0.3491,,0.5314,"(-1, 0, 1, 0, 0, 0, 0, -1, 0)"
Node_00165,3,[. O . | . . O | X . .],9,0.529,6,"[1, 3, 4, 5, 8, 9]",0.2193,,0.2424,-0.3024,-0.1387,,,0.1327,0.529,"(0, -1, 0, 0, 0, -1, 1, 0, 0)"
Node_00166,3,[. O . | X . . | O . .],5,0.5218,6,"[1, 3, 5, 6, 8, 9]",-0.5802,,-0.3939,,0.5218,-0.3361,,-0.3922,-0.3092,"(0, -1, 0, 1, 0, 0, -1, 0, 0)"
Node_00167,3,[. O X | . . . | O . .],9,0.5191,6,"[1, 4, 5, 6, 8, 9]",-0.1803,,,-0.2077,-0.2502,-0.3491,,-0.4049,0.5191,"(0, -1, 1, 0, 0, 0, -1, 0, 0)"
Node_00168,3,[. X O | O . . | . . .],5,0.5149,6,"[1, 5, 6, 7, 8, 9]",-0.3631,,,,0.5149,-0.5123,0.1485,-0.4466,-0.0218,"(0, 1, -1, -1, 0, 0, 0, 0, 0)"
Node_00169,3,[O . . | O X . | . . .],7,0.4927,6,"[2, 3, 6, 7, 8, 9]",,-0.1882,-0.5338,,,-0.5641,0.4927,-0.2797,-0.8267,"(-1, 0, 0, -1, 1, 0, 0, 0, 0)"
Node_00170,3,[O . . | . X . | O . .],4,0.4851,6,"[2, 3, 4, 6, 8, 9]",,-0.3784,-0.9173,0.4851,,-0.2947,,-0.7617,-0.6359,"(-1, 0, 0, 0, 1, 0, -1, 0, 0)"
Node_00171,3,[. X . | . . O | O . .],5,0.4799,6,"[1, 3, 4, 5, 8, 9]",-0.2251,,-0.0169,-0.2944,0.4799,,,0.2963,0.1332,"(0, 1, 0, 0, 0, -1, -1, 0, 0)"
Node_00172,3,[. . X | . O . | . O .],2,0.4757,6,"[1, 2, 4, 6, 7, 9]",-0.4935,0.4757,,-0.5256,,-0.2693,-0.6284,,-0.4999,"(0, 0, 1, 0, -1, 0, 0, -1, 0)"
Node_00173,3,[. O . | . X O | . . .],3,0.4676,6,"[1, 3, 4, 7, 8, 9]",-0.1185,,0.4676,-0.6377,,,-0.2973,-0.8726,-0.1447,"(0, -1, 0, 0, 1, -1, 0, 0, 0)"
Node_00174,3,[. . . | O O . | . . X],6,0.4674,6,"[1, 2, 3, 6, 7, 8]",-0.985,-0.8332,-0.5896,,,0.4674,-0.4144,-0.038,,"(0, 0, 0, -1, -1, 0, 0, 0, 1)"
Node_00175,3,[. . . | . X . | O . O],8,0.4668,6,"[1, 2, 3, 4, 6, 8]",-0.2764,-0.3851,-0.7994,-0.8277,,-0.4561,,0.4668,,"(0, 0, 0, 0, 1, 0, -1, 0, -1)"
Node_00176,3,[. O . | O X . | . . .],1,0.4621,6,"[1, 3, 6, 7, 8, 9]",0.4621,,-0.0332,,,-0.7155,-0.2495,-0.0147,0.0116,"(0, -1, 0, -1, 1, 0, 0, 0, 0)"
Node_00177,3,[. . . | O X . | O . .],1,0.4568,6,"[1, 2, 3, 6, 8, 9]",0.4568,-0.2785,-0.1962,,,-0.8328,,-0.5595,-0.6789,"(0, 0, 0, -1, 1, 0, -1, 0, 0)"
Node_00178,3,[O . . | . . X | . O .],5,0.4558,6,"[2, 3, 4, 5, 7, 9]",,-0.0536,0.3884,-0.1988,0.4558,,-0.3158,,0.059,"(-1, 0, 0, 0, 0, 1, 0, -1, 0)"
Node_00179,3,[O . . | . X O | . . .],8,0.4501,6,"[2, 3, 4, 7, 8, 9]",,-0.0704,-0.0321,-0.8308,,,-0.3206,0.4501,-0.2836,"(-1, 0, 0, 0, 1, -1, 0, 0, 0)"
Node_00180,3,[X . . | . . O | O . .],2,0.4409,6,"[2, 3, 4, 5, 8, 9]",,0.4409,0.4087,-0.1477,0.3178,,,-0.0235,0.2351,"(1, 0, 0, 0, 0, -1, -1, 0, 0)"
Node_00181,3,[O . . | . X . | . O .],6,0.4265,6,"[2, 3, 4, 6, 7, 9]",,0.0187,0.1729,0.1413,,0.4265,-0.1595,,-0.1713,"(-1, 0, 0, 0, 1, 0, 0, -1, 0)"
Node_00182,3,[X O . | . . . | O . .],5,0.4235,6,"[3, 4, 5, 6, 8, 9]",,,-0.1952,0.0236,0.4235,-0.1684,,-0.3347,-0.221,"(1, -1, 0, 0, 0, 0, -1, 0, 0)"
Node_00183,3,[X . . | O O . | . . .],6,0.4219,6,"[2, 3, 6, 7, 8, 9]",,-0.6449,-0.7159,,,0.4219,-0.9069,-0.8048,-0.8994,"(1, 0, 0, -1, -1, 0, 0, 0, 0)"
Node_00184,3,[X . . | . O . | . . O],7,0.4072,6,"[2, 3, 4, 6, 7, 8]",,-0.4156,-0.1948,-0.6622,,-0.6795,0.4072,-0.805,,"(1, 0, 0, 0, -1, 0, 0, 0, -1)"
Node_00185,3,[. X . | O . . | . O .],1,0.4065,6,"[1, 3, 5, 6, 7, 9]",0.4065,,-0.0085,,-0.0779,-0.4479,-0.2498,,-0.3119,"(0, 1, 0, -1, 0, 0, 0, -1, 0)"
Node_00186,3,[. . O | . X . | . . O],6,0.4049,6,"[1, 2, 4, 6, 7, 8]",-0.8595,-0.701,,-0.2547,,0.4049,-0.3935,-0.8153,,"(0, 0, -1, 0, 1, 0, 0, 0, -1)"
Node_00187,3,[. . O | . . . | O X .],5,0.4012,6,"[1, 2, 4, 5, 6, 9]",-0.3543,-0.3409,,-0.4089,0.4012,-0.623,,,-0.1958,"(0, 0, -1, 0, 0, 0, -1, 1, 0)"
Node_00188,3,[. . . | O . . | . X O],5,0.3885,6,"[1, 2, 3, 5, 6, 7]",-0.4486,-0.3214,0.0391,,0.3885,-0.4614,-0.4228,,,"(0, 0, 0, -1, 0, 0, 0, 1, -1)"
Node_00189,3,[. . . | O O X | . . .],3,0.3849,6,"[1, 2, 3, 7, 8, 9]",-0.0298,-0.4732,0.3849,,,,-0.1475,-0.5171,0.2464,"(0, 0, 0, -1, -1, 1, 0, 0, 0)"
Node_00190,3,[. . . | . X O | . O .],7,0.3822,6,"[1, 2, 3, 4, 7, 9]",0.0824,-0.7774,0.0839,-0.0855,,,0.3822,,0.1016,"(0, 0, 0, 0, 1, -1, 0, -1, 0)"
Node_00191,3,[. . . | . X O | O . .],8,0.3799,6,"[1, 2, 3, 4, 8, 9]",-0.4094,-0.1934,-0.2033,-0.0942,,,,0.3799,-0.2854,"(0, 0, 0, 0, 1, -1, -1, 0, 0)"
Node_00192,3,[. . . | . . O | . X O],3,0.3779,6,"[1, 2, 3, 4, 5, 7]",-0.612,-0.2919,0.3779,-0.7358,-0.4732,,-0.6942,,,"(0, 0, 0, 0, 0, -1, 0, 1, -1)"
Node_00193,3,[. . X | O O . | . . .],6,0.3754,6,"[1, 2, 6, 7, 8, 9]",-0.4157,-0.3928,,,,0.3754,-0.743,-0.8312,-0.4979,"(0, 0, 1, -1, -1, 0, 0, 0, 0)"
Node_00194,3,[. O . | O . X | . . .],7,0.3734,6,"[1, 3, 5, 7, 8, 9]",-0.0647,,0.0829,,0.1164,,0.3734,-0.231,-0.1484,"(0, -1, 0, -1, 0, 1, 0, 0, 0)"
Node_00195,3,[O . . | . . . | X O .],5,0.3677,6,"[2, 3, 4, 5, 6, 9]",,-0.0071,-0.3307,-0.4306,0.3677,-0.4391,,,-0.232,"(-1, 0, 0, 0, 0, 0, 1, -1, 0)"
Node_00196,3,[. O O | . X . | . . .],1,0.3421,6,"[1, 4, 6, 7, 8, 9]",0.3421,,,-0.341,,-0.7051,-0.8078,-0.7437,-0.4356,"(0, -1, -1, 0, 1, 0, 0, 0, 0)"
Node_00197,3,[. . O | . O . | X . .],9,0.3359,6,"[1, 2, 4, 6, 8, 9]",0.0029,-0.7698,,-0.1838,,-0.4124,,-0.3404,0.3359,"(0, 0, -1, 0, -1, 0, 1, 0, 0)"
Node_00198,3,[. O . | . . . | X . O],5,0.3286,6,"[1, 3, 4, 5, 6, 8]",0.0838,,-0.1478,0.0899,0.3286,-0.1456,,-0.0064,,"(0, -1, 0, 0, 0, 0, 1, 0, -1)"
Node_00199,3,[. . . | . X O | . . O],3,0.3259,6,"[1, 2, 3, 4, 7, 8]",-0.6417,-0.1476,0.3259,-0.6734,,,-0.2252,-0.4709,,"(0, 0, 0, 0, 1, -1, 0, 0, -1)"
Node_00200,3,[O . . | X . . | O . .],5,0.3229,6,"[2, 3, 5, 6, 8, 9]",,-0.3235,-0.1586,,0.3229,-0.1412,,-0.1008,-0.1524,"(-1, 0, 0, 1, 0, 0, -1, 0, 0)"
Node_00201,3,[O . O | . X . | . . .],2,0.3167,6,"[2, 4, 6, 7, 8, 9]",,0.3167,,-0.3372,,-0.592,-0.6106,-0.2067,-0.8484,"(-1, 0, -1, 0, 1, 0, 0, 0, 0)"
Node_00202,3,[. . O | . . . | X O .],1,0.3145,6,"[1, 2, 4, 5, 6, 9]",0.3145,-0.1256,,-0.3749,-0.0721,-0.2857,,,-0.2353,"(0, 0, -1, 0, 0, 0, 1, -1, 0)"
Node_00203,3,[X . . | . O . | . O .],2,0.302,6,"[2, 3, 4, 6, 7, 9]",,0.302,-0.6379,-0.5184,,-0.74,-0.1865,,-0.9024,"(1, 0, 0, 0, -1, 0, 0, -1, 0)"
Node_00204,3,[O . . | X . . | . . O],5,0.2937,6,"[2, 3, 5, 6, 7, 8]",,-0.5331,-0.4812,,0.2937,-0.017,-0.1533,-0.1852,,"(-1, 0, 0, 1, 0, 0, 0, 0, -1)"
Node_00205,3,[. . O | . X O | . . .],9,0.2914,6,"[1, 2, 4, 7, 8, 9]",-0.3242,-0.2561,,-0.9344,,,-0.8484,-0.4634,0.2914,"(0, 0, -1, 0, 1, -1, 0, 0, 0)"
Node_00206,3,[O . . | . . . | X . O],5,0.2824,6,"[2, 3, 4, 5, 6, 8]",,-0.3897,0.0462,-0.6476,0.2824,-0.4689,,-0.2777,,"(-1, 0, 0, 0, 0, 0, 1, 0, -1)"
Node_00207,3,[. O O | . . . | . X .],9,0.2777,6,"[1, 4, 5, 6, 7, 9]",-0.3206,,,-0.6247,-0.5862,-0.3439,-0.2575,,0.2777,"(0, -1, -1, 0, 0, 0, 0, 1, 0)"
Node_00208,3,[. . O | O X . | . . .],2,0.2656,6,"[1, 2, 6, 7, 8, 9]",-0.1494,0.2656,,,,-0.7462,-0.2079,-0.0762,-0.2265,"(0, 0, -1, -1, 1, 0, 0, 0, 0)"
Node_00209,3,[O . . | . . . | . O X],7,0.2635,6,"[2, 3, 4, 5, 6, 7]",,-0.3118,0.0048,-0.149,-0.2815,0.1611,0.2635,,,"(-1, 0, 0, 0, 0, 0, 0, -1, 1)"
Node_00210,3,[. . O | . O . | . . X],7,0.2573,6,"[1, 2, 4, 6, 7, 8]",-0.9559,-0.6036,,-0.7392,,-0.8603,0.2573,-0.3216,,"(0, 0, -1, 0, -1, 0, 0, 0, 1)"
Node_00211,3,[X . . | . O . | O . .],3,0.2494,6,"[2, 3, 4, 6, 8, 9]",,-0.6595,0.2494,-0.9158,,-0.8344,,-0.7148,-0.701,"(1, 0, 0, 0, -1, 0, -1, 0, 0)"
Node_00212,3,[. . X | . O O | . . .],4,0.2483,6,"[1, 2, 4, 7, 8, 9]",-0.3665,-0.743,,0.2483,,,-0.9789,-0.6093,-0.7356,"(0, 0, 1, 0, -1, -1, 0, 0, 0)"
Node_00213,3,[. . X | . . O | O . .],1,0.2458,6,"[1, 2, 4, 5, 8, 9]",0.2458,0.0464,,0.0731,0.1153,,,-0.262,-0.3171,"(0, 0, 1, 0, 0, -1, -1, 0, 0)"
Node_00214,3,[. . . | . O O | X . .],4,0.2429,6,"[1, 2, 3, 4, 8, 9]",-0.3352,-0.7271,-0.8645,0.2429,,,,-0.5365,-0.5987,"(0, 0, 0, 0, -1, -1, 1, 0, 0)"
Node_00215,3,[. O X | . . O | . . .],5,0.2399,6,"[1, 4, 5, 7, 8, 9]",-0.3451,,,-0.0859,0.2399,,0.198,0.0589,-0.095,"(0, -1, 1, 0, 0, -1, 0, 0, 0)"
Node_00216,3,[O . X | . . O | . . .],5,0.2313,6,"[2, 4, 5, 7, 8, 9]",,-0.4734,,-0.1161,0.2313,,-0.2536,-0.041,-0.043,"(-1, 0, 1, 0, 0, -1, 0, 0, 0)"
Node_00217,3,[O . X | . O . | . . .],9,0.2306,6,"[2, 4, 6, 7, 8, 9]",,-0.8212,,-0.911,,-0.716,-0.7949,-0.7598,0.2306,"(-1, 0, 1, 0, -1, 0, 0, 0, 0)"
Node_00218,3,[. . . | X . O | . O .],1,0.2293,6,"[1, 2, 3, 5, 7, 9]",0.2293,-0.33,0.01,,0.0392,,0.1236,,-0.1178,"(0, 0, 0, 1, 0, -1, 0, -1, 0)"
Node_00219,3,[. . . | X . . | . O O],7,0.2242,6,"[1, 2, 3, 5, 6, 7]",0.0438,-0.4649,-0.2294,,0.0264,-0.3294,0.2242,,,"(0, 0, 0, 1, 0, 0, 0, -1, -1)"
Node_00220,3,[. . . | O . X | . O .],5,0.223,6,"[1, 2, 3, 5, 7, 9]",-0.2919,-0.354,0.0436,,0.223,,-0.424,,0.0784,"(0, 0, 0, -1, 0, 1, 0, -1, 0)"
Node_00221,3,[. . . | . . . | O O X],3,0.2068,6,"[1, 2, 3, 4, 5, 6]",0.1244,0.1034,0.2068,0.0838,0.1329,0.0133,,,,"(0, 0, 0, 0, 0, 0, -1, -1, 1)"
Node_00222,3,[. . O | X . O | . . .],9,0.2054,6,"[1, 2, 5, 7, 8, 9]",-0.1309,-0.6596,,,-0.6017,,-0.2517,-0.6596,0.2054,"(0, 0, -1, 1, 0, -1, 0, 0, 0)"
Node_00223,3,[. O . | . . X | . . O],5,0.1995,6,"[1, 3, 4, 5, 7, 8]",-0.2153,,-0.3181,-0.1101,0.1995,,-0.1985,-0.3756,,"(0, -1, 0, 0, 0, 1, 0, 0, -1)"
Node_00224,3,[. . . | . O . | . O X],2,0.1986,6,"[1, 2, 3, 4, 6, 7]",-0.9855,0.1986,-0.8545,-0.7434,,-0.7403,-0.7602,,,"(0, 0, 0, 0, -1, 0, 0, -1, 1)"
Node_00225,3,[X . . | O . . | . . O],2,0.1967,6,"[2, 3, 5, 6, 7, 8]",,0.1967,0.1225,,-0.0083,-0.3146,0.0099,0.069,,"(1, 0, 0, -1, 0, 0, 0, 0, -1)"
Node_00226,3,[O O . | . X . | . . .],3,0.1911,6,"[3, 4, 6, 7, 8, 9]",,,0.1911,-0.4312,,0.1356,-0.5543,-0.7095,-0.6892,"(-1, -1, 0, 0, 1, 0, 0, 0, 0)"
Node_00227,3,[X . . | . O O | . . .],4,0.1888,6,"[2, 3, 4, 7, 8, 9]",,-0.4946,-0.5157,0.1888,,,-0.5361,-0.5122,-0.9631,"(1, 0, 0, 0, -1, -1, 0, 0, 0)"
Node_00228,3,[. O . | . O . | . . X],8,0.1838,6,"[1, 3, 4, 6, 7, 8]",-0.9307,,-0.7273,-0.4722,,-0.407,-0.5373,0.1838,,"(0, -1, 0, 0, -1, 0, 0, 0, 1)"
Node_00229,3,[O . . | . O . | X . .],9,0.178,6,"[2, 3, 4, 6, 8, 9]",,-0.7746,-0.9697,-0.9023,,-0.8108,,-0.739,0.178,"(-1, 0, 0, 0, -1, 0, 1, 0, 0)"
Node_00230,3,[. O . | . . . | O . X],3,0.1723,6,"[1, 3, 4, 5, 6, 8]",-0.111,,0.1723,0.0793,0.0665,0.0876,,-0.2407,,"(0, -1, 0, 0, 0, 0, -1, 0, 1)"
Node_00231,3,[O . . | O . X | . . .],3,0.1692,6,"[2, 3, 5, 7, 8, 9]",,-0.3374,0.1692,,-0.351,,-0.0027,-0.5695,-0.0798,"(-1, 0, 0, -1, 0, 1, 0, 0, 0)"
Node_00232,3,[. . X | . O . | O . .],1,0.1617,6,"[1, 2, 4, 6, 8, 9]",0.1617,-0.2676,,-0.4529,,-0.5729,,-0.5076,-0.3132,"(0, 0, 1, 0, -1, 0, -1, 0, 0)"
Node_00233,3,[O . . | . . O | . X .],5,0.1512,6,"[2, 3, 4, 5, 7, 9]",,-0.0975,-0.1972,-0.5295,0.1512,,-0.0724,,-0.0047,"(-1, 0, 0, 0, 0, -1, 0, 1, 0)"
Node_00234,3,[. O . | . X . | . . O],3,0.1492,6,"[1, 3, 4, 6, 7, 8]",-0.1378,,0.1492,0.0137,,0.1345,-0.2928,-0.9371,,"(0, -1, 0, 0, 1, 0, 0, 0, -1)"
Node_00235,3,[X . O | . O . | . . .],7,0.1487,6,"[2, 4, 6, 7, 8, 9]",,-0.7822,,-0.7624,,-0.7269,0.1487,-0.559,-0.9343,"(1, 0, -1, 0, -1, 0, 0, 0, 0)"
Node_00236,3,[X O . | . . . | . . O],5,0.1397,6,"[3, 4, 5, 6, 7, 8]",,,-0.3109,-0.2196,0.1397,-0.3687,0.0859,-0.1415,,"(1, -1, 0, 0, 0, 0, 0, 0, -1)"
Node_00237,3,[. . . | . O . | X . O],1,0.133,6,"[1, 2, 3, 4, 6, 8]",0.133,-0.5998,-0.9252,-0.4919,,-0.9328,,-0.7821,,"(0, 0, 0, 0, -1, 0, 1, 0, -1)"
Node_00238,3,[. O O | . . X | . . .],4,0.1254,6,"[1, 4, 5, 7, 8, 9]",-0.1816,,,0.1254,-0.0746,,-0.4494,-0.4902,-0.3545,"(0, -1, -1, 0, 0, 1, 0, 0, 0)"
Node_00239,3,[. . X | O . . | . . O],2,0.1192,6,"[1, 2, 5, 6, 7, 8]",0.0594,0.1192,,,0.0493,-0.3482,-0.0183,0.009,,"(0, 0, 1, -1, 0, 0, 0, 0, -1)"
Node_00240,3,[. O . | . . O | . X .],7,0.1154,6,"[1, 3, 4, 5, 7, 9]",-0.3043,,-0.2111,-0.1434,0.1061,,0.1154,,-0.0399,"(0, -1, 0, 0, 0, -1, 0, 1, 0)"
Node_00241,3,[. . O | . X . | . O .],4,0.1086,6,"[1, 2, 4, 6, 7, 9]",-0.4115,-0.56,,0.1086,,-0.1539,-0.2539,,-0.0398,"(0, 0, -1, 0, 1, 0, 0, -1, 0)"
Node_00242,3,[. O X | . O . | . . .],8,0.0979,6,"[1, 4, 6, 7, 8, 9]",-0.6227,,,-0.8878,,-0.7616,-0.6561,0.0979,-0.5142,"(0, -1, 1, 0, -1, 0, 0, 0, 0)"
Node_00243,3,[. O . | . . . | . X O],3,0.0962,6,"[1, 3, 4, 5, 6, 7]",-0.2201,,0.0962,-0.5039,-0.2799,-0.5012,-0.0911,,,"(0, -1, 0, 0, 0, 0, 0, 1, -1)"
Node_00244,3,[X . . | . . . | O . O],8,0.0834,6,"[2, 3, 4, 5, 6, 8]",,-0.2574,-0.0384,-0.5374,-0.4266,-0.4016,,0.0834,,"(1, 0, 0, 0, 0, 0, -1, 0, -1)"
Node_00245,3,[. O . | X . O | . . .],1,0.0797,6,"[1, 3, 5, 7, 8, 9]",0.0797,,-0.0538,,-0.3286,,0.0552,-0.0862,-0.0461,"(0, -1, 0, 1, 0, -1, 0, 0, 0)"
Node_00246,3,[. X . | . . O | . O .],3,0.0712,6,"[1, 3, 4, 5, 7, 9]",-0.0585,,0.0712,-0.127,-0.0189,,-0.3752,,0.0686,"(0, 1, 0, 0, 0, -1, 0, -1, 0)"
Node_00247,3,[. . . | O X . | . . O],8,0.0582,6,"[1, 2, 3, 6, 7, 8]",-0.2542,-0.0093,-0.2526,,,-0.8127,-0.2836,0.0582,,"(0, 0, 0, -1, 1, 0, 0, 0, -1)"
Node_00248,3,[. . O | . . . | . O X],5,0.0533,6,"[1, 2, 4, 5, 6, 7]",-0.1975,-0.0414,,-0.3767,0.0533,-0.3322,-0.3256,,,"(0, 0, -1, 0, 0, 0, 0, -1, 1)"
Node_00249,3,[. . . | X . O | . . O],3,0.0506,6,"[1, 2, 3, 5, 7, 8]",-0.1606,-0.6022,0.0506,,-0.5111,,-0.287,-0.5738,,"(0, 0, 0, 1, 0, -1, 0, 0, -1)"
Node_00250,3,[O X . | . . . | . O .],7,0.0501,6,"[3, 4, 5, 6, 7, 9]",,,-0.3593,-0.3954,-0.4137,-0.5292,0.0501,,-0.4487,"(-1, 1, 0, 0, 0, 0, 0, -1, 0)"
Node_00251,3,[. . . | X . . | O O .],5,0.0408,6,"[1, 2, 3, 5, 6, 9]",-0.2222,-0.5042,-0.3887,,0.0408,-0.0212,,,-0.1325,"(0, 0, 0, 1, 0, 0, -1, -1, 0)"
Node_00252,3,[. . . | . O . | O . X],3,0.0257,6,"[1, 2, 3, 4, 6, 8]",-0.9742,-0.8208,0.0257,-0.8715,,-0.6136,,-0.7231,,"(0, 0, 0, 0, -1, 0, -1, 0, 1)"
Node_00253,3,[. X O | . . O | . . .],5,0.0257,6,"[1, 4, 5, 7, 8, 9]",-0.4144,,,-0.2475,0.0257,,-0.3881,-0.3441,-0.3361,"(0, 1, -1, 0, 0, -1, 0, 0, 0)"
Node_00254,3,[X O . | O . . | . . .],5,0.014,6,"[3, 5, 6, 7, 8, 9]",,,-0.0864,,0.014,-0.1329,-0.3545,-0.0761,-0.1084,"(1, -1, 0, -1, 0, 0, 0, 0, 0)"
Node_00255,3,[X . O | O . . | . . .],5,0.0131,6,"[2, 5, 6, 7, 8, 9]",,-0.314,,,0.0131,-0.1864,-0.4099,-0.2331,-0.1054,"(1, 0, -1, -1, 0, 0, 0, 0, 0)"
Node_00256,3,[O . . | . O . | . . X],3,0.0027,6,"[2, 3, 4, 6, 7, 8]",,-0.671,0.0027,-0.72,,-0.5445,-0.1687,-0.4914,,"(-1, 0, 0, 0, -1, 0, 0, 0, 1)"
Node_00257,3,[. . O | X . . | . . O],1,-0.0091,6,"[1, 2, 5, 6, 7, 8]",-0.0091,-0.4072,,,-0.3646,-0.0718,-0.1329,-0.4992,,"(0, 0, -1, 1, 0, 0, 0, 0, -1)"
Node_00258,3,[O X . | . . O | . . .],5,-0.0294,6,"[3, 4, 5, 7, 8, 9]",,,-0.4128,-0.3202,-0.0294,,-0.4371,-0.2057,-0.3031,"(-1, 1, 0, 0, 0, -1, 0, 0, 0)"
Node_00259,3,[. . . | X . O | O . .],5,-0.0307,6,"[1, 2, 3, 5, 8, 9]",-0.3864,-0.1766,-0.0916,,-0.0307,,,-0.5177,-0.1508,"(0, 0, 0, 1, 0, -1, -1, 0, 0)"
Node_00260,3,[. . . | O . . | X . O],5,-0.0333,6,"[1, 2, 3, 5, 6, 8]",-0.1439,-0.3309,-0.2721,,-0.0333,-0.09,,-0.6711,,"(0, 0, 0, -1, 0, 0, 1, 0, -1)"
Node_00261,3,[. . O | . . . | O . X],5,-0.0412,6,"[1, 2, 4, 5, 6, 8]",-0.2831,-0.4047,,-0.4347,-0.0412,-0.5262,,-0.7258,,"(0, 0, -1, 0, 0, 0, -1, 0, 1)"
Node_00262,3,[. X . | . . . | . O O],7,-0.0522,6,"[1, 3, 4, 5, 6, 7]",-0.4012,,-0.5888,-0.6161,-0.5342,-0.3724,-0.0522,,,"(0, 1, 0, 0, 0, 0, 0, -1, -1)"
Node_00263,3,[. O . | . . . | O X .],1,-0.0577,6,"[1, 3, 4, 5, 6, 9]",-0.0577,,-0.3576,-0.4387,-0.3652,-0.5542,,,-0.5909,"(0, -1, 0, 0, 0, 0, -1, 1, 0)"
Node_00264,3,[. X . | . . . | O O .],9,-0.0604,6,"[1, 3, 4, 5, 6, 9]",-0.0948,,-0.2888,-0.5782,-0.3681,-0.5677,,,-0.0604,"(0, 1, 0, 0, 0, 0, -1, -1, 0)"
Node_00265,3,[O . X | . . . | . . O],7,-0.0678,6,"[2, 4, 5, 6, 7, 8]",,-0.4295,,-0.4859,-0.1379,-0.4259,-0.0678,-0.3288,,"(-1, 0, 1, 0, 0, 0, 0, 0, -1)"
Node_00266,3,[O . . | . . X | O . .],4,-0.0699,6,"[2, 3, 4, 5, 8, 9]",,-0.6312,-0.4917,-0.0699,-0.4893,,,-0.4982,-0.4417,"(-1, 0, 0, 0, 0, 1, -1, 0, 0)"
Node_00267,3,[. . O | O . X | . . .],1,-0.0788,6,"[1, 2, 5, 7, 8, 9]",-0.0788,-0.4694,,,-0.1105,,-0.2468,-0.3564,-0.3337,"(0, 0, -1, -1, 0, 1, 0, 0, 0)"
Node_00268,3,[O . . | X . O | . . .],3,-0.0802,6,"[2, 3, 5, 7, 8, 9]",,-0.455,-0.0802,,-0.1432,,-0.1857,-0.3891,-0.1604,"(-1, 0, 0, 1, 0, -1, 0, 0, 0)"
Node_00269,3,[. X . | . . . | O . O],5,-0.0852,6,"[1, 3, 4, 5, 6, 8]",-0.4499,,-0.6088,-0.4599,-0.0852,-0.6997,,-0.4614,,"(0, 1, 0, 0, 0, 0, -1, 0, -1)"
Node_00270,3,[. . . | O . . | O X .],3,-0.1062,6,"[1, 2, 3, 5, 6, 9]",-0.1453,-0.1282,-0.1062,,-0.269,-0.6401,,,-0.393,"(0, 0, 0, -1, 0, 0, -1, 1, 0)"
Node_00271,3,[O O . | . . . | . X .],9,-0.129,6,"[3, 4, 5, 6, 7, 9]",,,-0.2595,-0.4793,-0.3056,-0.4404,-0.281,,-0.129,"(-1, -1, 0, 0, 0, 0, 0, 1, 0)"
Node_00272,3,[O . . | X . . | . O .],7,-0.1299,6,"[2, 3, 5, 6, 7, 9]",,-0.4338,-0.6251,,-0.1827,-0.1473,-0.1299,,-0.1912,"(-1, 0, 0, 1, 0, 0, 0, -1, 0)"
Node_00273,3,[. . . | . . X | . O O],4,-0.1438,6,"[1, 2, 3, 4, 5, 7]",-0.4141,-0.3302,-0.3212,-0.1438,-0.2823,,-0.1663,,,"(0, 0, 0, 0, 0, 1, 0, -1, -1)"
Node_00274,3,[. X O | . . . | . O .],9,-0.1563,6,"[1, 4, 5, 6, 7, 9]",-0.3781,,,-0.4023,-0.2939,-0.4319,-0.3137,,-0.1563,"(0, 1, -1, 0, 0, 0, 0, -1, 0)"
Node_00275,3,[. . . | O . X | . . O],7,-0.1583,6,"[1, 2, 3, 5, 7, 8]",-0.4619,-0.4254,-0.5036,,-0.4741,,-0.1583,-0.5037,,"(0, 0, 0, -1, 0, 1, 0, 0, -1)"
Node_00276,3,[. O . | O . . | . X .],6,-0.1608,6,"[1, 3, 5, 6, 7, 9]",-0.4903,,-0.2243,,-0.2119,-0.1608,-0.2083,,-0.2335,"(0, -1, 0, -1, 0, 0, 0, 1, 0)"
Node_00277,3,[. . . | . O . | X O .],2,-0.1641,6,"[1, 2, 3, 4, 6, 9]",-0.4314,-0.1641,-0.9765,-0.5869,,-0.6645,,,-0.7541,"(0, 0, 0, 0, -1, 0, 1, -1, 0)"
Node_00278,3,[. . . | . . O | O . X],3,-0.1689,6,"[1, 2, 3, 4, 5, 8]",-0.2786,-0.3697,-0.1689,-0.2873,-0.2925,,,-0.3154,,"(0, 0, 0, 0, 0, -1, -1, 0, 1)"
Node_00279,3,[. O X | . . . | . . O],8,-0.1794,6,"[1, 4, 5, 6, 7, 8]",-0.3325,,,-0.2421,-0.2411,-0.7586,-0.4392,-0.1794,,"(0, -1, 1, 0, 0, 0, 0, 0, -1)"
Node_00280,3,[. . . | . . X | O . O],8,-0.1966,6,"[1, 2, 3, 4, 5, 8]",-0.7214,-0.7078,-0.6735,-0.5575,-0.5312,,,-0.1966,,"(0, 0, 0, 0, 0, 1, -1, 0, -1)"
Node_00281,3,[. . . | O O . | X . .],6,-0.2088,6,"[1, 2, 3, 6, 8, 9]",-0.9316,-0.6278,-0.9155,,,-0.2088,,-0.8177,-0.4353,"(0, 0, 0, -1, -1, 0, 1, 0, 0)"
Node_00282,3,[O . . | . O X | . . .],9,-0.2274,6,"[2, 3, 4, 7, 8, 9]",,-0.5727,-0.3513,-0.8523,,,-0.7172,-0.9342,-0.2274,"(-1, 0, 0, 0, -1, 1, 0, 0, 0)"
Node_00283,3,[. . O | . O . | . X .],7,-0.231,6,"[1, 2, 4, 6, 7, 9]",-0.56,-0.8224,,-0.6922,,-0.6606,-0.231,,-0.5583,"(0, 0, -1, 0, -1, 0, 0, 1, 0)"
Node_00284,3,[. . O | . . . | X . O],4,-0.2393,6,"[1, 2, 4, 5, 6, 8]",-0.7216,-0.759,,-0.2393,-0.7838,-0.7337,,-0.8355,,"(0, 0, -1, 0, 0, 0, 1, 0, -1)"
Node_00285,3,[. O O | . . . | . . X],6,-0.2655,6,"[1, 4, 5, 6, 7, 8]",-0.4498,,,-0.4205,-0.437,-0.2655,-0.432,-0.4165,,"(0, -1, -1, 0, 0, 0, 0, 0, 1)"
Node_00286,3,[. . O | X O . | . . .],7,-0.2944,6,"[1, 2, 6, 7, 8, 9]",-0.4103,-0.8058,,,,-0.7032,-0.2944,-0.6676,-0.5697,"(0, 0, -1, 1, -1, 0, 0, 0, 0)"
Node_00287,3,[O X . | O . . | . . .],7,-0.2986,6,"[3, 5, 6, 7, 8, 9]",,,-0.3538,,-0.33,-0.4666,-0.2986,-0.3284,-0.7076,"(-1, 1, 0, -1, 0, 0, 0, 0, 0)"
Node_00288,3,[. X O | . . . | . . O],5,-0.2991,6,"[1, 4, 5, 6, 7, 8]",-0.4197,,,-0.4902,-0.2991,-0.3587,-0.6245,-0.3927,,"(0, 1, -1, 0, 0, 0, 0, 0, -1)"
Node_00289,3,[X O . | . O . | . . .],8,-0.304,6,"[3, 4, 6, 7, 8, 9]",,,-0.903,-0.5941,,-0.7543,-0.6575,-0.304,-0.8486,"(1, -1, 0, 0, -1, 0, 0, 0, 0)"
Node_00290,3,[O O . | . . . | X . .],3,-0.3263,6,"[3, 4, 5, 6, 8, 9]",,,-0.3263,-0.5236,-0.3812,-0.38,,-0.3826,-0.4878,"(-1, -1, 0, 0, 0, 0, 1, 0, 0)"
Node_00291,3,[. . X | . . . | . O O],4,-0.3275,6,"[1, 2, 4, 5, 6, 7]",-0.3591,-0.3883,,-0.3275,-0.3971,-0.5755,-0.3607,,,"(0, 0, 1, 0, 0, 0, 0, -1, -1)"
Node_00292,3,[. . X | . O . | . . O],1,-0.3289,6,"[1, 2, 4, 6, 7, 8]",-0.3289,-0.6592,,-0.5581,,-0.8931,-0.9189,-0.6423,,"(0, 0, 1, 0, -1, 0, 0, 0, -1)"
Node_00293,3,[. . . | . O X | . O .],9,-0.3294,6,"[1, 2, 3, 4, 7, 9]",-0.8848,-0.4628,-0.4295,-0.9361,,,-0.7764,,-0.3294,"(0, 0, 0, 0, -1, 1, 0, -1, 0)"
Node_00294,3,[. . . | O . X | O . .],9,-0.3587,6,"[1, 2, 3, 5, 8, 9]",-0.3683,-0.8143,-0.3721,,-0.7163,,,-0.6722,-0.3587,"(0, 0, 0, -1, 0, 1, -1, 0, 0)"
Node_00295,3,[. . O | . . . | . X O],5,-0.3634,6,"[1, 2, 4, 5, 6, 7]",-0.3778,-0.3692,,-0.4244,-0.3634,-0.3935,-0.6721,,,"(0, 0, -1, 0, 0, 0, 0, 1, -1)"
Node_00296,3,[. . . | X O . | . . O],1,-0.38,6,"[1, 2, 3, 6, 7, 8]",-0.38,-0.7409,-0.4722,,,-0.9825,-0.7042,-0.7473,,"(0, 0, 0, 1, -1, 0, 0, 0, -1)"
Node_00297,3,[X . . | . . . | O O .],3,-0.3844,6,"[2, 3, 4, 5, 6, 9]",,-0.4382,-0.3844,-0.481,-0.4319,-0.824,,,-0.4425,"(1, 0, 0, 0, 0, 0, -1, -1, 0)"
Node_00298,3,[O . O | . . . | . . X],7,-0.4036,6,"[2, 4, 5, 6, 7, 8]",,-0.7743,,-0.8918,-0.7904,-0.9312,-0.4036,-0.7885,,"(-1, 0, -1, 0, 0, 0, 0, 0, 1)"
Node_00299,3,[O . X | O . . | . . .],7,-0.4249,6,"[2, 5, 6, 7, 8, 9]",,-0.7135,,,-0.5038,-0.4789,-0.4249,-0.5851,-0.6584,"(-1, 0, 1, -1, 0, 0, 0, 0, 0)"
Node_00300,3,[O . . | . . . | O X .],2,-0.4276,6,"[2, 3, 4, 5, 6, 9]",,-0.4276,-0.5018,-0.6691,-0.4631,-0.5677,,,-0.4806,"(-1, 0, 0, 0, 0, 0, -1, 1, 0)"
Node_00301,3,[O X . | . . . | O . .],5,-0.4378,6,"[3, 4, 5, 6, 8, 9]",,,-0.5538,-0.5121,-0.4378,-0.4666,,-0.5434,-0.49,"(-1, 1, 0, 0, 0, 0, -1, 0, 0)"
Node_00302,3,[O . O | . . . | . X .],9,-0.4413,6,"[2, 4, 5, 6, 7, 9]",,-0.4688,,-0.5859,-0.4615,-0.9281,-0.4687,,-0.4413,"(-1, 0, -1, 0, 0, 0, 0, 1, 0)"
Node_00303,3,[. . . | O . . | O . X],1,-0.451,6,"[1, 2, 3, 5, 6, 8]",-0.451,-0.4984,-0.4768,,-0.553,-0.6439,,-0.7734,,"(0, 0, 0, -1, 0, 0, -1, 0, 1)"
Node_00304,3,[O . . | . O . | . X .],7,-0.4794,6,"[2, 3, 4, 6, 7, 9]",,-0.8265,-0.5686,-0.7931,,-0.7207,-0.4794,,-0.4931,"(-1, 0, 0, 0, -1, 0, 0, 1, 0)"
Node_00305,3,[. X . | . O . | O . .],3,-0.4802,6,"[1, 3, 4, 6, 8, 9]",-0.7106,,-0.4802,-0.7335,,-0.944,,-0.9256,-0.6369,"(0, 1, 0, 0, -1, 0, -1, 0, 0)"
Node_00306,3,[O . O | . . . | X . .],6,-0.5023,6,"[2, 4, 5, 6, 8, 9]",,-0.7454,,-0.6883,-0.6942,-0.5023,,-0.6667,-0.6945,"(-1, 0, -1, 0, 0, 0, 1, 0, 0)"
Node_00307,3,[. . . | . . O | X . O],5,-0.5109,6,"[1, 2, 3, 4, 5, 8]",-0.5983,-0.7679,-0.5397,-0.5308,-0.5109,,,-0.5495,,"(0, 0, 0, 0, 0, -1, 1, 0, -1)"
Node_00308,3,[. O . | X O . | . . .],9,-0.5186,6,"[1, 3, 6, 7, 8, 9]",-0.5491,,-0.8606,,,-0.725,-0.6391,-0.5372,-0.5186,"(0, -1, 0, 1, -1, 0, 0, 0, 0)"
Node_00309,3,[O O . | X . . | . . .],6,-0.5358,6,"[3, 5, 6, 7, 8, 9]",,,-0.5445,,-0.6129,-0.5358,-0.5767,-0.5625,-0.5568,"(-1, -1, 0, 1, 0, 0, 0, 0, 0)"
Node_00310,3,[. . O | . O X | . . .],7,-0.5482,6,"[1, 2, 4, 7, 8, 9]",-0.7762,-0.7731,,-0.9607,,,-0.5482,-0.7223,-0.9406,"(0, 0, -1, 0, -1, 1, 0, 0, 0)"
Node_00311,3,[O . . | . . . | O . X],4,-0.5529,6,"[2, 3, 4, 5, 6, 8]",,-0.6116,-0.6348,-0.5529,-0.6248,-0.5866,,-0.5588,,"(-1, 0, 0, 0, 0, 0, -1, 0, 1)"
Node_00312,3,[X . O | . . . | . . O],7,-0.5635,6,"[2, 4, 5, 6, 7, 8]",,-0.7423,,-0.5763,-0.6137,-0.7192,-0.5635,-0.7302,,"(1, 0, -1, 0, 0, 0, 0, 0, -1)"
Node_00313,3,[. X . | . O . | . . O],1,-0.5654,6,"[1, 3, 4, 6, 7, 8]",-0.5654,,-0.7229,-0.7181,,-0.9179,-0.6941,-0.9643,,"(0, 1, 0, 0, -1, 0, 0, 0, -1)"
Node_00314,3,[O . . | X O . | . . .],8,-0.5709,6,"[2, 3, 6, 7, 8, 9]",,-0.7714,-0.7071,,,-0.7965,-0.7472,-0.5709,-0.7025,"(-1, 0, 0, 1, -1, 0, 0, 0, 0)"
Node_00315,3,[X . O | . . . | O . .],4,-0.5777,6,"[2, 4, 5, 6, 8, 9]",,-0.6093,,-0.5777,-0.6174,-0.7131,,-0.5967,-0.5796,"(1, 0, -1, 0, 0, 0, -1, 0, 0)"
Node_00316,3,[. . X | . . . | O . O],1,-0.6064,6,"[1, 2, 4, 5, 6, 8]",-0.6064,-0.6136,,-0.64,-0.6096,-0.8822,,-0.6235,,"(0, 0, 1, 0, 0, 0, -1, 0, -1)"
Node_00317,3,[X . O | . . O | . . .],9,-0.6243,6,"[2, 4, 5, 7, 8, 9]",,-0.6353,,-0.6548,-0.6593,,-0.6603,-0.7994,-0.6243,"(1, 0, -1, 0, 0, -1, 0, 0, 0)"
Node_00318,3,[. X . | . O O | . . .],1,-0.6333,6,"[1, 3, 4, 7, 8, 9]",-0.6333,,-0.7805,-0.7683,,,-0.7563,-0.99,-0.8512,"(0, 1, 0, 0, -1, -1, 0, 0, 0)"
Node_00319,3,[. . . | . O X | O . .],1,-0.6337,6,"[1, 2, 3, 4, 8, 9]",-0.6337,-0.7838,-0.7368,-0.7304,,,,-0.8985,-0.7434,"(0, 0, 0, 0, -1, 1, -1, 0, 0)"
Node_00320,3,[. X . | O O . | . . .],3,-0.6714,6,"[1, 3, 6, 7, 8, 9]",-0.6967,,-0.6714,,,-0.6813,-0.6765,-0.7884,-0.9107,"(0, 1, 0, -1, -1, 0, 0, 0, 0)"
Node_00321,3,[. O . | . O X | . . .],8,-0.6824,6,"[1, 3, 4, 7, 8, 9]",-0.7014,,-0.7118,-0.812,,,-0.7123,-0.6824,-0.6974,"(0, -1, 0, 0, -1, 1, 0, 0, 0)"
Node_00322,3,[. . . | X . . | O . O],3,-0.683,6,"[1, 2, 3, 5, 6, 8]",-0.6928,-0.7128,-0.683,,-0.7089,-0.6846,,-0.7,,"(0, 0, 0, 1, 0, 0, -1, 0, -1)"
Node_00323,3,[. . . | . O . | O X .],9,-0.688,6,"[1, 2, 3, 4, 6, 9]",-0.8875,-0.9351,-0.7128,-0.8743,,-0.8703,,,-0.688,"(0, 0, 0, 0, -1, 0, -1, 1, 0)"
Node_00324,3,[. . . | . O O | . X .],4,-0.7086,6,"[1, 2, 3, 4, 7, 9]",-0.7892,-0.9067,-0.7914,-0.7086,,,-0.7766,,-0.7489,"(0, 0, 0, 0, -1, -1, 0, 1, 0)"
Node_00325,3,[O X . | . O . | . . .],4,-0.7165,6,"[3, 4, 6, 7, 8, 9]",,,-0.9155,-0.7165,,-0.8896,-0.8941,-0.9701,-0.8549,"(-1, 1, 0, 0, -1, 0, 0, 0, 0)"
Node_00326,3,[. . . | O O . | . X .],9,-0.7241,6,"[1, 2, 3, 6, 7, 9]",-0.8644,-0.9763,-0.8139,,,-0.7406,-0.7449,,-0.7241,"(0, 0, 0, -1, -1, 0, 0, 1, 0)"
Node_00327,3,[. . . | X O . | . O .],7,-0.7433,6,"[1, 2, 3, 6, 7, 9]",-0.747,-0.7479,-0.8187,,,-0.9248,-0.7433,,-0.7686,"(0, 0, 0, 1, -1, 0, 0, -1, 0)"
Node_00328,3,[. X O | . O . | . . .],1,-0.7539,6,"[1, 4, 6, 7, 8, 9]",-0.7539,,,-0.9528,,-0.9627,-0.9504,-0.96,-0.9538,"(0, 1, -1, 0, -1, 0, 0, 0, 0)"
Node_00329,3,[. . . | X O . | O . .],3,-0.7733,6,"[1, 2, 3, 6, 8, 9]",-0.9587,-0.9481,-0.7733,,,-0.9731,,-0.9501,-0.9495,"(0, 0, 0, 1, -1, 0, -1, 0, 0)"
Node_00330,3,[O . O | . . X | . . .],5,-0.7839,6,"[2, 4, 5, 7, 8, 9]",,-0.7879,,-0.79,-0.7839,,-0.7875,-0.9597,-0.9164,"(-1, 0, -1, 0, 0, 1, 0, 0, 0)"
Node_00331,3,[O . X | . . . | O . .],8,-0.7937,6,"[2, 4, 5, 6, 8, 9]",,-0.9109,,-0.7978,-0.8033,-0.8125,,-0.7937,-0.8124,"(-1, 0, 1, 0, 0, 0, -1, 0, 0)"
Node_00332,3,[O . O | X . . | . . .],5,-0.7951,6,"[2, 5, 6, 7, 8, 9]",,-0.813,,,-0.7951,-0.7985,-0.9095,-0.8222,-0.8918,"(-1, 0, -1, 1, 0, 0, 0, 0, 0)"
Node_00333,3,[. . . | . O . | . X O],4,-0.8425,6,"[1, 2, 3, 4, 6, 7]",-0.9299,-0.9559,-0.9274,-0.8425,,-0.923,-0.9356,,,"(0, 0, 0, 0, -1, 0, 0, 1, -1)"
Node_00334,3,[. . . | . O X | . . O],2,-0.9391,6,"[1, 2, 3, 4, 7, 8]",-0.9426,-0.9391,-0.9398,-0.9903,,,-0.9429,-0.9431,,"(0, 0, 0, 0, -1, 1, 0, 0, -1)"
Node_00335,4,[. . O | . X X | O . .],8,2.4018,5,"[1, 2, 4, 8, 9]",1.4172,1.594,,0.9015,,,,2.4018,0.9553,"(0, 0, -1, 0, 1, 1, -1, 0, 0)"
Node_00336,4,[O X . | . X . | . . O],7,2.3504,5,"[3, 4, 6, 7, 8]",,,1.3636,1.5235,,1.8498,2.3504,0.8332,,"(-1, 1, 0, 0, 1, 0, 0, 0, -1)"
Node_00337,4,[X . X | O . O | . . .],5,2.3297,5,"[2, 5, 7, 8, 9]",,0.9618,,,2.3297,,-0.0091,-0.6185,-0.0402,"(1, 0, 1, -1, 0, -1, 0, 0, 0)"
Node_00338,4,[X . . | O X O | . . .],3,2.2384,5,"[2, 3, 7, 8, 9]",,0.8315,2.2384,,,,0.7672,1.0949,0.5695,"(1, 0, 0, -1, 1, -1, 0, 0, 0)"
Node_00339,4,[O . . | . X . | . X O],3,2.23,5,"[2, 3, 4, 6, 7]",,0.9943,2.23,1.2186,,1.1467,1.0365,,,"(-1, 0, 0, 0, 1, 0, 0, 1, -1)"
Node_00340,4,[O . . | . X X | . . O],2,2.2267,5,"[2, 3, 4, 7, 8]",,2.2267,1.1635,0.6862,,,1.788,1.6003,,"(-1, 0, 0, 0, 1, 1, 0, 0, -1)"
Node_00341,4,[X O . | . X . | . O .],7,2.217,5,"[3, 4, 6, 7, 9]",,,0.5894,0.9608,,1.0047,2.217,,0.9775,"(1, -1, 0, 0, 1, 0, 0, -1, 0)"
Node_00342,4,[. . O | X X . | O . .],2,2.2141,5,"[1, 2, 6, 8, 9]",1.2072,2.2141,,,,0.8906,,1.5598,1.5496,"(0, 0, -1, 1, 1, 0, -1, 0, 0)"
Node_00343,4,[. O . | . X . | X O .],1,2.2127,5,"[1, 3, 4, 6, 9]",2.2127,,0.8649,0.899,,1.3941,,,1.3698,"(0, -1, 0, 0, 1, 0, 1, -1, 0)"
Node_00344,4,[O . . | . X . | X . O],2,2.193,5,"[2, 3, 4, 6, 8]",,2.193,0.8499,0.9622,,1.1255,,1.4248,,"(-1, 0, 0, 0, 1, 0, 1, 0, -1)"
Node_00345,4,[O . X | . X . | . . O],4,2.1754,5,"[2, 4, 6, 7, 8]",,0.9221,,2.1754,,1.0766,0.9114,1.3778,,"(-1, 0, 1, 0, 1, 0, 0, 0, -1)"
Node_00346,4,[O . . | X X . | . . O],3,2.1401,5,"[2, 3, 6, 7, 8]",,1.3027,2.1401,,,0.8784,1.3282,1.2336,,"(-1, 0, 0, 1, 1, 0, 0, 0, -1)"
Node_00347,4,[. O X | . X O | . . .],1,2.1044,5,"[1, 4, 7, 8, 9]",2.1044,,,0.6991,,,0.8649,0.713,1.3626,"(0, -1, 1, 0, 1, -1, 0, 0, 0)"
Node_00348,4,[. X O | . X . | O . .],9,2.0713,5,"[1, 4, 6, 8, 9]",1.4087,,,1.5437,,1.9323,,0.9477,2.0713,"(0, 1, -1, 0, 1, 0, -1, 0, 0)"
Node_00349,4,[. . . | O X O | X . .],2,2.0672,5,"[1, 2, 3, 8, 9]",0.9423,2.0672,0.8332,,,,,1.1553,1.1801,"(0, 0, 0, -1, 1, -1, 1, 0, 0)"
Node_00350,4,[. O X | . X . | . O .],9,2.0592,5,"[1, 4, 6, 7, 9]",1.0811,,,1.2298,,1.4905,0.7941,,2.0592,"(0, -1, 1, 0, 1, 0, 0, -1, 0)"
Node_00351,4,[. . X | O X O | . . .],1,2.0517,5,"[1, 2, 7, 8, 9]",2.0517,0.8933,,,,,0.5695,1.0561,1.391,"(0, 0, 1, -1, 1, -1, 0, 0, 0)"
Node_00352,4,[. . O | . X . | O X .],6,2.0503,5,"[1, 2, 4, 6, 9]",1.7709,0.9529,,1.0996,,2.0503,,,0.9593,"(0, 0, -1, 0, 1, 0, -1, 1, 0)"
Node_00353,4,[. . . | O X O | . . X],7,2.0397,5,"[1, 2, 3, 7, 8]",0.6513,1.4993,1.0271,,,,2.0397,1.2756,,"(0, 0, 0, -1, 1, -1, 0, 0, 1)"
Node_00354,4,[O . . | O X . | X . .],8,2.0145,5,"[2, 3, 6, 8, 9]",,1.244,0.8784,,,0.5222,,2.0145,1.1579,"(-1, 0, 0, -1, 1, 0, 1, 0, 0)"
Node_00355,4,[. O . | . X . | . O X],4,1.9786,5,"[1, 3, 4, 6, 7]",0.4095,,1.5753,1.9786,,1.0811,1.0276,,,"(0, -1, 0, 0, 1, 0, 0, -1, 1)"
Node_00356,4,[X O . | . X O | . . .],7,1.9579,5,"[3, 4, 7, 8, 9]",,,1.2812,1.0042,,,1.9579,0.3118,0.8332,"(1, -1, 0, 0, 1, -1, 0, 0, 0)"
Node_00357,4,[X . O | . X . | O . .],8,1.9275,5,"[2, 4, 6, 8, 9]",,0.9757,,0.8137,,1.2069,,1.9275,0.8784,"(1, 0, -1, 0, 1, 0, -1, 0, 0)"
Node_00358,4,[. . . | O X O | . X .],3,1.9262,5,"[1, 2, 3, 7, 9]",0.874,0.7712,1.9262,,,,1.0066,,1.1538,"(0, 0, 0, -1, 1, -1, 0, 1, 0)"
Node_00359,4,[. . O | . X . | O . X],4,1.9219,5,"[1, 2, 4, 6, 8]",0.9282,1.453,,1.9219,,0.815,,1.1754,,"(0, 0, -1, 0, 1, 0, -1, 0, 1)"
Node_00360,4,[O O . | X X . | . . .],3,1.897,5,"[3, 6, 7, 8, 9]",,,1.897,,,0.9836,-0.0843,-0.1473,-0.5387,"(-1, -1, 0, 1, 1, 0, 0, 0, 0)"
Node_00361,4,[. . . | . X O | . O X],7,1.8921,5,"[1, 2, 3, 4, 7]",0.7712,0.7132,1.031,0.749,,,1.8921,,,"(0, 0, 0, 0, 1, -1, 0, -1, 1)"
Node_00362,4,[. X O | . X O | . . .],9,1.8898,5,"[1, 4, 7, 8, 9]",-0.3581,,,-0.6007,,,-0.0329,0.999,1.8898,"(0, 1, -1, 0, 1, -1, 0, 0, 0)"
Node_00363,4,[. . . | O X . | . O X],7,1.881,5,"[1, 2, 3, 6, 7]",0.6513,0.4259,0.5995,,,0.8175,1.881,,,"(0, 0, 0, -1, 1, 0, 0, -1, 1)"
Node_00364,4,[. . X | . X O | . . O],8,1.8767,5,"[1, 2, 4, 7, 8]",1.4308,1.0422,,0.6862,,,0.9576,1.8767,,"(0, 0, 1, 0, 1, -1, 0, 0, -1)"
Node_00365,4,[O . . | O X . | . X .],7,1.8721,5,"[2, 3, 6, 7, 9]",,0.9691,0.3599,,,0.1675,1.8721,,-0.0897,"(-1, 0, 0, -1, 1, 0, 0, 1, 0)"
Node_00366,4,[X O X | . . O | . . .],5,1.8718,5,"[4, 5, 7, 8, 9]",,,,0.5842,1.8718,,0.5503,0.4651,-0.2064,"(1, -1, 1, 0, 0, -1, 0, 0, 0)"
Node_00367,4,[. O . | . X O | X . .],1,1.864,5,"[1, 3, 4, 8, 9]",1.864,,0.4686,0.5652,,,,0.5294,0.6092,"(0, -1, 0, 0, 1, -1, 1, 0, 0)"
Node_00368,4,[. . . | . X . | O O X],4,1.8634,5,"[1, 2, 3, 4, 6]",0.7941,0.383,1.0704,1.8634,,1.3534,,,,"(0, 0, 0, 0, 1, 0, -1, -1, 1)"
Node_00369,4,[O . . | . X . | . O X],3,1.8581,5,"[2, 3, 4, 6, 7]",,0.367,1.8581,0.7583,,0.8195,0.4377,,,"(-1, 0, 0, 0, 1, 0, 0, -1, 1)"
Node_00370,4,[. X . | O X . | O . .],1,1.8579,5,"[1, 3, 6, 8, 9]",1.8579,,-0.1239,,,-0.0924,,0.9114,0.7754,"(0, 1, 0, -1, 1, 0, -1, 0, 0)"
Node_00371,4,[. . . | O X . | X O .],1,1.853,5,"[1, 2, 3, 6, 9]",1.853,1.0149,0.9114,,,0.9763,,,1.3597,"(0, 0, 0, -1, 1, 0, 1, -1, 0)"
Node_00372,4,[. X O | O X . | . . .],9,1.8455,5,"[1, 6, 7, 8, 9]",1.332,,,,,1.1595,1.099,0.8784,1.8455,"(0, 1, -1, -1, 1, 0, 0, 0, 0)"
Node_00373,4,[. . . | O X . | X . O],2,1.8428,5,"[1, 2, 3, 6, 8]",0.3304,1.8428,0.9576,,,0.6496,,1.3233,,"(0, 0, 0, -1, 1, 0, 1, 0, -1)"
Node_00374,4,[O . . | . X O | . . X],7,1.8209,5,"[2, 3, 4, 7, 8]",,0.8512,0.1887,-0.1065,,,1.8209,1.2799,,"(-1, 0, 0, 0, 1, -1, 0, 0, 1)"
Node_00375,4,[. . O | . X . | . X O],6,1.8203,5,"[1, 2, 4, 6, 7]",0.3197,0.9818,,-0.1749,,1.8203,-0.6351,,,"(0, 0, -1, 0, 1, 0, 0, 1, -1)"
Node_00376,4,[X . X | O O . | . . .],6,1.8178,5,"[2, 6, 7, 8, 9]",,0.8499,,,,1.8178,-0.2441,0.0176,-0.0749,"(1, 0, 1, -1, -1, 0, 0, 0, 0)"
Node_00377,4,[. . . | X X . | . O O],7,1.8139,5,"[1, 2, 3, 6, 7]",-0.2301,-0.3779,-0.2404,,,0.9852,1.8139,,,"(0, 0, 0, 1, 1, 0, 0, -1, -1)"
Node_00378,4,[. X . | . O . | . O X],3,1.8073,5,"[1, 3, 4, 6, 7]",0.1263,,1.8073,0.2769,,0.3426,0.1383,,,"(0, 1, 0, 0, -1, 0, 0, -1, 1)"
Node_00379,4,[X . . | O X . | O . .],8,1.8055,5,"[2, 3, 6, 8, 9]",,1.3084,1.456,,,0.9127,,1.8055,0.975,"(1, 0, 0, -1, 1, 0, -1, 0, 0)"
Node_00380,4,[. . O | . X . | . O X],4,1.8016,5,"[1, 2, 4, 6, 7]",0.7941,0.8196,,1.8016,,0.8233,0.1439,,,"(0, 0, -1, 0, 1, 0, 0, -1, 1)"
Node_00381,4,[. X O | . . . | O . X],5,1.793,5,"[1, 4, 5, 6, 8]",0.2183,,,0.2053,1.793,-0.1744,,-0.2261,,"(0, 1, -1, 0, 0, 0, -1, 0, 1)"
Node_00382,4,[O . . | . X O | X . .],2,1.792,5,"[2, 3, 4, 8, 9]",,1.792,0.7941,0.1071,,,,1.0754,0.793,"(-1, 0, 0, 0, 1, -1, 1, 0, 0)"
Node_00383,4,[. . O | . X O | . . X],7,1.7897,5,"[1, 2, 4, 7, 8]",0.7458,0.7093,,0.5208,,,1.7897,1.0243,,"(0, 0, -1, 0, 1, -1, 0, 0, 1)"
Node_00384,4,[. . . | . X O | O . X],2,1.7895,5,"[1, 2, 3, 4, 8]",0.8147,1.7895,0.4731,0.5842,,,,0.4494,,"(0, 0, 0, 0, 1, -1, -1, 0, 1)"
Node_00385,4,[X O O | . X . | . . .],6,1.7887,5,"[4, 6, 7, 8, 9]",,,,0.9406,,1.7887,1.3664,0.9611,0.7712,"(1, -1, -1, 0, 1, 0, 0, 0, 0)"
Node_00386,4,[. . . | . X O | O X .],9,1.7846,5,"[1, 2, 3, 4, 9]",0.9909,0.9354,0.469,0.7019,,,,,1.7846,"(0, 0, 0, 0, 1, -1, -1, 1, 0)"
Node_00387,4,[. O . | O X . | X . .],1,1.7809,5,"[1, 3, 6, 8, 9]",1.7809,,0.8332,,,0.7544,,0.8344,0.9941,"(0, -1, 0, -1, 1, 0, 1, 0, 0)"
Node_00388,4,[O . O | X X . | . . .],2,1.7791,5,"[2, 6, 7, 8, 9]",,1.7791,,,,0.9999,-0.7643,-0.321,-0.6391,"(-1, 0, -1, 1, 1, 0, 0, 0, 0)"
Node_00389,4,[. O . | . X O | . . X],7,1.7755,5,"[1, 3, 4, 7, 8]",0.7941,,1.0721,0.5218,,,1.7755,0.9061,,"(0, -1, 0, 0, 1, -1, 0, 0, 1)"
Node_00390,4,[O . X | O . . | . . X],7,1.7688,5,"[2, 5, 6, 7, 8]",,-0.229,,,-0.2773,0.7176,1.7688,-0.3609,,"(-1, 0, 1, -1, 0, 0, 0, 0, 1)"
Node_00391,4,[. O X | O X . | . . .],6,1.7682,5,"[1, 6, 7, 8, 9]",1.152,,,,,1.7682,0.7712,0.6459,1.0533,"(0, -1, 1, -1, 1, 0, 0, 0, 0)"
Node_00392,4,[O . . | O X . | . . X],7,1.762,5,"[2, 3, 6, 7, 8]",,-0.8,-0.3596,,,-0.5886,1.762,0.2478,,"(-1, 0, 0, -1, 1, 0, 0, 0, 1)"
Node_00393,4,[O X . | . X . | O . .],4,1.7588,5,"[3, 4, 6, 8, 9]",,,-0.3763,1.7588,,-0.4973,,0.9988,-0.1592,"(-1, 1, 0, 0, 1, 0, -1, 0, 0)"
Node_00394,4,[O . . | . X . | X O .],4,1.7579,5,"[2, 3, 4, 6, 9]",,0.9579,0.9903,1.7579,,1.4556,,,0.4039,"(-1, 0, 0, 0, 1, 0, 1, -1, 0)"
Node_00395,4,[O . . | X X . | O . .],2,1.7568,5,"[2, 3, 6, 8, 9]",,1.7568,0.7993,,,0.8499,,1.6101,0.6579,"(-1, 0, 0, 1, 1, 0, -1, 0, 0)"
Node_00396,4,[. . . | . X X | O . O],8,1.7472,5,"[1, 2, 3, 4, 8]",0.0411,-0.7768,-0.3785,0.9998,,,,1.7472,,"(0, 0, 0, 0, 1, 1, -1, 0, -1)"
Node_00397,4,[. . . | X X . | O O .],9,1.7452,5,"[1, 2, 3, 6, 9]",-0.6237,-0.1172,-0.5611,,,0.9975,,,1.7452,"(0, 0, 0, 1, 1, 0, -1, -1, 0)"
Node_00398,4,[X . . | O O X | . . .],3,1.7443,5,"[2, 3, 7, 8, 9]",,-0.0337,1.7443,,,,-0.0825,0.5421,0.0299,"(1, 0, 0, -1, -1, 1, 0, 0, 0)"
Node_00399,4,[. . O | O X . | X . .],9,1.7388,5,"[1, 2, 6, 8, 9]",0.31,0.9345,,,,0.3786,,1.5154,1.7388,"(0, 0, -1, -1, 1, 0, 1, 0, 0)"
Node_00400,4,[. . . | O X . | O X .],1,1.7378,5,"[1, 2, 3, 6, 9]",1.7378,0.9797,-0.3511,,,-0.2623,,,-0.4515,"(0, 0, 0, -1, 1, 0, -1, 1, 0)"
Node_00401,4,[. O . | . X X | . O .],3,1.7374,5,"[1, 3, 4, 7, 9]",1.1771,,1.7374,0.7941,,,1.0533,,0.4906,"(0, -1, 0, 0, 1, 1, 0, -1, 0)"
Node_00402,4,[X . . | . X O | . . O],3,1.7343,5,"[2, 3, 4, 7, 8]",,-0.5715,1.7343,-0.6972,,,0.038,-0.2109,,"(1, 0, 0, 0, 1, -1, 0, 0, -1)"
Node_00403,4,[. O . | . X X | . . O],7,1.7342,5,"[1, 3, 4, 7, 8]",0.9174,,1.2217,0.8906,,,1.7342,0.5,,"(0, -1, 0, 0, 1, 1, 0, 0, -1)"
Node_00404,4,[X . O | O . . | X . .],9,1.7333,5,"[2, 5, 6, 8, 9]",,-0.3781,,,0.6036,0.2999,,0.5,1.7333,"(1, 0, -1, -1, 0, 0, 1, 0, 0)"
Node_00405,4,[. O O | . X X | . . .],1,1.7316,5,"[1, 4, 7, 8, 9]",1.7316,,,0.9978,,,-0.3222,-0.2344,0.166,"(0, -1, -1, 0, 1, 1, 0, 0, 0)"
Node_00406,4,[. . O | . X O | X . .],9,1.7313,5,"[1, 2, 4, 8, 9]",-0.0911,0.017,,-0.2114,,,,0.6358,1.7313,"(0, 0, -1, 0, 1, -1, 1, 0, 0)"
Node_00407,4,[. O O | . . . | X . X],1,1.7311,5,"[1, 4, 5, 6, 8]",1.7311,,,0.0143,-0.2906,-0.3813,,0.5695,,"(0, -1, -1, 0, 0, 0, 1, 0, 1)"
Node_00408,4,[. X . | . X O | . . O],3,1.7295,5,"[1, 3, 4, 7, 8]",-0.165,,1.7295,-0.5929,,,0.0928,0.9691,,"(0, 1, 0, 0, 1, -1, 0, 0, -1)"
Node_00409,4,[X . X | . O . | . . O],4,1.7285,5,"[2, 4, 6, 7, 8]",,0.9202,,1.7285,,0.1267,1.2176,0.7905,,"(1, 0, 1, 0, -1, 0, 0, 0, -1)"
Node_00410,4,[X . . | . X O | O . .],3,1.7279,5,"[2, 3, 4, 8, 9]",,1.0694,1.7279,-0.1322,,,,1.2846,0.7941,"(1, 0, 0, 0, 1, -1, -1, 0, 0)"
Node_00411,4,[. . . | . X O | X O .],1,1.7267,5,"[1, 2, 3, 4, 9]",1.7267,0.6766,0.7712,1.3923,,,,,1.3875,"(0, 0, 0, 0, 1, -1, 1, -1, 0)"
Node_00412,4,[. O . | . X . | X . O],4,1.726,5,"[1, 3, 4, 6, 8]",0.8801,,0.9797,1.726,,0.7693,,0.2492,,"(0, -1, 0, 0, 1, 0, 1, 0, -1)"
Node_00413,4,[O . X | . X O | . . .],8,1.7229,5,"[2, 4, 7, 8, 9]",,1.2274,,0.8291,,,0.8784,1.7229,0.2308,"(-1, 0, 1, 0, 1, -1, 0, 0, 0)"
Node_00414,4,[. . . | . X X | . O O],7,1.7219,5,"[1, 2, 3, 4, 7]",-0.3963,-0.3898,-0.3802,0.9995,,,1.7219,,,"(0, 0, 0, 0, 1, 1, 0, -1, -1)"
Node_00415,4,[O O . | . X X | . . .],3,1.7185,5,"[3, 4, 7, 8, 9]",,,1.7185,0.9419,,,-0.5992,0.1592,-0.5983,"(-1, -1, 0, 0, 1, 1, 0, 0, 0)"
Node_00416,4,[. X . | O X O | . . .],7,1.7169,5,"[1, 3, 7, 8, 9]",0.8322,,0.7766,,,,1.7169,0.8649,0.8654,"(0, 1, 0, -1, 1, -1, 0, 0, 0)"
Node_00417,4,[. . . | X X . | O . O],8,1.7159,5,"[1, 2, 3, 6, 8]",-0.5724,0.2082,-0.3941,,,0.9994,,1.7159,,"(0, 0, 0, 1, 1, 0, -1, 0, -1)"
Node_00418,4,[X O . | . X . | . . O],4,1.7151,5,"[3, 4, 6, 7, 8]",,,0.2458,1.7151,,1.0243,1.2838,0.1262,,"(1, -1, 0, 0, 1, 0, 0, 0, -1)"
Node_00419,4,[X . O | . . O | X . .],9,1.7147,5,"[2, 4, 5, 8, 9]",,-0.2229,,0.7176,-0.2322,,,-0.0414,1.7147,"(1, 0, -1, 0, 0, -1, 1, 0, 0)"
Node_00420,4,[X . X | . . O | . . O],7,1.7116,5,"[2, 4, 5, 7, 8]",,0.3439,,1.0304,0.9558,,1.7116,0.9635,,"(1, 0, 1, 0, 0, -1, 0, 0, -1)"
Node_00421,4,[O . . | X X . | . O .],3,1.7082,5,"[2, 3, 6, 7, 9]",,0.6602,1.7082,,,0.975,1.2514,,0.6431,"(-1, 0, 0, 1, 1, 0, 0, -1, 0)"
Node_00422,4,[X . X | . . . | . O O],7,1.7065,5,"[2, 4, 5, 6, 7]",,0.7712,,-0.1182,-0.0545,-0.3849,1.7065,,,"(1, 0, 1, 0, 0, 0, 0, -1, -1)"
Node_00423,4,[O X . | O X . | . . .],7,1.7021,5,"[3, 6, 7, 8, 9]",,,-0.148,,,0.0007,1.7021,0.988,-0.8815,"(-1, 1, 0, -1, 1, 0, 0, 0, 0)"
Node_00424,4,[. . . | . X . | X O O],4,1.7019,5,"[1, 2, 3, 4, 6]",1.4178,0.3582,0.9657,1.7019,,1.5109,,,,"(0, 0, 0, 0, 1, 0, 1, -1, -1)"
Node_00425,4,[. O X | . X . | O . .],6,1.6997,5,"[1, 4, 6, 8, 9]",0.39,,,1.1055,,1.6997,,0.4617,0.9282,"(0, -1, 1, 0, 1, 0, -1, 0, 0)"
Node_00426,4,[. X . | . X O | O . .],9,1.697,5,"[1, 3, 4, 8, 9]",1.0797,,0.8525,0.4074,,,,0.7458,1.697,"(0, 1, 0, 0, 1, -1, -1, 0, 0)"
Node_00427,4,[. O . | X X . | . . O],3,1.6947,5,"[1, 3, 6, 7, 8]",0.8241,,1.6947,,,0.8332,1.2604,0.3234,,"(0, -1, 0, 1, 1, 0, 0, 0, -1)"
Node_00428,4,[. . X | . X . | O O .],9,1.6942,5,"[1, 2, 4, 6, 9]",0.1055,-0.432,,-0.4844,,0.0314,,,1.6942,"(0, 0, 1, 0, 1, 0, -1, -1, 0)"
Node_00429,4,[. . X | . O . | X . O],1,1.6826,5,"[1, 2, 4, 6, 8]",1.6826,0.04,,-0.2331,,-0.2526,,-0.5266,,"(0, 0, 1, 0, -1, 0, 1, 0, -1)"
Node_00430,4,[. . . | X O O | . . X],7,1.6812,5,"[1, 2, 3, 7, 8]",0.6393,0.1284,0.0837,,,,1.6812,0.0766,,"(0, 0, 0, 1, -1, -1, 0, 0, 1)"
Node_00431,4,[. O O | . X . | X . .],1,1.6778,5,"[1, 4, 6, 8, 9]",1.6778,,,-0.5431,,-0.8016,,-0.6043,0.1888,"(0, -1, -1, 0, 1, 0, 1, 0, 0)"
Node_00432,4,[X . . | . O . | O . X],3,1.6737,5,"[2, 3, 4, 6, 8]",,0.1486,1.6737,-0.5183,,-0.2218,,-0.6,,"(1, 0, 0, 0, -1, 0, -1, 0, 1)"
Node_00433,4,[. O X | . X . | . . O],4,1.6713,5,"[1, 4, 6, 7, 8]",0.6992,,,1.6713,,1.1566,0.9943,0.905,,"(0, -1, 1, 0, 1, 0, 0, 0, -1)"
Node_00434,4,[. . . | . X X | O O .],9,1.665,5,"[1, 2, 3, 4, 9]",0.0234,-0.2161,-0.0743,0.8147,,,,,1.665,"(0, 0, 0, 0, 1, 1, -1, -1, 0)"
Node_00435,4,[X O X | O . . | . . .],5,1.6644,5,"[5, 6, 7, 8, 9]",,,,,1.6644,0.5816,0.1604,0.165,0.6665,"(1, -1, 1, -1, 0, 0, 0, 0, 0)"
Node_00436,4,[. . . | . X O | . X O],3,1.6615,5,"[1, 2, 3, 4, 7]",-0.5851,0.9992,1.6615,-0.4309,,,0.2973,,,"(0, 0, 0, 0, 1, -1, 0, 1, -1)"
Node_00437,4,[. . X | X O . | . . O],1,1.6589,5,"[1, 2, 6, 7, 8]",1.6589,-0.3188,,,,-0.7615,-0.039,0.2406,,"(0, 0, 1, 1, -1, 0, 0, 0, -1)"
Node_00438,4,[. . X | X O O | . . .],1,1.6578,5,"[1, 2, 7, 8, 9]",1.6578,0.2302,,,,,0.1279,0.3487,0.2297,"(0, 0, 1, 1, -1, -1, 0, 0, 0)"
Node_00439,4,[O X O | . X . | . . .],6,1.6576,5,"[4, 6, 7, 8, 9]",,,,1.2005,,1.6576,0.7903,0.9529,0.5708,"(-1, 1, -1, 0, 1, 0, 0, 0, 0)"
Node_00440,4,[X O X | . . . | O . .],9,1.6573,5,"[4, 5, 6, 8, 9]",,,,-0.0511,0.1146,0.25,,0.559,1.6573,"(1, -1, 1, 0, 0, 0, -1, 0, 0)"
Node_00441,4,[X . X | . O O | . . .],4,1.6528,5,"[2, 4, 7, 8, 9]",,0.9948,,1.6528,,,0.1199,-0.0768,-0.2413,"(1, 0, 1, 0, -1, -1, 0, 0, 0)"
Node_00442,4,[. O O | X X . | . . .],1,1.6524,5,"[1, 6, 7, 8, 9]",1.6524,,,,,0.7941,-0.3655,0.2165,-0.1947,"(0, -1, -1, 1, 1, 0, 0, 0, 0)"
Node_00443,4,[O . O | . X X | . . .],2,1.6431,5,"[2, 4, 7, 8, 9]",,1.6431,,0.9995,,,-0.3653,-0.3332,-0.1585,"(-1, 0, -1, 0, 1, 1, 0, 0, 0)"
Node_00444,4,[. . . | X X O | . O .],7,1.6418,5,"[1, 2, 3, 7, 9]",1.0018,0.0976,0.7203,,,,1.6418,,0.4844,"(0, 0, 0, 1, 1, -1, 0, -1, 0)"
Node_00445,4,[X . O | O X . | . . .],8,1.6414,5,"[2, 6, 7, 8, 9]",,1.3098,,,,0.8025,0.1896,1.6414,0.9948,"(1, 0, -1, -1, 1, 0, 0, 0, 0)"
Node_00446,4,[X . O | . X . | . O .],7,1.6405,5,"[2, 4, 6, 7, 9]",,-0.2237,,0.844,,0.9011,1.6405,,0.7176,"(1, 0, -1, 0, 1, 0, 0, -1, 0)"
Node_00447,4,[. . O | O X . | . . X],8,1.6379,5,"[1, 2, 6, 7, 8]",0.8784,0.3757,,,,0.0466,1.0322,1.6379,,"(0, 0, -1, -1, 1, 0, 0, 0, 1)"
Node_00448,4,[. X . | O X . | . O .],3,1.6303,5,"[1, 3, 6, 7, 9]",0.7011,,1.6303,,,-0.0574,0.6664,,0.3067,"(0, 1, 0, -1, 1, 0, 0, -1, 0)"
Node_00449,4,[X . . | . O . | X O .],2,1.6285,5,"[2, 3, 4, 6, 9]",,1.6285,0.0684,0.9691,,-0.2336,,,-0.0768,"(1, 0, 0, 0, -1, 0, 1, -1, 0)"
Node_00450,4,[. . X | . X O | . O .],1,1.628,5,"[1, 2, 4, 7, 9]",1.628,1.1833,,0.5593,,,0.9202,,1.3092,"(0, 0, 1, 0, 1, -1, 0, -1, 0)"
Node_00451,4,[. . O | X X . | . O .],7,1.6264,5,"[1, 2, 6, 7, 9]",0.9903,0.506,,,,0.9015,1.6264,,0.7724,"(0, 0, -1, 1, 1, 0, 0, -1, 0)"
Node_00452,4,[X O . | . . . | X O .],5,1.6254,5,"[3, 4, 5, 6, 9]",,,-0.2182,0.3439,1.6254,0.4243,,,-0.0045,"(1, -1, 0, 0, 0, 0, 1, -1, 0)"
Node_00453,4,[. O . | X X . | . O .],7,1.6222,5,"[1, 3, 6, 7, 9]",0.7969,,1.4027,,,0.8147,1.6222,,0.4709,"(0, -1, 0, 1, 1, 0, 0, -1, 0)"
Node_00454,4,[. O . | O X X | . . .],3,1.621,5,"[1, 3, 7, 8, 9]",0.6678,,1.621,,,,0.3182,-0.0677,1.2042,"(0, -1, 0, -1, 1, 1, 0, 0, 0)"
Node_00455,4,[O . . | . X O | . X .],3,1.6204,5,"[2, 3, 4, 7, 9]",,0.5217,1.6204,0.4289,,,0.8452,,0.9792,"(-1, 0, 0, 0, 1, -1, 0, 1, 0)"
Node_00456,4,[X O . | . X . | O . .],4,1.6193,5,"[3, 4, 6, 8, 9]",,,0.5573,1.6193,,1.0981,,0.7215,0.9903,"(1, -1, 0, 0, 1, 0, -1, 0, 0)"
Node_00457,4,[. O X | . O . | . . X],8,1.6157,5,"[1, 4, 6, 7, 8]",-0.0016,,,0.3086,,0.8784,-0.1376,1.6157,,"(0, -1, 1, 0, -1, 0, 0, 0, 1)"
Node_00458,4,[X X O | O . . | . . .],5,1.6142,5,"[5, 6, 7, 8, 9]",,,,,1.6142,0.0,-0.0289,-0.0048,-0.1333,"(1, 1, -1, -1, 0, 0, 0, 0, 0)"
Node_00459,4,[O . X | . O . | . X .],9,1.6134,5,"[2, 4, 6, 7, 9]",,-0.6647,,-0.479,,-0.1194,-0.5414,,1.6134,"(-1, 0, 1, 0, -1, 0, 0, 1, 0)"
Node_00460,4,[. O . | . X X | O . .],3,1.6134,5,"[1, 3, 4, 8, 9]",1.1056,,1.6134,0.8332,,,,0.3903,1.0057,"(0, -1, 0, 0, 1, 1, -1, 0, 0)"
Node_00461,4,[. X . | . O X | . O .],3,1.6126,5,"[1, 3, 4, 7, 9]",0.1389,,1.6126,-0.1056,,,0.0132,,-0.1033,"(0, 1, 0, 0, -1, 1, 0, -1, 0)"
Node_00462,4,[. . X | O X . | O . .],1,1.6073,5,"[1, 2, 6, 8, 9]",1.6073,-0.3592,,,,-0.6217,,-0.2557,-0.1847,"(0, 0, 1, -1, 1, 0, -1, 0, 0)"
Node_00463,4,[. O . | X X . | O . .],9,1.6064,5,"[1, 3, 6, 8, 9]",1.1787,,0.6,,,0.975,,0.6717,1.6064,"(0, -1, 0, 1, 1, 0, -1, 0, 0)"
Node_00464,4,[X O . | O X . | . . .],7,1.6054,5,"[3, 6, 7, 8, 9]",,,0.8183,,,1.0676,1.6054,0.6813,0.9015,"(1, -1, 0, -1, 1, 0, 0, 0, 0)"
Node_00465,4,[. . O | . . . | X O X],1,1.6052,5,"[1, 2, 4, 5, 6]",1.6052,0.1359,,0.2302,0.2593,-0.1298,,,,"(0, 0, -1, 0, 0, 0, 1, -1, 1)"
Node_00466,4,[. . X | O X . | . . O],1,1.6025,5,"[1, 2, 6, 7, 8]",1.6025,0.9141,,,,0.0802,0.6126,0.6961,,"(0, 0, 1, -1, 1, 0, 0, 0, -1)"
Node_00467,4,[O O X | . X . | . . .],4,1.5946,5,"[4, 6, 7, 8, 9]",,,,1.5946,,1.2255,0.9943,0.4279,1.457,"(-1, -1, 1, 0, 1, 0, 0, 0, 0)"
Node_00468,4,[O . . | . X . | O X .],4,1.5943,5,"[2, 3, 4, 6, 9]",,0.9999,-0.3822,1.5943,,-0.368,,,-0.7819,"(-1, 0, 0, 0, 1, 0, -1, 1, 0)"
Node_00469,4,[. . X | . X O | O . .],2,1.5938,5,"[1, 2, 4, 8, 9]",1.1276,1.5938,,0.0671,,,,0.5483,0.0861,"(0, 0, 1, 0, 1, -1, -1, 0, 0)"
Node_00470,4,[X O . | . . . | X . O],5,1.5921,5,"[3, 4, 5, 6, 8]",,,0.3382,0.6513,1.5921,0.5052,,0.3981,,"(1, -1, 0, 0, 0, 0, 1, 0, -1)"
Node_00471,4,[. X . | O O X | . . .],3,1.5913,5,"[1, 3, 7, 8, 9]",-0.0656,,1.5913,,,,0.2542,-0.1954,0.3813,"(0, 1, 0, -1, -1, 1, 0, 0, 0)"
Node_00472,4,[O X . | . X O | . . .],7,1.5859,5,"[3, 4, 7, 8, 9]",,,1.2222,0.7024,,,1.5859,0.9892,0.8571,"(-1, 1, 0, 0, 1, -1, 0, 0, 0)"
Node_00473,4,[O . X | . O . | X . .],9,1.5857,5,"[2, 4, 6, 8, 9]",,-0.208,,-0.4192,,-0.2639,,-0.3843,1.5857,"(-1, 0, 1, 0, -1, 0, 1, 0, 0)"
Node_00474,4,[X . X | . . O | . O .],4,1.5853,5,"[2, 4, 5, 7, 9]",,0.6862,,1.5853,1.0986,,0.6647,,0.4554,"(1, 0, 1, 0, 0, -1, 0, -1, 0)"
Node_00475,4,[X . . | X O O | . . .],3,1.579,5,"[2, 3, 7, 8, 9]",,0.3764,1.579,,,,0.6862,0.5975,0.2798,"(1, 0, 0, 1, -1, -1, 0, 0, 0)"
Node_00476,4,[O O . | . X . | . . X],3,1.5755,5,"[3, 4, 6, 7, 8]",,,1.5755,-0.3372,,-0.166,-0.2312,-0.475,,"(-1, -1, 0, 0, 1, 0, 0, 0, 1)"
Node_00477,4,[X . . | O X . | . . O],2,1.5731,5,"[2, 3, 6, 7, 8]",,1.5731,1.2168,,,0.1371,0.6143,1.0981,,"(1, 0, 0, -1, 1, 0, 0, 0, -1)"
Node_00478,4,[O . X | . X . | . O .],4,1.5597,5,"[2, 4, 6, 7, 9]",,0.1686,,1.5597,,0.7584,0.6126,,0.8312,"(-1, 0, 1, 0, 1, 0, 0, -1, 0)"
Node_00479,4,[. . O | . X X | . O .],1,1.5574,5,"[1, 2, 4, 7, 9]",1.5574,0.5994,,0.9991,,,0.9171,,0.9321,"(0, 0, -1, 0, 1, 1, 0, -1, 0)"
Node_00480,4,[O . . | . . X | X . O],5,1.5568,5,"[2, 3, 4, 5, 8]",,0.2031,-0.1958,-0.3946,1.5568,,,0.0831,,"(-1, 0, 0, 0, 0, 1, 1, 0, -1)"
Node_00481,4,[. X . | . O . | X O .],1,1.5529,5,"[1, 3, 4, 6, 9]",1.5529,,0.3046,0.2873,,0.2076,,,0.2542,"(0, 1, 0, 0, -1, 0, 1, -1, 0)"
Node_00482,4,[. . . | O X X | . O .],9,1.5511,5,"[1, 2, 3, 7, 9]",0.6749,0.0924,0.5995,,,,0.7312,,1.5511,"(0, 0, 0, -1, 1, 1, 0, -1, 0)"
Node_00483,4,[. . O | . X X | . . O],8,1.5501,5,"[1, 2, 4, 7, 8]",0.6075,1.2813,,0.9903,,,0.9498,1.5501,,"(0, 0, -1, 0, 1, 1, 0, 0, -1)"
Node_00484,4,[X . . | . X O | . O .],7,1.5489,5,"[2, 3, 4, 7, 9]",,0.6819,1.309,0.2812,,,1.5489,,0.3439,"(1, 0, 0, 0, 1, -1, 0, -1, 0)"
Node_00485,4,[. . O | . . X | O . X],5,1.5462,5,"[1, 2, 4, 5, 8]",-0.0932,-0.3649,,-0.0965,1.5462,,,-0.2835,,"(0, 0, -1, 0, 0, 1, -1, 0, 1)"
Node_00486,4,[. . O | O X . | . X .],1,1.5448,5,"[1, 2, 6, 7, 9]",1.5448,0.8906,,,,0.4884,0.9056,,0.9942,"(0, 0, -1, -1, 1, 0, 0, 1, 0)"
Node_00487,4,[X O X | . . . | . . O],7,1.5426,5,"[4, 5, 6, 7, 8]",,,,0.3325,0.2738,0.1502,1.5426,0.1719,,"(1, -1, 1, 0, 0, 0, 0, 0, -1)"
Node_00488,4,[. . . | . X . | O X O],4,1.5402,5,"[1, 2, 3, 4, 6]",0.5855,0.9836,0.7182,1.5402,,1.3797,,,,"(0, 0, 0, 0, 1, 0, -1, 1, -1)"
Node_00489,4,[X . . | . O X | O . .],3,1.539,5,"[2, 3, 4, 8, 9]",,0.259,1.539,-0.7941,,,,-0.0649,-0.118,"(1, 0, 0, 0, -1, 1, -1, 0, 0)"
Node_00490,4,[X . . | . X . | . O O],7,1.538,5,"[2, 3, 4, 6, 7]",,-0.0871,-0.371,-0.2007,,-0.2625,1.538,,,"(1, 0, 0, 0, 1, 0, 0, -1, -1)"
Node_00491,4,[O . X | . . X | . . O],5,1.53,5,"[2, 4, 5, 7, 8]",,-0.7379,,-0.5093,1.53,,0.1292,-0.5836,,"(-1, 0, 1, 0, 0, 1, 0, 0, -1)"
Node_00492,4,[. . O | . X O | . X .],9,1.5287,5,"[1, 2, 4, 7, 9]",0.0303,0.9114,,-0.473,,,0.2676,,1.5287,"(0, 0, -1, 0, 1, -1, 0, 1, 0)"
Node_00493,4,[. O . | O X . | . X .],7,1.5252,5,"[1, 3, 6, 7, 9]",0.3169,,0.7311,,,-0.0168,1.5252,,0.639,"(0, -1, 0, -1, 1, 0, 0, 1, 0)"
Node_00494,4,[. X . | . O . | X . O],1,1.5242,5,"[1, 3, 4, 6, 8]",1.5242,,-0.4268,-0.037,,-0.0247,,-0.4095,,"(0, 1, 0, 0, -1, 0, 1, 0, -1)"
Node_00495,4,[. O . | . X . | O . X],4,1.5231,5,"[1, 3, 4, 6, 8]",0.6513,,0.9965,1.5231,,0.6685,,-0.1697,,"(0, -1, 0, 0, 1, 0, -1, 0, 1)"
Node_00496,4,[O . . | X . . | X . O],5,1.5224,5,"[2, 3, 5, 6, 8]",,0.011,0.2419,,1.5224,-0.3122,,-0.5597,,"(-1, 0, 0, 1, 0, 0, 1, 0, -1)"
Node_00497,4,[X . . | O . O | . X .],5,1.5215,5,"[2, 3, 5, 7, 9]",,-0.2803,-0.3719,,1.5215,,0.0429,,-0.0324,"(1, 0, 0, -1, 0, -1, 0, 1, 0)"
Node_00498,4,[. O X | . . . | . O X],5,1.5204,5,"[1, 4, 5, 6, 7]",0.3792,,,0.1596,1.5204,0.3439,-0.259,,,"(0, -1, 1, 0, 0, 0, 0, -1, 1)"
Node_00499,4,[. . . | O X . | . X O],3,1.5177,5,"[1, 2, 3, 6, 7]",0.3745,0.9202,1.5177,,,1.2307,1.1087,,,"(0, 0, 0, -1, 1, 0, 0, 1, -1)"
Node_00500,4,[. . X | . . . | O O X],4,1.5104,5,"[1, 2, 4, 5, 6]",0.6657,0.7202,,1.5104,0.4512,0.6126,,,,"(0, 0, 1, 0, 0, 0, -1, -1, 1)"
Node_00501,4,[. . O | . X . | X O .],4,1.4982,5,"[1, 2, 4, 6, 9]",1.389,0.566,,1.4982,,0.8636,,,0.351,"(0, 0, -1, 0, 1, 0, 1, -1, 0)"
Node_00502,4,[O X X | . . . | . . O],5,1.4947,5,"[4, 5, 6, 7, 8]",,,,-0.3395,1.4947,-0.1716,-0.1756,0.1497,,"(-1, 1, 1, 0, 0, 0, 0, 0, -1)"
Node_00503,4,[X X . | . O . | . O .],7,1.4921,5,"[3, 4, 6, 7, 9]",,,0.5695,0.1358,,0.332,1.4921,,0.7165,"(1, 1, 0, 0, -1, 0, 0, -1, 0)"
Node_00504,4,[O . . | . . . | X X O],5,1.4902,5,"[2, 3, 4, 5, 6]",,-0.2807,-0.6094,-0.6601,1.4902,-0.0548,,,,"(-1, 0, 0, 0, 0, 0, 1, 1, -1)"
Node_00505,4,[. X . | . X O | . O .],1,1.4899,5,"[1, 3, 4, 7, 9]",1.4899,,0.8995,-0.2215,,,0.4775,,0.4713,"(0, 1, 0, 0, 1, -1, 0, -1, 0)"
Node_00506,4,[. . O | O . . | X . X],1,1.488,5,"[1, 2, 5, 6, 8]",1.488,0.5012,,,0.3931,0.4113,,0.4095,,"(0, 0, -1, -1, 0, 0, 1, 0, 1)"
Node_00507,4,[X . O | . . . | X O .],5,1.4877,5,"[2, 4, 5, 6, 9]",,0.2761,,0.4686,1.4877,0.7207,,,1.0921,"(1, 0, -1, 0, 0, 0, 1, -1, 0)"
Node_00508,4,[. O . | X X O | . . .],1,1.4856,5,"[1, 3, 7, 8, 9]",1.4856,,0.7423,,,,0.2164,0.201,0.585,"(0, -1, 0, 1, 1, -1, 0, 0, 0)"
Node_00509,4,[. O X | . O . | . X .],9,1.4822,5,"[1, 4, 6, 7, 9]",0.2116,,,0.2504,,-0.0174,0.4984,,1.4822,"(0, -1, 1, 0, -1, 0, 0, 1, 0)"
Node_00510,4,[. . X | . . O | O . X],1,1.4822,5,"[1, 2, 4, 5, 8]",1.4822,0.2462,,0.303,0.1478,,,0.0214,,"(0, 0, 1, 0, 0, -1, -1, 0, 1)"
Node_00511,4,[. . O | X O . | . . X],7,1.4738,5,"[1, 2, 6, 7, 8]",-0.2736,-0.3365,,,,-0.7176,1.4738,-0.2651,,"(0, 0, -1, 1, -1, 0, 0, 0, 1)"
Node_00512,4,[. . O | . . . | O X X],5,1.4658,5,"[1, 2, 4, 5, 6]",-0.4728,-0.3193,,-0.1534,1.4658,-0.5178,,,,"(0, 0, -1, 0, 0, 0, -1, 1, 1)"
Node_00513,4,[X X . | O . O | . . .],5,1.4554,5,"[3, 5, 7, 8, 9]",,,0.4686,,1.4554,,-0.2634,0.217,-0.0298,"(1, 1, 0, -1, 0, -1, 0, 0, 0)"
Node_00514,4,[. O . | O X . | . . X],3,1.4525,5,"[1, 3, 6, 7, 8]",0.7176,,1.4525,,,0.9234,0.7509,0.1679,,"(0, -1, 0, -1, 1, 0, 0, 0, 1)"
Node_00515,4,[. . X | O . O | . . X],5,1.4436,5,"[1, 2, 5, 7, 8]",-0.3606,0.341,,,1.4436,,-0.0397,-0.3028,,"(0, 0, 1, -1, 0, -1, 0, 0, 1)"
Node_00516,4,[. X O | . X . | . . O],6,1.4429,5,"[1, 4, 6, 7, 8]",-0.7833,,,-0.0631,,1.4429,-0.1988,0.998,,"(0, 1, -1, 0, 1, 0, 0, 0, -1)"
Node_00517,4,[X . O | . O . | X . .],9,1.4348,5,"[2, 4, 6, 8, 9]",,0.2687,,0.9988,,0.8275,,0.4604,1.4348,"(1, 0, -1, 0, -1, 0, 1, 0, 0)"
Node_00518,4,[O . X | . . O | . . X],7,1.4346,5,"[2, 4, 5, 7, 8]",,-0.0038,,0.0912,0.2428,,1.4346,0.3204,,"(-1, 0, 1, 0, 0, -1, 0, 0, 1)"
Node_00519,4,[X . . | O . O | X . .],5,1.4291,5,"[2, 3, 5, 8, 9]",,-0.1947,-0.1071,,1.4291,,,-0.4232,0.3603,"(1, 0, 0, -1, 0, -1, 1, 0, 0)"
Node_00520,4,[X . . | O X . | . O .],3,1.4289,5,"[2, 3, 6, 7, 9]",,1.0447,1.4289,,,0.2575,1.0845,,0.8784,"(1, 0, 0, -1, 1, 0, 0, -1, 0)"
Node_00521,4,[O . . | . O X | . X .],9,1.4287,5,"[2, 3, 4, 7, 9]",,-0.7357,-0.1908,-0.6448,,,-0.3653,,1.4287,"(-1, 0, 0, 0, -1, 1, 0, 1, 0)"
Node_00522,4,[O . . | O . . | X . X],2,1.4261,5,"[2, 3, 5, 6, 8]",,1.4261,0.5759,,0.0766,0.0619,,0.3439,,"(-1, 0, 0, -1, 0, 0, 1, 0, 1)"
Node_00523,4,[. O . | . O . | X X .],1,1.423,5,"[1, 3, 4, 6, 9]",1.423,,0.2695,0.5833,,-0.166,,,0.7176,"(0, -1, 0, 0, -1, 0, 1, 1, 0)"
Node_00524,4,[X . O | . O . | . . X],7,1.4051,5,"[2, 4, 6, 7, 8]",,-0.4818,,-0.0035,,-0.1763,1.4051,-0.5373,,"(1, 0, -1, 0, -1, 0, 0, 0, 1)"
Node_00525,4,[X . X | . . . | O O .],9,1.4044,5,"[2, 4, 5, 6, 9]",,0.6862,,0.0842,0.0836,0.018,,,1.4044,"(1, 0, 1, 0, 0, 0, -1, -1, 0)"
Node_00526,4,[. O . | . O X | . X .],9,1.402,5,"[1, 3, 4, 7, 9]",0.2939,,0.2441,-0.0351,,,0.3572,,1.402,"(0, -1, 0, 0, -1, 1, 0, 1, 0)"
Node_00527,4,[. X . | X O O | . . .],1,1.3963,5,"[1, 3, 7, 8, 9]",1.3963,,0.0473,,,,0.2945,-0.3342,0.1059,"(0, 1, 0, 1, -1, -1, 0, 0, 0)"
Node_00528,4,[X . X | O . . | O . .],8,1.396,5,"[2, 5, 6, 8, 9]",,0.7941,,,0.6546,0.4984,,1.396,0.7398,"(1, 0, 1, -1, 0, 0, -1, 0, 0)"
Node_00529,4,[. O . | X . O | . . X],7,1.3895,5,"[1, 3, 5, 7, 8]",0.476,,0.0346,,0.3526,,1.3895,0.1326,,"(0, -1, 0, 1, 0, -1, 0, 0, 1)"
Node_00530,4,[. X . | O X . | . . O],7,1.3875,5,"[1, 3, 6, 7, 8]",0.5521,,0.9985,,,0.1663,1.3875,0.7458,,"(0, 1, 0, -1, 1, 0, 0, 0, -1)"
Node_00531,4,[. X . | . O X | O . .],3,1.3833,5,"[1, 3, 4, 8, 9]",0.4931,,1.3833,-0.594,,,,-0.6084,-0.2604,"(0, 1, 0, 0, -1, 1, -1, 0, 0)"
Node_00532,4,[X . X | O . . | . O .],9,1.3777,5,"[2, 5, 6, 7, 9]",,0.19,,,0.6893,0.2197,0.4498,,1.3777,"(1, 0, 1, -1, 0, 0, 0, -1, 0)"
Node_00533,4,[O . . | . O X | X . .],9,1.3766,5,"[2, 3, 4, 8, 9]",,-0.3912,0.2528,-0.5695,,,,-0.3528,1.3766,"(-1, 0, 0, 0, -1, 1, 1, 0, 0)"
Node_00534,4,[X . . | . O . | X . O],2,1.3737,5,"[2, 3, 4, 6, 8]",,1.3737,0.834,0.9818,,0.5488,,-0.0058,,"(1, 0, 0, 0, -1, 0, 1, 0, -1)"
Node_00535,4,[X O . | X . . | O . .],5,1.3722,5,"[3, 5, 6, 8, 9]",,,-0.081,,1.3722,-0.1344,,0.256,-0.3285,"(1, -1, 0, 1, 0, 0, -1, 0, 0)"
Node_00536,4,[O . X | O . X | . . .],7,1.3707,5,"[2, 5, 7, 8, 9]",,0.1332,,,-0.1113,,1.3707,-0.2515,0.3439,"(-1, 0, 1, -1, 0, 1, 0, 0, 0)"
Node_00537,4,[. . . | X . . | X O O],5,1.3674,5,"[1, 2, 3, 5, 6]",0.6126,0.4338,0.2141,,1.3674,0.2182,,,,"(0, 0, 0, 1, 0, 0, 1, -1, -1)"
Node_00538,4,[X X O | . . . | O . .],5,1.3665,5,"[4, 5, 6, 8, 9]",,,,-0.5845,1.3665,-0.3185,,-0.4878,-0.3817,"(1, 1, -1, 0, 0, 0, -1, 0, 0)"
Node_00539,4,[. . . | . . X | O O X],5,1.359,5,"[1, 2, 3, 4, 5]",0.377,-0.0819,0.4095,0.6799,1.359,,,,,"(0, 0, 0, 0, 0, 1, -1, -1, 1)"
Node_00540,4,[. . . | O . . | X O X],5,1.3527,5,"[1, 2, 3, 5, 6]",0.2254,0.0207,0.1546,,1.3527,0.0374,,,,"(0, 0, 0, -1, 0, 0, 1, -1, 1)"
Node_00541,4,[. O . | X . . | X O .],5,1.3421,5,"[1, 3, 5, 6, 9]",0.4686,,-0.1015,,1.3421,0.0508,,,-0.317,"(0, -1, 0, 1, 0, 0, 1, -1, 0)"
Node_00542,4,[O . X | X . . | . . O],5,1.342,5,"[2, 5, 6, 7, 8]",,-0.1938,,,1.342,-0.0853,-0.0188,-0.1,,"(-1, 0, 1, 1, 0, 0, 0, 0, -1)"
Node_00543,4,[X . . | O . . | X . O],3,1.339,5,"[2, 3, 5, 6, 8]",,-0.0488,1.339,,-0.0599,0.3922,,-0.2266,,"(1, 0, 0, -1, 0, 0, 1, 0, -1)"
Node_00544,4,[X . O | X . . | O . .],5,1.3351,5,"[2, 5, 6, 8, 9]",,-0.5695,,,1.3351,-0.2671,,-0.6916,0.1206,"(1, 0, -1, 1, 0, 0, -1, 0, 0)"
Node_00545,4,[. X X | O O . | . . .],6,1.3339,5,"[1, 6, 7, 8, 9]",0.988,,,,,1.3339,0.1671,-0.3607,0.2977,"(0, 1, 1, -1, -1, 0, 0, 0, 0)"
Node_00546,4,[. X . | O . O | X . .],5,1.3323,5,"[1, 3, 5, 8, 9]",-0.0609,,-0.0836,,1.3323,,,0.2568,0.0452,"(0, 1, 0, -1, 0, -1, 1, 0, 0)"
Node_00547,4,[X O X | . . . | . O .],5,1.3225,5,"[4, 5, 6, 7, 9]",,,,0.3457,1.3225,-0.293,-0.19,,-0.2294,"(1, -1, 1, 0, 0, 0, 0, -1, 0)"
Node_00548,4,[. O . | . O . | . X X],3,1.3185,5,"[1, 3, 4, 6, 7]",0.5606,,1.3185,0.0949,,0.5664,0.9943,,,"(0, -1, 0, 0, -1, 0, 0, 1, 1)"
Node_00549,4,[O X . | X . . | . . O],5,1.3148,5,"[3, 5, 6, 7, 8]",,,-0.0315,,1.3148,-0.2204,-0.035,-0.2488,,"(-1, 1, 0, 1, 0, 0, 0, 0, -1)"
Node_00550,4,[. X . | X . . | O O .],9,1.3095,5,"[1, 3, 5, 6, 9]",0.1787,,-0.2362,,-0.1721,0.1152,,,1.3095,"(0, 1, 0, 1, 0, 0, -1, -1, 0)"
Node_00551,4,[X O . | O . . | X . .],5,1.3051,5,"[3, 5, 6, 8, 9]",,,0.0649,,1.3051,0.2469,,0.4092,0.3345,"(1, -1, 0, -1, 0, 0, 1, 0, 0)"
Node_00552,4,[O . X | . . O | X . .],9,1.3051,5,"[2, 4, 5, 8, 9]",,0.1392,,0.285,0.4095,,,0.0861,1.3051,"(-1, 0, 1, 0, 0, -1, 1, 0, 0)"
Node_00553,4,[O X . | . . . | X . O],5,1.3033,5,"[3, 4, 5, 6, 8]",,,-0.1876,-0.0535,1.3033,0.0091,,-0.1038,,"(-1, 1, 0, 0, 0, 0, 1, 0, -1)"
Node_00554,4,[X O . | . O . | X . .],8,1.3007,5,"[3, 4, 6, 8, 9]",,,-0.6154,0.9985,,0.3701,,1.3007,0.3279,"(1, -1, 0, 0, -1, 0, 1, 0, 0)"
Node_00555,4,[. O X | X . . | . O .],5,1.2965,5,"[1, 5, 6, 7, 9]",-0.2307,,,,1.2965,-0.3818,-0.0254,,-0.1247,"(0, -1, 1, 1, 0, 0, 0, -1, 0)"
Node_00556,4,[. X . | . O . | O . X],3,1.2942,5,"[1, 3, 4, 6, 8]",0.1254,,1.2942,-0.5695,,0.158,,-0.4686,,"(0, 1, 0, 0, -1, 0, -1, 0, 1)"
Node_00557,4,[X . . | . . . | X O O],3,1.29,5,"[2, 3, 4, 5, 6]",,0.3221,1.29,0.3439,0.4194,0.1185,,,,"(1, 0, 0, 0, 0, 0, 1, -1, -1)"
Node_00558,4,[O . . | . X X | . O .],3,1.2887,5,"[2, 3, 4, 7, 9]",,0.7934,1.2887,0.7712,,,0.8505,,0.2355,"(-1, 0, 0, 0, 1, 1, 0, -1, 0)"
Node_00559,4,[X O . | . . X | . O .],5,1.2846,5,"[3, 4, 5, 7, 9]",,,-0.1625,-0.0428,1.2846,,0.3878,,-0.2335,"(1, -1, 0, 0, 0, 1, 0, -1, 0)"
Node_00560,4,[X O O | X . . | . . .],5,1.2811,5,"[5, 6, 7, 8, 9]",,,,,1.2811,0.1044,0.6862,0.2095,0.1625,"(1, -1, -1, 1, 0, 0, 0, 0, 0)"
Node_00561,4,[. . . | X . . | O O X],5,1.2799,5,"[1, 2, 3, 5, 6]",0.3582,-0.0931,0.1641,,1.2799,0.4396,,,,"(0, 0, 0, 1, 0, 0, -1, -1, 1)"
Node_00562,4,[. O . | . X O | . X .],7,1.253,5,"[1, 3, 4, 7, 9]",0.6001,,0.7001,-0.0403,,,1.253,,0.6279,"(0, -1, 0, 0, 1, -1, 0, 1, 0)"
Node_00563,4,[X O O | . . . | . X .],6,1.25,5,"[4, 5, 6, 7, 9]",,,,0.2989,0.6475,1.25,0.2409,,0.4242,"(1, -1, -1, 0, 0, 0, 0, 1, 0)"
Node_00564,4,[. O X | . . . | O . X],1,1.2493,5,"[1, 4, 5, 6, 8]",1.2493,,,0.8315,0.5529,0.4686,,0.5149,,"(0, -1, 1, 0, 0, 0, -1, 0, 1)"
Node_00565,4,[. O X | . . X | . . O],5,1.2445,5,"[1, 4, 5, 7, 8]",-0.1066,,,0.1533,1.2445,,0.0099,0.2027,,"(0, -1, 1, 0, 0, 1, 0, 0, -1)"
Node_00566,4,[X . X | . . O | O . .],5,1.2427,5,"[2, 4, 5, 8, 9]",,0.6862,,0.7786,1.2427,,,0.7525,0.8044,"(1, 0, 1, 0, 0, -1, -1, 0, 0)"
Node_00567,4,[. . X | . O . | O . X],1,1.2409,5,"[1, 2, 4, 6, 8]",1.2409,1.0638,,0.6538,,0.8649,,0.544,,"(0, 0, 1, 0, -1, 0, -1, 0, 1)"
Node_00568,4,[X . O | . O . | . X .],7,1.2389,5,"[2, 4, 6, 7, 9]",,-0.7893,,-0.114,,-0.3671,1.2389,,-0.0578,"(1, 0, -1, 0, -1, 0, 0, 1, 0)"
Node_00569,4,[. O . | . . . | X O X],5,1.2381,5,"[1, 3, 4, 5, 6]",0.0025,,0.0591,-0.2096,1.2381,0.2865,,,,"(0, -1, 0, 0, 0, 0, 1, -1, 1)"
Node_00570,4,[X . O | . . . | O X .],5,1.2264,5,"[2, 4, 5, 6, 9]",,0.1231,,0.3061,1.2264,0.3679,,,0.0,"(1, 0, -1, 0, 0, 0, -1, 1, 0)"
Node_00571,4,[O O X | . . . | . . X],5,1.2109,5,"[4, 5, 6, 7, 8]",,,,0.353,1.2109,0.4095,0.3303,0.5082,,"(-1, -1, 1, 0, 0, 0, 0, 0, 1)"
Node_00572,4,[. X X | . . . | . O O],7,1.2038,5,"[1, 4, 5, 6, 7]",0.4095,,,-0.0999,-0.2334,-0.2564,1.2038,,,"(0, 1, 1, 0, 0, 0, 0, -1, -1)"
Node_00573,4,[X . O | . . X | O . .],5,1.1951,5,"[2, 4, 5, 8, 9]",,-0.0694,,-0.2779,1.1951,,,-0.1298,-0.1379,"(1, 0, -1, 0, 0, 1, -1, 0, 0)"
Node_00574,4,[. X O | . . X | . . O],5,1.1937,5,"[1, 4, 5, 7, 8]",-0.3353,,,0.0,1.1937,,0.0417,-0.1808,,"(0, 1, -1, 0, 0, 1, 0, 0, -1)"
Node_00575,4,[. X . | X O . | . . O],1,1.1904,5,"[1, 3, 6, 7, 8]",1.1904,,-0.3092,,,-0.6424,-0.1447,-0.8424,,"(0, 1, 0, 1, -1, 0, 0, 0, -1)"
Node_00576,4,[O . O | . . . | . X X],2,1.1752,5,"[2, 4, 5, 6, 7]",,1.1752,,-0.2415,-0.0555,-0.0838,0.4095,,,"(-1, 0, -1, 0, 0, 0, 0, 1, 1)"
Node_00577,4,[. O . | O . X | . . X],5,1.1715,5,"[1, 3, 5, 7, 8]",0.1783,,0.0,,1.1715,,0.2659,0.2918,,"(0, -1, 0, -1, 0, 1, 0, 0, 1)"
Node_00578,4,[. X O | . . O | . . X],5,1.1644,5,"[1, 4, 5, 7, 8]",-0.0395,,,0.2993,1.1644,,0.6362,0.7968,,"(0, 1, -1, 0, 0, -1, 0, 0, 1)"
Node_00579,4,[. . . | O . O | . X X],5,1.1559,5,"[1, 2, 3, 5, 7]",0.0639,-0.1912,-0.2707,,1.1559,,0.4095,,,"(0, 0, 0, -1, 0, -1, 0, 1, 1)"
Node_00580,4,[. O . | X O . | . X .],7,1.1487,5,"[1, 3, 6, 7, 9]",0.1072,,0.5759,,,-0.3026,1.1487,,0.1318,"(0, -1, 0, 1, -1, 0, 0, 1, 0)"
Node_00581,4,[. . O | X . . | O . X],5,1.139,5,"[1, 2, 5, 6, 8]",-0.1,0.0252,,,1.139,-0.021,,0.0329,,"(0, 0, -1, 1, 0, 0, -1, 0, 1)"
Node_00582,4,[. O . | O . . | X X .],5,1.1362,5,"[1, 3, 5, 6, 9]",0.2638,,0.342,,1.1362,0.1934,,,0.271,"(0, -1, 0, -1, 0, 0, 1, 1, 0)"
Node_00583,4,[. O . | . . O | X . X],5,1.1293,5,"[1, 3, 4, 5, 8]",0.5315,,0.2712,0.4583,1.1293,,,0.19,,"(0, -1, 0, 0, 0, -1, 1, 0, 1)"
Node_00584,4,[X . . | X . O | . . O],3,1.1275,5,"[2, 3, 5, 7, 8]",,0.1034,1.1275,,0.2428,,0.271,-0.1954,,"(1, 0, 0, 1, 0, -1, 0, 0, -1)"
Node_00585,4,[. . O | . . X | O X .],5,1.1179,5,"[1, 2, 4, 5, 9]",0.221,0.2454,,0.1152,1.1179,,,,-0.2689,"(0, 0, -1, 0, 0, 1, -1, 1, 0)"
Node_00586,4,[. . . | . O X | X . O],1,1.1174,5,"[1, 2, 3, 4, 8]",1.1174,-0.5102,-0.1736,-0.2681,,,,-0.2589,,"(0, 0, 0, 0, -1, 1, 1, 0, -1)"
Node_00587,4,[O . X | . . . | X O .],6,1.11,5,"[2, 4, 5, 6, 9]",,0.6336,,-0.0464,0.3439,1.11,,,0.6113,"(-1, 0, 1, 0, 0, 0, 1, -1, 0)"
Node_00588,4,[. X O | . . X | O . .],5,1.1089,5,"[1, 4, 5, 8, 9]",-0.4679,,,-0.0811,1.1089,,,0.1021,-0.3208,"(0, 1, -1, 0, 0, 1, -1, 0, 0)"
Node_00589,4,[. O O | . . . | X X .],1,1.1007,5,"[1, 4, 5, 6, 9]",1.1007,,,0.0,-0.1933,-0.1043,,,0.4095,"(0, -1, -1, 0, 0, 0, 1, 1, 0)"
Node_00590,4,[. . O | X . O | X . .],9,1.0989,5,"[1, 2, 5, 8, 9]",0.271,0.0276,,,-0.0686,,,-0.0167,1.0989,"(0, 0, -1, 1, 0, -1, 1, 0, 0)"
Node_00591,4,[. X . | X . . | . O O],7,1.0897,5,"[1, 3, 5, 6, 7]",-0.2889,,0.0564,,-0.254,-0.1652,1.0897,,,"(0, 1, 0, 1, 0, 0, 0, -1, -1)"
Node_00592,4,[O O . | . . . | X . X],3,1.0876,5,"[3, 4, 5, 6, 8]",,,1.0876,0.2205,-0.0155,-0.0393,,0.3439,,"(-1, -1, 0, 0, 0, 0, 1, 0, 1)"
Node_00593,4,[O X . | X . . | O . .],5,1.0821,5,"[3, 5, 6, 8, 9]",,,-0.2706,,1.0821,-0.0475,,0.0135,0.1327,"(-1, 1, 0, 1, 0, 0, -1, 0, 0)"
Node_00594,4,[X X . | O . . | O . .],8,1.0808,5,"[3, 5, 6, 8, 9]",,,0.0,,0.1791,0.4923,,1.0808,0.4409,"(1, 1, 0, -1, 0, 0, -1, 0, 0)"
Node_00595,4,[X . . | O . . | X O .],3,1.0776,5,"[2, 3, 5, 6, 9]",,0.2552,1.0776,,0.6277,0.3634,,,0.0877,"(1, 0, 0, -1, 0, 0, 1, -1, 0)"
Node_00596,4,[. O . | X . . | O . X],5,1.0741,5,"[1, 3, 5, 6, 8]",0.0837,,0.0639,,1.0741,0.3247,,-0.3673,,"(0, -1, 0, 1, 0, 0, -1, 0, 1)"
Node_00597,4,[X O . | . O . | . X .],7,1.0741,5,"[3, 4, 6, 7, 9]",,,0.2442,0.1586,,0.08,1.0741,,0.5151,"(1, -1, 0, 0, -1, 0, 0, 1, 0)"
Node_00598,4,[X O . | . . X | O . .],9,1.0613,5,"[3, 4, 5, 8, 9]",,,0.0375,-0.0481,0.2831,,,0.0724,1.0613,"(1, -1, 0, 0, 0, 1, -1, 0, 0)"
Node_00599,4,[O . . | . . X | . X O],5,1.0554,5,"[2, 3, 4, 5, 7]",,0.0411,-0.19,-0.3133,1.0554,,-0.3752,,,"(-1, 0, 0, 0, 0, 1, 0, 1, -1)"
Node_00600,4,[O . . | O . . | X X .],5,1.0516,5,"[2, 3, 5, 6, 9]",,0.2529,0.0252,,1.0516,0.0709,,,0.4095,"(-1, 0, 0, -1, 0, 0, 1, 1, 0)"
Node_00601,4,[. . O | X O . | X . .],9,1.0452,5,"[1, 2, 6, 8, 9]",0.5217,0.6887,,,,-0.2592,,0.6449,1.0452,"(0, 0, -1, 1, -1, 0, 1, 0, 0)"
Node_00602,4,[. . . | X . O | X . O],3,1.0423,5,"[1, 2, 3, 5, 8]",0.5695,0.127,1.0423,,0.3451,,,-0.119,,"(0, 0, 0, 1, 0, -1, 1, 0, -1)"
Node_00603,4,[. O . | O . . | . X X],1,1.042,5,"[1, 3, 5, 6, 7]",1.042,,0.2447,,0.0786,0.1275,0.271,,,"(0, -1, 0, -1, 0, 0, 0, 1, 1)"
Node_00604,4,[O X O | . . X | . . .],5,1.0363,5,"[4, 5, 7, 8, 9]",,,,0.1102,1.0363,,0.1155,0.2667,0.0965,"(-1, 1, -1, 0, 0, 1, 0, 0, 0)"
Node_00605,4,[O X . | O . . | X . .],9,1.03,5,"[3, 5, 6, 8, 9]",,,-0.2534,,0.6157,-0.0462,,0.2524,1.03,"(-1, 1, 0, -1, 0, 0, 1, 0, 0)"
Node_00606,4,[O X . | . . . | O . X],4,1.0239,5,"[3, 4, 5, 6, 8]",,,-0.1382,1.0239,-0.2314,-0.2951,,-0.1351,,"(-1, 1, 0, 0, 0, 0, -1, 0, 1)"
Node_00607,4,[. . O | X O . | . X .],7,1.0159,5,"[1, 2, 6, 7, 9]",0.5212,-0.3647,,,,-0.6161,1.0159,,-0.2897,"(0, 0, -1, 1, -1, 0, 0, 1, 0)"
Node_00608,4,[X X . | . . O | O . .],5,1.0152,5,"[3, 4, 5, 8, 9]",,,0.3439,-0.0717,1.0152,,,0.2059,0.5535,"(1, 1, 0, 0, 0, -1, -1, 0, 0)"
Node_00609,4,[O . X | . . . | . X O],5,1.0137,5,"[2, 4, 5, 6, 7]",,-0.0198,,-0.1258,1.0137,0.2466,-0.063,,,"(-1, 0, 1, 0, 0, 0, 0, 1, -1)"
Node_00610,4,[O X . | O . . | . . X],7,1.0117,5,"[3, 5, 6, 7, 8]",,,0.0915,,-0.1223,-0.1525,1.0117,0.237,,"(-1, 1, 0, -1, 0, 0, 0, 0, 1)"
Node_00611,4,[O X O | . . . | . . X],5,1.0071,5,"[4, 5, 6, 7, 8]",,,,0.4335,1.0071,-0.0748,0.2236,0.2989,,"(-1, 1, -1, 0, 0, 0, 0, 0, 1)"
Node_00612,4,[. . O | . . X | . X O],5,1.0041,5,"[1, 2, 4, 5, 7]",0.1262,-0.2558,,0.0315,1.0041,,-0.1334,,,"(0, 0, -1, 0, 0, 1, 0, 1, -1)"
Node_00613,4,[X . . | . X . | O O .],9,1.0,5,"[2, 3, 4, 6, 9]",,-0.0189,-0.5925,0.0035,,0.1042,,,1.0,"(1, 0, 0, 0, 1, 0, -1, -1, 0)"
Node_00614,4,[. . . | . X O | X . O],3,1.0,5,"[1, 2, 3, 4, 8]",-0.153,0.0111,1.0,-0.2161,,,,-0.1378,,"(0, 0, 0, 0, 1, -1, 1, 0, -1)"
Node_00615,4,[X . O | . . . | X . O],4,1.0,5,"[2, 4, 5, 6, 8]",,-0.2912,,1.0,-0.2914,0.2108,,-0.1291,,"(1, 0, -1, 0, 0, 0, 1, 0, -1)"
Node_00616,4,[O . X | . . . | O . X],6,1.0,5,"[2, 4, 5, 6, 8]",,-0.56,,0.5922,-0.4361,1.0,,-0.5985,,"(-1, 0, 1, 0, 0, 0, -1, 0, 1)"
Node_00617,4,[. X . | . X . | O . O],8,1.0,5,"[1, 3, 4, 6, 8]",-0.6048,,0.0444,-0.1776,,-0.1115,,1.0,,"(0, 1, 0, 0, 1, 0, -1, 0, -1)"
Node_00618,4,[X . X | . . . | O . O],2,1.0,5,"[2, 4, 5, 6, 8]",,1.0,,-0.3012,-0.0939,0.2196,,0.1584,,"(1, 0, 1, 0, 0, 0, -1, 0, -1)"
Node_00619,4,[. . X | . X . | . O O],7,1.0,5,"[1, 2, 4, 6, 7]",-0.2358,-0.1966,,-0.272,,-0.2146,1.0,,,"(0, 0, 1, 0, 1, 0, 0, -1, -1)"
Node_00620,4,[. . O | X X . | . . O],6,0.9999,5,"[1, 2, 6, 7, 8]",0.2078,-0.0228,,,,0.9999,0.1123,-0.3874,,"(0, 0, -1, 1, 1, 0, 0, 0, -1)"
Node_00621,4,[X . O | . X O | . . .],9,0.9999,5,"[2, 4, 7, 8, 9]",,0.0001,,-0.1903,,,-0.2271,0.4504,0.9999,"(1, 0, -1, 0, 1, -1, 0, 0, 0)"
Node_00622,4,[O . O | . X . | . X .],2,0.9999,5,"[2, 4, 6, 7, 9]",,0.9999,,-0.0061,,0.1002,0.0072,,-0.0385,"(-1, 0, -1, 0, 1, 0, 0, 1, 0)"
Node_00623,4,[. X X | . O . | . . O],1,0.9998,5,"[1, 4, 6, 7, 8]",0.9998,,,-0.1971,,0.1921,-0.4255,-0.6119,,"(0, 1, 1, 0, -1, 0, 0, 0, -1)"
Node_00624,4,[O . X | O X . | . . .],7,0.9998,5,"[2, 6, 7, 8, 9]",,0.4102,,,,-0.0377,0.9998,-0.6578,-0.5148,"(-1, 0, 1, -1, 1, 0, 0, 0, 0)"
Node_00625,4,[O O . | . X . | X . .],3,0.9998,5,"[3, 4, 6, 8, 9]",,,0.9998,-0.3614,,0.3066,,-0.0301,0.0613,"(-1, -1, 0, 0, 1, 0, 1, 0, 0)"
Node_00626,4,[. . . | O X . | O . X],1,0.9998,5,"[1, 2, 3, 6, 8]",0.9998,0.2833,0.0601,,,0.2391,,0.2413,,"(0, 0, 0, -1, 1, 0, -1, 0, 1)"
Node_00627,4,[. . X | O O . | . . X],6,0.9996,5,"[1, 2, 6, 7, 8]",-0.2124,0.0989,,,,0.9996,-0.2725,-0.028,,"(0, 0, 1, -1, -1, 0, 0, 0, 1)"
Node_00628,4,[. . . | . O O | . X X],7,0.9994,5,"[1, 2, 3, 4, 7]",-0.2797,-0.1084,-0.3954,0.1061,,,0.9994,,,"(0, 0, 0, 0, -1, -1, 0, 1, 1)"
Node_00629,4,[O . X | . O . | . . X],6,0.9991,5,"[2, 4, 6, 7, 8]",,0.2414,,0.5874,,0.9991,0.9076,0.6583,,"(-1, 0, 1, 0, -1, 0, 0, 0, 1)"
Node_00630,4,[O . . | . X X | O . .],4,0.999,5,"[2, 3, 4, 8, 9]",,0.1237,0.0674,0.999,,,,-0.1521,-0.1947,"(-1, 0, 0, 0, 1, 1, -1, 0, 0)"
Node_00631,4,[O . X | . O X | . . .],9,0.999,5,"[2, 4, 7, 8, 9]",,-0.1727,,0.0454,,,-0.5173,-0.5785,0.999,"(-1, 0, 1, 0, -1, 1, 0, 0, 0)"
Node_00632,4,[. X X | . O O | . . .],1,0.9987,5,"[1, 4, 7, 8, 9]",0.9987,,,0.7098,,,-0.4674,-0.1125,-0.566,"(0, 1, 1, 0, -1, -1, 0, 0, 0)"
Node_00633,4,[. . X | . O . | . O X],6,0.9984,5,"[1, 2, 4, 6, 7]",0.0401,0.7351,,-0.1538,,0.9984,-0.5062,,,"(0, 0, 1, 0, -1, 0, 0, -1, 1)"
Node_00634,4,[. . O | . O . | . X X],7,0.9982,5,"[1, 2, 4, 6, 7]",-0.0809,-0.4179,,-0.1714,,-0.5493,0.9982,,,"(0, 0, -1, 0, -1, 0, 0, 1, 1)"
Node_00635,4,[. O O | . X . | . . X],1,0.998,5,"[1, 4, 6, 7, 8]",0.998,,,0.2012,,0.0419,0.6667,0.0463,,"(0, -1, -1, 0, 1, 0, 0, 0, 1)"
Node_00636,4,[X . O | X O . | . . .],7,0.998,5,"[2, 6, 7, 8, 9]",,-0.3036,,,,-0.1937,0.998,-0.023,-0.0332,"(1, 0, -1, 1, -1, 0, 0, 0, 0)"
Node_00637,4,[X . X | . O . | O . .],2,0.9978,5,"[2, 4, 6, 8, 9]",,0.9978,,0.332,,0.9809,,0.859,0.542,"(1, 0, 1, 0, -1, 0, -1, 0, 0)"
Node_00638,4,[. . . | . O O | X . X],8,0.9975,5,"[1, 2, 3, 4, 8]",-0.1776,-0.1359,-0.1114,0.8004,,,,0.9975,,"(0, 0, 0, 0, -1, -1, 1, 0, 1)"
Node_00639,4,[. O . | . O . | X . X],8,0.9975,5,"[1, 3, 4, 6, 8]",-0.3564,,-0.4587,-0.2,,0.0066,,0.9975,,"(0, -1, 0, 0, -1, 0, 1, 0, 1)"
Node_00640,4,[. . . | O O . | . X X],7,0.9973,5,"[1, 2, 3, 6, 7]",-0.1391,-0.5029,-0.1301,,,0.6937,0.9973,,,"(0, 0, 0, -1, -1, 0, 0, 1, 1)"
Node_00641,4,[X X . | O O . | . . .],3,0.9973,5,"[3, 6, 7, 8, 9]",,,0.9973,,,0.0496,-0.4713,-0.6184,-0.0141,"(1, 1, 0, -1, -1, 0, 0, 0, 0)"
Node_00642,4,[. X X | . O . | O . .],1,0.9973,5,"[1, 4, 6, 8, 9]",0.9973,,,0.2557,,0.8126,,-0.2784,0.8901,"(0, 1, 1, 0, -1, 0, -1, 0, 0)"
Node_00643,4,[X . X | . O . | . O .],2,0.997,5,"[2, 4, 6, 7, 9]",,0.997,,-0.1553,,-0.1371,0.0535,,0.084,"(1, 0, 1, 0, -1, 0, 0, -1, 0)"
Node_00644,4,[. . . | O O . | X X .],9,0.9966,5,"[1, 2, 3, 6, 9]",-0.529,-0.2255,-0.2646,,,0.1522,,,0.9966,"(0, 0, 0, -1, -1, 0, 1, 1, 0)"
Node_00645,4,[. . . | X O . | X O .],1,0.9962,5,"[1, 2, 3, 6, 9]",0.9962,0.3505,-0.1613,,,0.1175,,,-0.3262,"(0, 0, 0, 1, -1, 0, 1, -1, 0)"
Node_00646,4,[. . X | O . . | O . X],6,0.9958,5,"[1, 2, 5, 6, 8]",0.5995,-0.4068,,,-0.3212,0.9958,,-0.3317,,"(0, 0, 1, -1, 0, 0, -1, 0, 1)"
Node_00647,4,[O . . | . O . | . X X],7,0.9958,5,"[2, 3, 4, 6, 7]",,-0.4072,0.7089,0.1335,,0.3997,0.9958,,,"(-1, 0, 0, 0, -1, 0, 0, 1, 1)"
Node_00648,4,[. . . | X O . | X . O],1,0.9958,5,"[1, 2, 3, 6, 8]",0.9958,0.1397,-0.0448,,,-0.0332,,0.0002,,"(0, 0, 0, 1, -1, 0, 1, 0, -1)"
Node_00649,4,[. . . | . O X | O . X],3,0.9954,5,"[1, 2, 3, 4, 8]",-0.4401,-0.0456,0.9954,-0.5895,,,,-0.5272,,"(0, 0, 0, 0, -1, 1, -1, 0, 1)"
Node_00650,4,[X O . | X O . | . . .],7,0.9948,5,"[3, 6, 7, 8, 9]",,,-0.2454,,,-0.385,0.9948,0.3203,-0.2746,"(1, -1, 0, 1, -1, 0, 0, 0, 0)"
Node_00651,4,[O . . | . O . | X X .],9,0.9943,5,"[2, 3, 4, 6, 9]",,-0.3947,0.2372,0.1554,,-0.28,,,0.9943,"(-1, 0, 0, 0, -1, 0, 1, 1, 0)"
Node_00652,4,[. . . | X O O | X . .],1,0.9936,5,"[1, 2, 3, 8, 9]",0.9936,0.5081,0.0767,,,,,0.6842,0.8932,"(0, 0, 0, 1, -1, -1, 1, 0, 0)"
Node_00653,4,[X . . | . O O | X . .],4,0.9936,5,"[2, 3, 4, 8, 9]",,0.051,0.2567,0.9936,,,,-0.0458,0.2855,"(1, 0, 0, 0, -1, -1, 1, 0, 0)"
Node_00654,4,[. . . | . . O | O X X],5,0.993,5,"[1, 2, 3, 4, 5]",-0.19,-0.0017,-0.1576,0.1099,0.993,,,,,"(0, 0, 0, 0, 0, -1, -1, 1, 1)"
Node_00655,4,[. . X | . O X | . O .],9,0.9929,5,"[1, 2, 4, 7, 9]",-0.4112,0.4768,,-0.4404,,,-0.5559,,0.9929,"(0, 0, 1, 0, -1, 1, 0, -1, 0)"
Node_00656,4,[. X X | . O . | . O .],1,0.9913,5,"[1, 4, 6, 7, 9]",0.9913,,,0.3838,,0.7155,0.4512,,0.9256,"(0, 1, 1, 0, -1, 0, 0, -1, 0)"
Node_00657,4,[X X . | . O . | O . .],3,0.9913,5,"[3, 4, 6, 8, 9]",,,0.9913,-0.3308,,0.0869,,-0.1458,-0.4118,"(1, 1, 0, 0, -1, 0, -1, 0, 0)"
Node_00658,4,[. . . | O O . | X . X],8,0.9913,5,"[1, 2, 3, 6, 8]",0.1991,0.2552,0.0946,,,0.6384,,0.9913,,"(0, 0, 0, -1, -1, 0, 1, 0, 1)"
Node_00659,4,[. X O | . O . | X . .],9,0.9899,5,"[1, 4, 6, 8, 9]",-0.0004,,,0.4634,,0.1044,,-0.166,0.9899,"(0, 1, -1, 0, -1, 0, 1, 0, 0)"
Node_00660,4,[X . . | . . X | . O O],7,0.9892,5,"[2, 3, 4, 5, 7]",,0.0082,0.2695,0.152,-0.4339,,0.9892,,,"(1, 0, 0, 0, 0, 1, 0, -1, -1)"
Node_00661,4,[. O . | . . X | X . O],5,0.9891,5,"[1, 3, 4, 5, 8]",0.2771,,-0.0541,-0.2002,0.9891,,,-0.0596,,"(0, -1, 0, 0, 0, 1, 1, 0, -1)"
Node_00662,4,[O O X | . . . | X . .],9,0.9888,5,"[4, 5, 6, 8, 9]",,,,0.1867,0.4095,0.3179,,0.3336,0.9888,"(-1, -1, 1, 0, 0, 0, 1, 0, 0)"
Node_00663,4,[. . X | O O X | . . .],9,0.9867,5,"[1, 2, 7, 8, 9]",0.6935,0.5904,,,,,0.4133,0.3217,0.9867,"(0, 0, 1, -1, -1, 1, 0, 0, 0)"
Node_00664,4,[. . O | . O . | X . X],8,0.9867,5,"[1, 2, 4, 6, 8]",0.6431,0.5352,,0.4508,,0.0831,,0.9867,,"(0, 0, -1, 0, -1, 0, 1, 0, 1)"
Node_00665,4,[. O X | . O X | . . .],9,0.9836,5,"[1, 4, 7, 8, 9]",0.2481,,,-0.2915,,,-0.2955,-0.0313,0.9836,"(0, -1, 1, 0, -1, 1, 0, 0, 0)"
Node_00666,4,[O . O | . . . | X . X],8,0.9836,5,"[2, 4, 5, 6, 8]",,0.3099,,0.0181,-0.1186,-0.5205,,0.9836,,"(-1, 0, -1, 0, 0, 0, 1, 0, 1)"
Node_00667,4,[. O . | X O . | X . .],1,0.9836,5,"[1, 3, 6, 8, 9]",0.9836,,0.1456,,,-0.5432,,0.9075,0.1731,"(0, -1, 0, 1, -1, 0, 1, 0, 0)"
Node_00668,4,[X . . | X O . | . . O],7,0.9836,5,"[2, 3, 6, 7, 8]",,0.4891,0.7323,,,0.4445,0.9836,0.3133,,"(1, 0, 0, 1, -1, 0, 0, 0, -1)"
Node_00669,4,[X . X | O . . | . . O],2,0.9836,5,"[2, 5, 6, 7, 8]",,0.9836,,,0.8725,0.3852,0.554,0.2222,,"(1, 0, 1, -1, 0, 0, 0, 0, -1)"
Node_00670,4,[. X X | . . O | . . O],5,0.9833,5,"[1, 4, 5, 7, 8]",0.3439,,,0.3108,0.9833,,0.0589,0.0161,,"(0, 1, 1, 0, 0, -1, 0, 0, -1)"
Node_00671,4,[X X . | . O . | . . O],3,0.9818,5,"[3, 4, 6, 7, 8]",,,0.9818,0.3314,,0.7598,0.7386,0.1306,,"(1, 1, 0, 0, -1, 0, 0, 0, -1)"
Node_00672,4,[. . O | . O . | X X .],9,0.9818,5,"[1, 2, 4, 6, 9]",0.3682,0.0811,,0.6442,,0.504,,,0.9818,"(0, 0, -1, 0, -1, 0, 1, 1, 0)"
Node_00673,4,[X . . | X O . | . O .],7,0.9797,5,"[2, 3, 6, 7, 9]",,0.6064,0.1056,,,-0.3308,0.9797,,-0.1326,"(1, 0, 0, 1, -1, 0, 0, -1, 0)"
Node_00674,4,[. . X | . O X | O . .],9,0.9797,5,"[1, 2, 4, 8, 9]",0.7234,0.4538,,0.0528,,,,0.2973,0.9797,"(0, 0, 1, 0, -1, 1, -1, 0, 0)"
Node_00675,4,[. . . | . O X | . O X],3,0.9775,5,"[1, 2, 3, 4, 7]",-0.2222,0.1513,0.9775,0.1191,,,0.0265,,,"(0, 0, 0, 0, -1, 1, 0, -1, 1)"
Node_00676,4,[O . . | . O X | . . X],3,0.9775,5,"[2, 3, 4, 7, 8]",,0.3025,0.9775,-0.1145,,,0.6447,0.5992,,"(-1, 0, 0, 0, -1, 1, 0, 0, 1)"
Node_00677,4,[. . X | O X . | . O .],7,0.975,5,"[1, 2, 6, 7, 9]",0.5538,0.6351,,,,0.4771,0.975,,0.3303,"(0, 0, 1, -1, 1, 0, 0, -1, 0)"
Node_00678,4,[. X O | O . . | X . .],5,0.9747,5,"[1, 5, 6, 8, 9]",-0.1871,,,,0.9747,0.0272,,0.3587,0.3745,"(0, 1, -1, -1, 0, 0, 1, 0, 0)"
Node_00679,4,[O . X | O . . | X . .],6,0.9742,5,"[2, 5, 6, 8, 9]",,0.0609,,,0.5695,0.9742,,0.0501,0.712,"(-1, 0, 1, -1, 0, 0, 1, 0, 0)"
Node_00680,4,[. . . | O . O | X . X],8,0.9722,5,"[1, 2, 3, 5, 8]",0.0486,0.0513,-0.1772,,0.4267,,,0.9722,,"(0, 0, 0, -1, 0, -1, 1, 0, 1)"
Node_00681,4,[. . . | O O X | . . X],3,0.9657,5,"[1, 2, 3, 7, 8]",0.2899,0.1161,0.9657,,,,0.869,0.2872,,"(0, 0, 0, -1, -1, 1, 0, 0, 1)"
Node_00682,4,[X X . | . O O | . . .],3,0.9618,5,"[3, 4, 7, 8, 9]",,,0.9618,0.8751,,,0.1369,-0.2708,0.0545,"(1, 1, 0, 0, -1, -1, 0, 0, 0)"
Node_00683,4,[O . X | . . . | . O X],7,0.9583,5,"[2, 4, 5, 6, 7]",,0.1961,,0.572,0.6401,0.4686,0.9583,,,"(-1, 0, 1, 0, 0, 0, 0, -1, 1)"
Node_00684,4,[O . X | . . X | O . .],9,0.9576,5,"[2, 4, 5, 8, 9]",,-0.177,,0.388,0.56,,,0.0113,0.9576,"(-1, 0, 1, 0, 0, 1, -1, 0, 0)"
Node_00685,4,[X O O | . . . | X . .],4,0.9576,5,"[4, 5, 6, 8, 9]",,,,0.9576,0.8053,0.2988,,0.2719,0.7105,"(1, -1, -1, 0, 0, 0, 1, 0, 0)"
Node_00686,4,[O X . | . . X | . . O],5,0.9575,5,"[3, 4, 5, 7, 8]",,,-0.3336,-0.271,0.9575,,-0.0447,0.0438,,"(-1, 1, 0, 0, 0, 1, 0, 0, -1)"
Node_00687,4,[O X X | . . O | . . .],5,0.957,5,"[4, 5, 7, 8, 9]",,,,0.3965,0.957,,-0.218,0.092,0.0,"(-1, 1, 1, 0, 0, -1, 0, 0, 0)"
Node_00688,4,[. O X | . . O | . . X],5,0.956,5,"[1, 4, 5, 7, 8]",-0.19,,,0.1416,0.956,,0.2841,0.41,,"(0, -1, 1, 0, 0, -1, 0, 0, 1)"
Node_00689,4,[O . . | . . O | X . X],4,0.9538,5,"[2, 3, 4, 5, 8]",,0.34,0.5073,0.9538,0.4897,,,0.271,,"(-1, 0, 0, 0, 0, -1, 1, 0, 1)"
Node_00690,4,[. X . | O . O | . . X],5,0.9474,5,"[1, 3, 5, 7, 8]",-0.3164,,-0.2906,,0.9474,,0.0,-0.0047,,"(0, 1, 0, -1, 0, -1, 0, 0, 1)"
Node_00691,4,[. X . | O . X | O . .],1,0.9441,5,"[1, 3, 5, 8, 9]",0.9441,,-0.1021,,0.0411,,,0.2577,0.1511,"(0, 1, 0, -1, 0, 1, -1, 0, 0)"
Node_00692,4,[. X . | X O . | O . .],3,0.9413,5,"[1, 3, 6, 8, 9]",-0.1559,,0.9413,,,-0.6037,,-0.2439,-0.3285,"(0, 1, 0, 1, -1, 0, -1, 0, 0)"
Node_00693,4,[. . X | . . O | X . O],4,0.9387,5,"[1, 2, 4, 5, 8]",0.3174,0.6139,,0.9387,0.3439,,,-0.0317,,"(0, 0, 1, 0, 0, -1, 1, 0, -1)"
Node_00694,4,[X . . | O . . | O X .],5,0.9361,5,"[2, 3, 5, 6, 9]",,0.308,0.3096,,0.9361,0.2495,,,-0.1939,"(1, 0, 0, -1, 0, 0, -1, 1, 0)"
Node_00695,4,[O . . | O . X | . . X],3,0.9354,5,"[2, 3, 5, 7, 8]",,-0.1166,0.9354,,-0.1471,,0.4064,-0.2795,,"(-1, 0, 0, -1, 0, 1, 0, 0, 1)"
Node_00696,4,[. . . | O . X | . O X],3,0.9354,5,"[1, 2, 3, 5, 7]",0.1481,0.4186,0.9354,,0.501,,0.6865,,,"(0, 0, 0, -1, 0, 1, 0, -1, 1)"
Node_00697,4,[X O O | . . X | . . .],8,0.9324,5,"[4, 5, 7, 8, 9]",,,,0.1823,0.2906,,0.5193,0.9324,0.1757,"(1, -1, -1, 0, 0, 1, 0, 0, 0)"
Node_00698,4,[. . . | O . X | X O .],3,0.9291,5,"[1, 2, 3, 5, 9]",0.2299,0.0225,0.9291,,0.2157,,,,0.3374,"(0, 0, 0, -1, 0, 1, 1, -1, 0)"
Node_00699,4,[X . . | . . O | X . O],4,0.9282,5,"[2, 3, 4, 5, 8]",,-0.1867,0.4505,0.9282,-0.0288,,,0.1522,,"(1, 0, 0, 0, 0, -1, 1, 0, -1)"
Node_00700,4,[. X X | . . . | O O .],1,0.9282,5,"[1, 4, 5, 6, 9]",0.9282,,,0.0307,-0.226,-0.4268,,,0.2645,"(0, 1, 1, 0, 0, 0, -1, -1, 0)"
Node_00701,4,[. O X | . . . | X . O],5,0.9202,5,"[1, 4, 5, 6, 8]",0.0998,,,-0.0641,0.9202,0.2011,,0.009,,"(0, -1, 1, 0, 0, 0, 1, 0, -1)"
Node_00702,4,[. O . | . . X | . O X],5,0.9201,5,"[1, 3, 4, 5, 7]",-0.1815,,0.3439,0.2159,0.9201,,-0.1775,,,"(0, -1, 0, 0, 0, 1, 0, -1, 1)"
Node_00703,4,[. . X | O . . | X . O],1,0.919,5,"[1, 2, 5, 6, 8]",0.919,0.0,,,0.19,0.3122,,-0.0541,,"(0, 0, 1, -1, 0, 0, 1, 0, -1)"
Node_00704,4,[X O . | . . . | . X O],7,0.9151,5,"[3, 4, 5, 6, 7]",,,0.3265,0.0107,0.0,0.0,0.9151,,,"(1, -1, 0, 0, 0, 0, 0, 1, -1)"
Node_00705,4,[. . O | X . . | X . O],1,0.9114,5,"[1, 2, 5, 6, 8]",0.9114,-0.3145,,,-0.0415,0.2774,,-0.0806,,"(0, 0, -1, 1, 0, 0, 1, 0, -1)"
Node_00706,4,[. . O | . . O | X . X],8,0.9114,5,"[1, 2, 4, 5, 8]",0.8052,0.7639,,0.2604,0.3623,,,0.9114,,"(0, 0, -1, 0, 0, -1, 1, 0, 1)"
Node_00707,4,[O . . | . . O | X X .],9,0.9114,5,"[2, 3, 4, 5, 9]",,-0.2481,0.2754,0.0505,0.4936,,,,0.9114,"(-1, 0, 0, 0, 0, -1, 1, 1, 0)"
Node_00708,4,[X O . | . . O | . X .],7,0.9106,5,"[3, 4, 5, 7, 9]",,,0.1595,-0.0876,0.1617,,0.9106,,0.2347,"(1, -1, 0, 0, 0, -1, 0, 1, 0)"
Node_00709,4,[O O X | . . . | . X .],9,0.9097,5,"[4, 5, 6, 7, 9]",,,,0.2943,0.0244,0.2229,0.3555,,0.9097,"(-1, -1, 1, 0, 0, 0, 0, 1, 0)"
Node_00710,4,[O . . | O . X | . X .],7,0.9074,5,"[2, 3, 5, 7, 9]",,-0.2632,-0.3439,,-0.0294,,0.9074,,-0.428,"(-1, 0, 0, -1, 0, 1, 0, 1, 0)"
Node_00711,4,[X . O | O . . | . X .],9,0.9074,5,"[2, 5, 6, 7, 9]",,0.0727,,,0.4042,0.5087,0.1887,,0.9074,"(1, 0, -1, -1, 0, 0, 0, 1, 0)"
Node_00712,4,[X . . | X . O | . O .],9,0.907,5,"[2, 3, 5, 7, 9]",,0.0,0.1635,,0.2124,,0.19,,0.907,"(1, 0, 0, 1, 0, -1, 0, -1, 0)"
Node_00713,4,[X O . | . . O | . . X],8,0.9041,5,"[3, 4, 5, 7, 8]",,,0.0292,0.5192,0.3439,,0.2627,0.9041,,"(1, -1, 0, 0, 0, -1, 0, 0, 1)"
Node_00714,4,[. O X | O . . | X . .],8,0.9027,5,"[1, 5, 6, 8, 9]",0.4496,,,,0.3439,0.2254,,0.9027,0.3122,"(0, -1, 1, -1, 0, 0, 1, 0, 0)"
Node_00715,4,[O . X | . . . | X . O],5,0.9015,5,"[2, 4, 5, 6, 8]",,0.2778,,0.022,0.9015,-0.1639,,0.1228,,"(-1, 0, 1, 0, 0, 0, 1, 0, -1)"
Node_00716,4,[X X . | . . . | . O O],3,0.9015,5,"[3, 4, 5, 6, 7]",,,0.9015,-0.1923,-0.279,-0.1449,0.3957,,,"(1, 1, 0, 0, 0, 0, 0, -1, -1)"
Node_00717,4,[O O . | . . . | X X .],9,0.9015,5,"[3, 4, 5, 6, 9]",,,0.0,-0.4342,-0.1417,0.0003,,,0.9015,"(-1, -1, 0, 0, 0, 0, 1, 1, 0)"
Node_00718,4,[X . . | . . O | X O .],2,0.8994,5,"[2, 3, 4, 5, 9]",,0.8994,0.1873,0.4095,0.6496,,,,0.3742,"(1, 0, 0, 0, 0, -1, 1, -1, 0)"
Node_00719,4,[X . . | . . O | O X .],3,0.8982,5,"[2, 3, 4, 5, 9]",,0.4185,0.8982,0.0203,0.3988,,,,0.2512,"(1, 0, 0, 0, 0, -1, -1, 1, 0)"
Node_00720,4,[. X O | X . O | . . .],9,0.8917,5,"[1, 5, 7, 8, 9]",0.0098,,,,-0.0403,,-0.0029,-0.4432,0.8917,"(0, 1, -1, 1, 0, -1, 0, 0, 0)"
Node_00721,4,[. . . | X . O | X O .],1,0.8906,5,"[1, 2, 3, 5, 9]",0.8906,0.2596,0.2875,,0.3238,,,,0.3987,"(0, 0, 0, 1, 0, -1, 1, -1, 0)"
Node_00722,4,[X . O | X . O | . . .],7,0.8906,5,"[2, 5, 7, 8, 9]",,-0.1855,,,-0.1675,,0.8906,-0.2498,0.6013,"(1, 0, -1, 1, 0, -1, 0, 0, 0)"
Node_00723,4,[. O O | . . . | . X X],7,0.8906,5,"[1, 4, 5, 6, 7]",0.4942,,,0.0993,-0.0144,0.1401,0.8906,,,"(0, -1, -1, 0, 0, 0, 0, 1, 1)"
Node_00724,4,[. . X | . . O | X O .],2,0.8875,5,"[1, 2, 4, 5, 9]",0.2999,0.8875,,0.3033,0.6513,,,,0.0,"(0, 0, 1, 0, 0, -1, 1, -1, 0)"
Node_00725,4,[O . . | X . O | X . .],9,0.887,5,"[2, 3, 5, 8, 9]",,0.0132,0.2788,,0.2937,,,0.112,0.887,"(-1, 0, 0, 1, 0, -1, 1, 0, 0)"
Node_00726,4,[. . X | . . O | . O X],5,0.8849,5,"[1, 2, 4, 5, 7]",0.4009,0.2792,,0.136,0.8849,,-0.1,,,"(0, 0, 1, 0, 0, -1, 0, -1, 1)"
Node_00727,4,[. X X | . . O | . O .],4,0.8844,5,"[1, 4, 5, 7, 9]",0.19,,,0.8844,0.1273,,0.2247,,0.0928,"(0, 1, 1, 0, 0, -1, 0, -1, 0)"
Node_00728,4,[. O . | X . O | . X .],7,0.8841,5,"[1, 3, 5, 7, 9]",0.2257,,0.1127,,0.0,,0.8841,,0.1152,"(0, -1, 0, 1, 0, -1, 0, 1, 0)"
Node_00729,4,[X . . | . O X | . . O],7,0.8821,5,"[2, 3, 4, 7, 8]",,0.4556,0.0979,-0.064,,,0.8821,0.5429,,"(1, 0, 0, 0, -1, 1, 0, 0, -1)"
Node_00730,4,[O O X | . . X | . . .],9,0.8784,5,"[4, 5, 7, 8, 9]",,,,0.3436,0.5782,,0.2401,0.2403,0.8784,"(-1, -1, 1, 0, 0, 1, 0, 0, 0)"
Node_00731,4,[O O . | . . . | . X X],7,0.8784,5,"[3, 4, 5, 6, 7]",,,0.4812,0.1492,-0.5036,-0.3824,0.8784,,,"(-1, -1, 0, 0, 0, 0, 0, 1, 1)"
Node_00732,4,[O . O | . . . | X X .],9,0.8784,5,"[2, 4, 5, 6, 9]",,0.1668,,-0.08,-0.1444,-0.0799,,,0.8784,"(-1, 0, -1, 0, 0, 0, 1, 1, 0)"
Node_00733,4,[. . . | . O O | X X .],9,0.8784,5,"[1, 2, 3, 4, 9]",0.1328,-0.1246,0.0056,0.5181,,,,,0.8784,"(0, 0, 0, 0, -1, -1, 1, 1, 0)"
Node_00734,4,[X . O | . . . | O . X],5,0.8784,5,"[2, 4, 5, 6, 8]",,-0.19,,-0.501,0.8784,-0.1027,,0.0538,,"(1, 0, -1, 0, 0, 0, -1, 0, 1)"
Node_00735,4,[O . . | X . . | X O .],5,0.8759,5,"[2, 3, 5, 6, 9]",,0.2145,0.1204,,0.8759,-0.1711,,,0.2255,"(-1, 0, 0, 1, 0, 0, 1, -1, 0)"
Node_00736,4,[X . . | . . X | O O .],9,0.8659,5,"[2, 3, 4, 5, 9]",,-0.1252,-0.2745,-0.2479,-0.3016,,,,0.8659,"(1, 0, 0, 0, 0, 1, -1, -1, 0)"
Node_00737,4,[X X . | O . . | . . O],6,0.8652,5,"[3, 5, 6, 7, 8]",,,0.4686,,0.553,0.8652,-0.09,0.1613,,"(1, 1, 0, -1, 0, 0, 0, 0, -1)"
Node_00738,4,[O X . | . . . | O X .],5,0.8649,5,"[3, 4, 5, 6, 9]",,,-0.19,-0.182,0.8649,0.108,,,-0.3222,"(-1, 1, 0, 0, 0, 0, -1, 1, 0)"
Node_00739,4,[. . O | . . X | . O X],5,0.8635,5,"[1, 2, 4, 5, 7]",-0.3129,0.0968,,-0.3796,0.8635,,-0.2863,,,"(0, 0, -1, 0, 0, 1, 0, -1, 1)"
Node_00740,4,[X O . | . . O | X . .],5,0.86,5,"[3, 4, 5, 8, 9]",,,0.1986,0.5217,0.86,,,0.2423,0.4385,"(1, -1, 0, 0, 0, -1, 1, 0, 0)"
Node_00741,4,[. O . | X . . | . O X],5,0.8542,5,"[1, 3, 5, 6, 7]",0.1152,,-0.056,,0.8542,0.1427,-0.056,,,"(0, -1, 0, 1, 0, 0, 0, -1, 1)"
Node_00742,4,[. . O | X . . | O X .],5,0.8501,5,"[1, 2, 5, 6, 9]",-0.271,0.1474,,,0.8501,0.1152,,,0.0,"(0, 0, -1, 1, 0, 0, -1, 1, 0)"
Node_00743,4,[. . . | O . X | O . X],3,0.8499,5,"[1, 2, 3, 5, 8]",0.5872,0.1554,0.8499,,0.2154,,,-0.2515,,"(0, 0, 0, -1, 0, 1, -1, 0, 1)"
Node_00744,4,[. . X | O . X | O . .],9,0.8499,5,"[1, 2, 5, 8, 9]",0.7347,-0.0003,,,-0.3776,,,0.0392,0.8499,"(0, 0, 1, -1, 0, 1, -1, 0, 0)"
Node_00745,4,[. . O | . . O | . X X],2,0.8482,5,"[1, 2, 4, 5, 7]",0.2211,0.8482,,0.5888,0.2521,,0.3439,,,"(0, 0, -1, 0, 0, -1, 0, 1, 1)"
Node_00746,4,[O X X | . . . | . O .],9,0.8455,5,"[4, 5, 6, 7, 9]",,,,0.0749,0.0225,0.2698,0.4908,,0.8455,"(-1, 1, 1, 0, 0, 0, 0, -1, 0)"
Node_00747,4,[. . X | O O . | X . .],6,0.8346,5,"[1, 2, 6, 8, 9]",-0.3352,-0.6995,,,,0.8346,,-0.6228,-0.5514,"(0, 0, 1, -1, -1, 0, 1, 0, 0)"
Node_00748,4,[. O . | . O X | . . X],3,0.8332,5,"[1, 3, 4, 7, 8]",-0.0474,,0.8332,-0.3339,,,0.4718,0.0937,,"(0, -1, 0, 0, -1, 1, 0, 0, 1)"
Node_00749,4,[. O . | X . . | X . O],1,0.8332,5,"[1, 3, 5, 6, 8]",0.8332,,0.3585,,0.6663,0.2503,,-0.0178,,"(0, -1, 0, 1, 0, 0, 1, 0, -1)"
Node_00750,4,[X . O | X . . | . O .],7,0.8332,5,"[2, 5, 6, 7, 9]",,-0.1625,,,0.2748,0.2534,0.8332,,0.2228,"(1, 0, -1, 1, 0, 0, 0, -1, 0)"
Node_00751,4,[X X . | . . . | O O .],3,0.8332,5,"[3, 4, 5, 6, 9]",,,0.8332,-0.1024,-0.0773,-0.3405,,,0.422,"(1, 1, 0, 0, 0, 0, -1, -1, 0)"
Node_00752,4,[O . . | . . X | O . X],3,0.8332,5,"[2, 3, 4, 5, 8]",,-0.0127,0.8332,0.2412,-0.1619,,,-0.271,,"(-1, 0, 0, 0, 0, 1, -1, 0, 1)"
Node_00753,4,[. X . | O . X | . . O],8,0.8261,5,"[1, 3, 5, 7, 8]",0.083,,0.0295,,-0.0307,,-0.0666,0.8261,,"(0, 1, 0, -1, 0, 1, 0, 0, -1)"
Node_00754,4,[. . . | . . O | X O X],4,0.8209,5,"[1, 2, 3, 4, 5]",0.2782,0.3792,-0.1048,0.8209,0.5594,,,,,"(0, 0, 0, 0, 0, -1, 1, -1, 1)"
Node_00755,4,[O X . | . O X | . . .],9,0.8198,5,"[3, 4, 7, 8, 9]",,,-0.8248,-0.8352,,,-0.4584,-0.9866,0.8198,"(-1, 1, 0, 0, -1, 1, 0, 0, 0)"
Node_00756,4,[O . X | X . . | . O .],9,0.8178,5,"[2, 5, 6, 7, 9]",,-0.0919,,,0.1985,0.1074,0.3268,,0.8178,"(-1, 0, 1, 1, 0, 0, 0, -1, 0)"
Node_00757,4,[X O . | X . . | . . O],5,0.8148,5,"[3, 5, 6, 7, 8]",,,0.1281,,0.8148,0.3127,0.3439,0.2052,,"(1, -1, 0, 1, 0, 0, 0, 0, -1)"
Node_00758,4,[. O . | O . . | X . X],8,0.8147,5,"[1, 3, 5, 6, 8]",0.3207,,0.419,,0.1421,0.2554,,0.8147,,"(0, -1, 0, -1, 0, 0, 1, 0, 1)"
Node_00759,4,[O . . | . . X | . O X],3,0.8147,5,"[2, 3, 4, 5, 7]",,0.0536,0.8147,0.277,0.6222,,-0.1656,,,"(-1, 0, 0, 0, 0, 1, 0, -1, 1)"
Node_00760,4,[. O X | X . O | . . .],7,0.8114,5,"[1, 5, 7, 8, 9]",0.326,,,,0.2681,,0.8114,0.2957,0.136,"(0, -1, 1, 1, 0, -1, 0, 0, 0)"
Node_00761,4,[. . . | . . X | X O O],5,0.8086,5,"[1, 2, 3, 4, 5]",0.3749,0.0825,0.1747,0.3019,0.8086,,,,,"(0, 0, 0, 0, 0, 1, 1, -1, -1)"
Node_00762,4,[. X . | . . O | . O X],5,0.8084,5,"[1, 3, 4, 5, 7]",0.3409,,0.3265,0.1628,0.8084,,-0.0417,,,"(0, 1, 0, 0, 0, -1, 0, -1, 1)"
Node_00763,4,[X O . | O . X | . . .],9,0.804,5,"[3, 5, 7, 8, 9]",,,0.0295,,0.0978,,0.3233,0.2441,0.804,"(1, -1, 0, -1, 0, 1, 0, 0, 0)"
Node_00764,4,[. . X | X O . | O . .],9,0.8019,5,"[1, 2, 6, 8, 9]",0.1959,0.3179,,,,0.4037,,0.2888,0.8019,"(0, 0, 1, 1, -1, 0, -1, 0, 0)"
Node_00765,4,[. O . | . . . | O X X],3,0.7984,5,"[1, 3, 4, 5, 6]",0.5714,,0.7984,-0.0034,0.0527,-0.1242,,,,"(0, -1, 0, 0, 0, 0, -1, 1, 1)"
Node_00766,4,[. O . | X O . | . . X],8,0.7983,5,"[1, 3, 6, 7, 8]",-0.1688,,0.06,,,-0.2676,-0.1853,0.7983,,"(0, -1, 0, 1, -1, 0, 0, 0, 1)"
Node_00767,4,[O X . | . X . | . O .],6,0.7977,5,"[3, 4, 6, 7, 9]",,,-0.4833,0.031,,0.7977,0.0295,,0.0078,"(-1, 1, 0, 0, 1, 0, 0, -1, 0)"
Node_00768,4,[. . X | . O . | O X .],6,0.7948,5,"[1, 2, 4, 6, 9]",0.6213,-0.1104,,0.2589,,0.7948,,,0.1412,"(0, 0, 1, 0, -1, 0, -1, 1, 0)"
Node_00769,4,[. . X | X . O | . . O],1,0.7945,5,"[1, 2, 5, 7, 8]",0.7945,0.4359,,,0.3499,,0.2029,0.0,,"(0, 0, 1, 1, 0, -1, 0, 0, -1)"
Node_00770,4,[. X . | . . X | . O O],7,0.7945,5,"[1, 3, 4, 5, 7]",-0.1764,,-0.1,-0.1801,-0.2123,,0.7945,,,"(0, 1, 0, 0, 0, 1, 0, -1, -1)"
Node_00771,4,[X O . | O . . | . . X],5,0.7941,5,"[3, 5, 6, 7, 8]",,,0.4011,,0.7941,0.3436,0.3823,0.2287,,"(1, -1, 0, -1, 0, 0, 0, 0, 1)"
Node_00772,4,[X X . | . . . | O . O],3,0.7941,5,"[3, 4, 5, 6, 8]",,,0.7941,-0.1648,0.1488,0.1426,,0.4091,,"(1, 1, 0, 0, 0, 0, -1, 0, -1)"
Node_00773,4,[. X X | O . . | . O .],1,0.7941,5,"[1, 5, 6, 7, 9]",0.7941,,,,0.3703,0.28,0.1417,,0.16,"(0, 1, 1, -1, 0, 0, 0, -1, 0)"
Node_00774,4,[. . X | O . X | . O .],9,0.7941,5,"[1, 2, 5, 7, 9]",0.5151,0.5198,,,0.4116,,0.3618,,0.7941,"(0, 0, 1, -1, 0, 1, 0, -1, 0)"
Node_00775,4,[. O . | X . O | X . .],1,0.7941,5,"[1, 3, 5, 8, 9]",0.7941,,0.3112,,0.1932,,,0.1275,0.2546,"(0, -1, 0, 1, 0, -1, 1, 0, 0)"
Node_00776,4,[O . . | X . X | . . O],5,0.7941,5,"[2, 3, 5, 7, 8]",,-0.2042,-0.1822,,0.7941,,-0.1759,0.1152,,"(-1, 0, 0, 1, 0, 1, 0, 0, -1)"
Node_00777,4,[X X . | . . O | . . O],3,0.7941,5,"[3, 4, 5, 7, 8]",,,0.7941,0.3401,-0.0387,,0.1076,0.0802,,"(1, 1, 0, 0, 0, -1, 0, 0, -1)"
Node_00778,4,[O . X | . . X | . O .],9,0.7941,5,"[2, 4, 5, 7, 9]",,-0.1173,,0.2993,0.3174,,0.4351,,0.7941,"(-1, 0, 1, 0, 0, 1, 0, -1, 0)"
Node_00779,4,[. . O | . . O | X X .],9,0.7941,5,"[1, 2, 4, 5, 9]",-0.1,0.0108,,0.1106,0.2804,,,,0.7941,"(0, 0, -1, 0, 0, -1, 1, 1, 0)"
Node_00780,4,[. O X | O . . | . X .],7,0.7879,5,"[1, 5, 6, 7, 9]",0.5869,,,,0.0527,0.2212,0.7879,,0.3205,"(0, -1, 1, -1, 0, 0, 0, 1, 0)"
Node_00781,4,[O O . | X . . | . . X],3,0.7878,5,"[3, 5, 6, 7, 8]",,,0.7878,,-0.3958,-0.3639,-0.3457,0.0123,,"(-1, -1, 0, 1, 0, 0, 0, 0, 1)"
Node_00782,4,[X . . | . . O | . X O],3,0.7878,5,"[2, 3, 4, 5, 7]",,-0.1476,0.7878,0.003,-0.3759,,-0.0158,,,"(1, 0, 0, 0, 0, -1, 0, 1, -1)"
Node_00783,4,[. O X | O . . | . . X],8,0.7863,5,"[1, 5, 6, 7, 8]",0.4696,,,,0.2312,0.3439,-0.0421,0.7863,,"(0, -1, 1, -1, 0, 0, 0, 0, 1)"
Node_00784,4,[. X . | . . . | X O O],3,0.7833,5,"[1, 3, 4, 5, 6]",0.1629,,0.7833,0.1165,0.1208,0.2342,,,,"(0, 1, 0, 0, 0, 0, 1, -1, -1)"
Node_00785,4,[. . . | X . X | O O .],9,0.7818,5,"[1, 2, 3, 5, 9]",-0.271,0.1372,0.1275,,0.271,,,,0.7818,"(0, 0, 0, 1, 0, 1, -1, -1, 0)"
Node_00786,4,[. . . | X . O | . X O],3,0.78,5,"[1, 2, 3, 5, 7]",-0.4018,-0.1,0.78,,-0.19,,0.1975,,,"(0, 0, 0, 1, 0, -1, 0, 1, -1)"
Node_00787,4,[X . . | . O . | . X O],3,0.779,5,"[2, 3, 4, 6, 7]",,-0.3307,0.779,0.2661,,0.3532,0.2867,,,"(1, 0, 0, 0, -1, 0, 0, 1, -1)"
Node_00788,4,[. O X | . . X | O . .],5,0.7755,5,"[1, 4, 5, 8, 9]",0.0495,,,0.2722,0.7755,,,0.2345,0.19,"(0, -1, 1, 0, 0, 1, -1, 0, 0)"
Node_00789,4,[. . . | X . O | . O X],1,0.7753,5,"[1, 2, 3, 5, 7]",0.7753,0.2321,0.0188,,0.5196,,0.3392,,,"(0, 0, 0, 1, 0, -1, 0, -1, 1)"
Node_00790,4,[X X . | O . . | . O .],5,0.7734,5,"[3, 5, 6, 7, 9]",,,0.3439,,0.7734,0.4466,0.4024,,0.2613,"(1, 1, 0, -1, 0, 0, 0, -1, 0)"
Node_00791,4,[. . . | O . . | X X O],5,0.7726,5,"[1, 2, 3, 5, 6]",0.0946,0.1412,-0.1422,,0.7726,-0.0641,,,,"(0, 0, 0, -1, 0, 0, 1, 1, -1)"
Node_00792,4,[X . O | X . . | . . O],7,0.7712,5,"[2, 5, 6, 7, 8]",,0.0,,,0.3245,0.0475,0.7712,0.1654,,"(1, 0, -1, 1, 0, 0, 0, 0, -1)"
Node_00793,4,[. . O | O . . | X X .],9,0.7712,5,"[1, 2, 5, 6, 9]",0.0317,0.0859,,,0.25,0.3661,,,0.7712,"(0, 0, -1, -1, 0, 0, 1, 1, 0)"
Node_00794,4,[. . X | . . . | X O O],5,0.7712,5,"[1, 2, 4, 5, 6]",0.1801,0.3751,,0.4574,0.7712,-0.0552,,,,"(0, 0, 1, 0, 0, 0, 1, -1, -1)"
Node_00795,4,[X . O | . . . | . O X],5,0.7712,5,"[2, 4, 5, 6, 7]",,-0.0309,,0.4951,0.7712,0.0216,0.0,,,"(1, 0, -1, 0, 0, 0, 0, -1, 1)"
Node_00796,4,[X . . | X . . | . O O],7,0.7712,5,"[2, 3, 5, 6, 7]",,-0.0244,0.1453,,0.245,-0.0646,0.7712,,,"(1, 0, 0, 1, 0, 0, 0, -1, -1)"
Node_00797,4,[. X X | . . . | O . O],1,0.7712,5,"[1, 4, 5, 6, 8]",0.7712,,,-0.3421,0.0502,-0.0615,,0.4923,,"(0, 1, 1, 0, 0, 0, -1, 0, -1)"
Node_00798,4,[. X . | . . O | X O .],3,0.7698,5,"[1, 3, 4, 5, 9]",0.4497,,0.7698,0.1456,0.317,,,,0.2705,"(0, 1, 0, 0, 0, -1, 1, -1, 0)"
Node_00799,4,[. . . | X O . | . X O],1,0.7657,5,"[1, 2, 3, 6, 7]",0.7657,-0.7477,0.2905,,,-0.5069,-0.3366,,,"(0, 0, 0, 1, -1, 0, 0, 1, -1)"
Node_00800,4,[. X O | O . . | . X .],9,0.7645,5,"[1, 5, 6, 7, 9]",0.1454,,,,0.271,-0.1819,0.2439,,0.7645,"(0, 1, -1, -1, 0, 0, 0, 1, 0)"
Node_00801,4,[O . X | . . O | . X .],7,0.7624,5,"[2, 4, 5, 7, 9]",,-0.134,,0.0946,0.2291,,0.7624,,-0.081,"(-1, 0, 1, 0, 0, -1, 0, 1, 0)"
Node_00802,4,[. X O | O . . | . . X],5,0.7599,5,"[1, 5, 6, 7, 8]",-0.0421,,,,0.7599,0.1526,0.7249,0.156,,"(0, 1, -1, -1, 0, 0, 0, 0, 1)"
Node_00803,4,[X . . | O . . | O . X],6,0.7579,5,"[2, 3, 5, 6, 8]",,0.2229,0.4062,,0.271,0.7579,,0.0957,,"(1, 0, 0, -1, 0, 0, -1, 0, 1)"
Node_00804,4,[. O X | X . . | . . O],7,0.7518,5,"[1, 5, 6, 7, 8]",0.0275,,,,0.0124,-0.0298,0.7518,0.0,,"(0, -1, 1, 1, 0, 0, 0, 0, -1)"
Node_00805,4,[. . O | . . X | X O .],1,0.7488,5,"[1, 2, 4, 5, 9]",0.7488,0.0116,,0.2502,0.2905,,,,-0.0634,"(0, 0, -1, 0, 0, 1, 1, -1, 0)"
Node_00806,4,[. X . | O . . | X O .],3,0.7468,5,"[1, 3, 5, 6, 9]",0.3191,,0.7468,,0.3039,0.0244,,,0.4413,"(0, 1, 0, -1, 0, 0, 1, -1, 0)"
Node_00807,4,[. . . | O . O | X X .],9,0.7458,5,"[1, 2, 3, 5, 9]",-0.2423,-0.0477,0.0037,,0.3367,,,,0.7458,"(0, 0, 0, -1, 0, -1, 1, 1, 0)"
Node_00808,4,[O X . | . . . | . X O],5,0.7458,5,"[3, 4, 5, 6, 7]",,,-0.1533,0.077,0.7458,-0.3817,-0.327,,,"(-1, 1, 0, 0, 0, 0, 0, 1, -1)"
Node_00809,4,[. O . | . . X | O . X],3,0.7458,5,"[1, 3, 4, 5, 8]",0.3391,,0.7458,0.0121,0.1518,,,0.3104,,"(0, -1, 0, 0, 0, 1, -1, 0, 1)"
Node_00810,4,[. O O | X . . | X . .],1,0.7458,5,"[1, 5, 6, 8, 9]",0.7458,,,,0.0426,-0.2479,,-0.0407,0.3212,"(0, -1, -1, 1, 0, 0, 1, 0, 0)"
Node_00811,4,[X O . | . . . | . O X],5,0.7458,5,"[3, 4, 5, 6, 7]",,,-0.1742,0.001,0.7458,-0.0562,-0.0221,,,"(1, -1, 0, 0, 0, 0, 0, -1, 1)"
Node_00812,4,[O . O | . X . | . . X],2,0.7457,5,"[2, 4, 6, 7, 8]",,0.7457,,-0.7332,,-0.8251,-0.5845,-0.5174,,"(-1, 0, -1, 0, 1, 0, 0, 0, 1)"
Node_00813,4,[. X . | X . O | . . O],3,0.7438,5,"[1, 3, 5, 7, 8]",-0.0463,,0.7438,,0.1518,,0.0689,-0.0018,,"(0, 1, 0, 1, 0, -1, 0, 0, -1)"
Node_00814,4,[. O O | . . X | . X .],1,0.7419,5,"[1, 4, 5, 7, 9]",0.7419,,,-0.2651,-0.0071,,0.0394,,0.4287,"(0, -1, -1, 0, 0, 1, 0, 1, 0)"
Node_00815,4,[O X . | O . X | . . .],7,0.7418,5,"[3, 5, 7, 8, 9]",,,-0.1081,,-0.0052,,0.7418,0.0535,0.2341,"(-1, 1, 0, -1, 0, 1, 0, 0, 0)"
Node_00816,4,[X O . | . . . | O . X],3,0.7366,5,"[3, 4, 5, 6, 8]",,,0.7366,-0.0573,0.3439,0.5311,,0.3438,,"(1, -1, 0, 0, 0, 0, -1, 0, 1)"
Node_00817,4,[X O . | X . . | . O .],5,0.7348,5,"[3, 5, 6, 7, 9]",,,0.1413,,0.7348,0.097,0.6126,,-0.1667,"(1, -1, 0, 1, 0, 0, 0, -1, 0)"
Node_00818,4,[X . . | . . O | O . X],3,0.7344,5,"[2, 3, 4, 5, 8]",,0.1545,0.7344,0.3459,0.6126,,,-0.1,,"(1, 0, 0, 0, 0, -1, -1, 0, 1)"
Node_00819,4,[. . O | X . O | . X .],9,0.7324,5,"[1, 2, 5, 7, 9]",-0.4095,0.0964,,,-0.1766,,-0.1559,,0.7324,"(0, 0, -1, 1, 0, -1, 0, 1, 0)"
Node_00820,4,[O . O | X . . | . . X],2,0.7316,5,"[2, 5, 6, 7, 8]",,0.7316,,,-0.0264,-0.125,-0.1041,-0.2113,,"(-1, 0, -1, 1, 0, 0, 0, 0, 1)"
Node_00821,4,[X . . | O . X | . O .],9,0.7298,5,"[2, 3, 5, 7, 9]",,0.4423,0.3417,,0.1526,,0.2069,,0.7298,"(1, 0, 0, -1, 0, 1, 0, -1, 0)"
Node_00822,4,[. O O | X . . | . . X],1,0.728,5,"[1, 5, 6, 7, 8]",0.728,,,,-0.037,-0.1572,0.0671,0.2093,,"(0, -1, -1, 1, 0, 0, 0, 0, 1)"
Node_00823,4,[. X . | O . . | . O X],1,0.7276,5,"[1, 3, 5, 6, 7]",0.7276,,0.108,,0.0542,0.0807,0.0993,,,"(0, 1, 0, -1, 0, 0, 0, -1, 1)"
Node_00824,4,[O . . | . O . | X . X],6,0.7235,5,"[2, 3, 4, 6, 8]",,0.679,0.6122,-0.0093,,0.7235,,0.7176,,"(-1, 0, 0, 0, -1, 0, 1, 0, 1)"
Node_00825,4,[. X . | . . X | O O .],9,0.722,5,"[1, 3, 4, 5, 9]",-0.1474,,-0.1338,-0.1225,-0.0747,,,,0.722,"(0, 1, 0, 0, 0, 1, -1, -1, 0)"
Node_00826,4,[. O X | . . . | X O .],5,0.7176,5,"[1, 4, 5, 6, 9]",0.1626,,,0.082,0.7176,0.1275,,,0.2191,"(0, -1, 1, 0, 0, 0, 1, -1, 0)"
Node_00827,4,[. O X | . . X | . O .],9,0.7176,5,"[1, 4, 5, 7, 9]",-0.1,,,0.1101,0.1888,,-0.0895,,0.7176,"(0, -1, 1, 0, 0, 1, 0, -1, 0)"
Node_00828,4,[. . . | X O O | . X .],1,0.7102,5,"[1, 2, 3, 7, 9]",0.7102,-0.261,0.0277,,,,0.3972,,-0.0416,"(0, 0, 0, 1, -1, -1, 0, 1, 0)"
Node_00829,4,[O . X | X . O | . . .],7,0.7051,5,"[2, 5, 7, 8, 9]",,-0.0099,,,0.1869,,0.7051,-0.0593,0.0245,"(-1, 0, 1, 1, 0, -1, 0, 0, 0)"
Node_00830,4,[O X . | O . . | . X .],7,0.7026,5,"[3, 5, 6, 7, 9]",,,-0.0493,,0.1,-0.1465,0.7026,,-0.2578,"(-1, 1, 0, -1, 0, 0, 0, 1, 0)"
Node_00831,4,[. X X | O . O | . . .],5,0.7013,5,"[1, 5, 7, 8, 9]",0.3439,,,,0.7013,,-0.19,-0.0435,-0.0752,"(0, 1, 1, -1, 0, -1, 0, 0, 0)"
Node_00832,4,[X X . | . . O | . O .],9,0.7012,5,"[3, 4, 5, 7, 9]",,,0.19,0.498,0.2936,,0.5171,,0.7012,"(1, 1, 0, 0, 0, -1, 0, -1, 0)"
Node_00833,4,[O O . | . . X | X . .],3,0.6986,5,"[3, 4, 5, 8, 9]",,,0.6986,-0.3028,0.1371,,,-0.2434,0.282,"(-1, -1, 0, 0, 0, 1, 1, 0, 0)"
Node_00834,4,[. . X | . O . | . X O],1,0.6976,5,"[1, 2, 4, 6, 7]",0.6976,-0.2462,,-0.6853,,-0.7873,-0.6433,,,"(0, 0, 1, 0, -1, 0, 0, 1, -1)"
Node_00835,4,[. X . | . O O | X . .],4,0.6946,5,"[1, 3, 4, 8, 9]",-0.4201,,-0.7626,0.6946,,,,-0.2316,-0.5411,"(0, 1, 0, 0, -1, -1, 1, 0, 0)"
Node_00836,4,[O X . | X . . | . O .],6,0.6928,5,"[3, 5, 6, 7, 9]",,,0.0394,,0.0147,0.6928,0.2273,,0.2075,"(-1, 1, 0, 1, 0, 0, 0, -1, 0)"
Node_00837,4,[O O . | . . X | . X .],3,0.6915,5,"[3, 4, 5, 7, 9]",,,0.6915,0.1905,-0.4095,,-0.1447,,0.0499,"(-1, -1, 0, 0, 0, 1, 0, 1, 0)"
Node_00838,4,[. O . | X . X | . . O],5,0.6862,5,"[1, 3, 5, 7, 8]",0.2312,,-0.2026,,0.6862,,-0.0083,0.4201,,"(0, -1, 0, 1, 0, 1, 0, 0, -1)"
Node_00839,4,[. O X | . . O | X . .],5,0.6862,5,"[1, 4, 5, 8, 9]",0.1695,,,0.3381,0.6862,,,0.5164,0.3516,"(0, -1, 1, 0, 0, -1, 1, 0, 0)"
Node_00840,4,[. X X | O . . | . . O],1,0.6862,5,"[1, 5, 6, 7, 8]",0.6862,,,,0.6406,-0.081,0.0521,0.0232,,"(0, 1, 1, -1, 0, 0, 0, 0, -1)"
Node_00841,4,[. . O | X . X | O . .],5,0.6862,5,"[1, 2, 5, 8, 9]",-0.0953,0.0,,,0.6862,,,-0.3374,0.1328,"(0, 0, -1, 1, 0, 1, -1, 0, 0)"
Node_00842,4,[. X O | . . . | . X O],5,0.6862,5,"[1, 4, 5, 6, 7]",-0.2946,,,-0.3893,0.6862,0.0375,-0.271,,,"(0, 1, -1, 0, 0, 0, 0, 1, -1)"
Node_00843,4,[X . . | X . O | O . .],3,0.6808,5,"[2, 3, 5, 8, 9]",,0.3244,0.6808,,0.2329,,,0.0192,0.384,"(1, 0, 0, 1, 0, -1, -1, 0, 0)"
Node_00844,4,[. . X | O . . | O X .],1,0.6779,5,"[1, 2, 5, 6, 9]",0.6779,0.1095,,,0.0336,0.108,,,0.0816,"(0, 0, 1, -1, 0, 0, -1, 1, 0)"
Node_00845,4,[. . X | O . . | . X O],5,0.6769,5,"[1, 2, 5, 6, 7]",0.4107,0.335,,,0.6769,0.1745,-0.0382,,,"(0, 0, 1, -1, 0, 0, 0, 1, -1)"
Node_00846,4,[O . . | O . X | X . .],3,0.6766,5,"[2, 3, 5, 8, 9]",,0.2996,0.6766,,0.3458,,,0.3172,0.2075,"(-1, 0, 0, -1, 0, 1, 1, 0, 0)"
Node_00847,4,[. X . | X . O | . O .],1,0.6755,5,"[1, 3, 5, 7, 9]",0.6755,,0.0848,,0.1525,,0.2515,,0.1728,"(0, 1, 0, 1, 0, -1, 0, -1, 0)"
Node_00848,4,[. . . | X . . | O X O],5,0.6743,5,"[1, 2, 3, 5, 6]",-0.4353,0.0762,-0.0622,,0.6743,0.23,,,,"(0, 0, 0, 1, 0, 0, -1, 1, -1)"
Node_00849,4,[. . X | O . O | . X .],5,0.6742,5,"[1, 2, 5, 7, 9]",0.0704,0.2333,,,0.6742,,-0.0641,,-0.0153,"(0, 0, 1, -1, 0, -1, 0, 1, 0)"
Node_00850,4,[O X . | . . O | X . .],5,0.6733,5,"[3, 4, 5, 8, 9]",,,-0.19,-0.1665,0.6733,,,0.0976,0.1712,"(-1, 1, 0, 0, 0, -1, 1, 0, 0)"
Node_00851,4,[. . X | . . O | . X O],4,0.6729,5,"[1, 2, 4, 5, 7]",0.2218,0.0002,,0.6729,0.2777,,0.037,,,"(0, 0, 1, 0, 0, -1, 0, 1, -1)"
Node_00852,4,[X . . | . O . | . O X],2,0.6709,5,"[2, 3, 4, 6, 7]",,0.6709,-0.1345,-0.4176,,-0.238,-0.59,,,"(1, 0, 0, 0, -1, 0, 0, -1, 1)"
Node_00853,4,[O . . | X . . | . O X],5,0.6699,5,"[2, 3, 5, 6, 7]",,0.2602,0.2487,,0.6699,0.0873,-0.0942,,,"(-1, 0, 0, 1, 0, 0, 0, -1, 1)"
Node_00854,4,[. . O | X . O | . . X],5,0.6652,5,"[1, 2, 5, 7, 8]",0.1217,0.4265,,,0.6652,,0.1718,0.542,,"(0, 0, -1, 1, 0, -1, 0, 0, 1)"
Node_00855,4,[. O X | . O . | X . .],8,0.6646,5,"[1, 4, 6, 8, 9]",-0.5242,,,-0.2184,,-0.6287,,0.6646,-0.4373,"(0, -1, 1, 0, -1, 0, 1, 0, 0)"
Node_00856,4,[O . . | X . . | O X .],5,0.6635,5,"[2, 3, 5, 6, 9]",,-0.0094,0.2412,,0.6635,0.128,,,0.1106,"(-1, 0, 0, 1, 0, 0, -1, 1, 0)"
Node_00857,4,[O . . | X . O | . . X],7,0.6628,5,"[2, 3, 5, 7, 8]",,0.455,0.1598,,0.2396,,0.6628,0.247,,"(-1, 0, 0, 1, 0, -1, 0, 0, 1)"
Node_00858,4,[. . . | O O X | . X .],9,0.6614,5,"[1, 2, 3, 7, 9]",-0.0004,0.0691,0.1212,,,,0.1022,,0.6614,"(0, 0, 0, -1, -1, 1, 0, 1, 0)"
Node_00859,4,[X . . | . . O | . O X],5,0.6513,5,"[2, 3, 4, 5, 7]",,0.1152,0.3128,0.5525,0.6513,,0.4897,,,"(1, 0, 0, 0, 0, -1, 0, -1, 1)"
Node_00860,4,[O . O | X . X | . . .],5,0.6513,5,"[2, 5, 7, 8, 9]",,-0.0558,,,0.6513,,0.0061,0.2189,-0.0914,"(-1, 0, -1, 1, 0, 1, 0, 0, 0)"
Node_00861,4,[. X O | . . O | . X .],5,0.6513,5,"[1, 4, 5, 7, 9]",-0.2996,,,0.3021,0.6513,,-0.0029,,0.1757,"(0, 1, -1, 0, 0, -1, 0, 1, 0)"
Node_00862,4,[. X . | . . . | O X O],5,0.6513,5,"[1, 3, 4, 5, 6]",0.4398,,0.2658,0.111,0.6513,-0.1962,,,,"(0, 1, 0, 0, 0, 0, -1, 1, -1)"
Node_00863,4,[X O O | . . . | . . X],5,0.6513,5,"[4, 5, 6, 7, 8]",,,,0.4466,0.6513,0.0874,0.2311,0.4273,,"(1, -1, -1, 0, 0, 0, 0, 0, 1)"
Node_00864,4,[. . X | O . O | X . .],5,0.6513,5,"[1, 2, 5, 8, 9]",0.0037,0.353,,,0.6513,,,-0.0028,-0.0868,"(0, 0, 1, -1, 0, -1, 1, 0, 0)"
Node_00865,4,[. . X | O . . | X O .],5,0.6513,5,"[1, 2, 5, 6, 9]",0.3247,0.2616,,,0.6513,0.4032,,,-0.0451,"(0, 0, 1, -1, 0, 0, 1, -1, 0)"
Node_00866,4,[X . . | . . . | O O X],5,0.6513,5,"[2, 3, 4, 5, 6]",,0.1328,0.1593,-0.0312,0.6513,0.1239,,,,"(1, 0, 0, 0, 0, 0, -1, -1, 1)"
Node_00867,4,[. . O | O . . | . X X],7,0.6513,5,"[1, 2, 5, 6, 7]",0.1589,0.1484,,,0.3356,-0.1345,0.6513,,,"(0, 0, -1, -1, 0, 0, 0, 1, 1)"
Node_00868,4,[. X . | . . O | O X .],5,0.6513,5,"[1, 3, 4, 5, 9]",0.0,,0.3166,0.2723,0.6513,,,,0.2225,"(0, 1, 0, 0, 0, -1, -1, 1, 0)"
Node_00869,4,[. . X | . . X | O O .],9,0.6513,5,"[1, 2, 4, 5, 9]",0.0043,-0.1,,0.2591,-0.2953,,,,0.6513,"(0, 0, 1, 0, 0, 1, -1, -1, 0)"
Node_00870,4,[. O O | X . . | . X .],1,0.6507,5,"[1, 5, 6, 7, 9]",0.6507,,,,-0.1054,-0.2622,-0.119,,-0.0459,"(0, -1, -1, 1, 0, 0, 0, 1, 0)"
Node_00871,4,[O . . | X . . | . X O],5,0.6468,5,"[2, 3, 5, 6, 7]",,-0.179,-0.0835,,0.6468,-0.018,-0.1,,,"(-1, 0, 0, 1, 0, 0, 0, 1, -1)"
Node_00872,4,[. O . | . . . | X X O],1,0.6463,5,"[1, 3, 4, 5, 6]",0.6463,,0.2384,0.2573,0.2199,-0.0564,,,,"(0, -1, 0, 0, 0, 0, 1, 1, -1)"
Node_00873,4,[O X . | . . X | . O .],9,0.6372,5,"[3, 4, 5, 7, 9]",,,0.1022,0.0301,0.1275,,0.2349,,0.6372,"(-1, 1, 0, 0, 0, 1, 0, -1, 0)"
Node_00874,4,[X . O | O . . | . . X],7,0.6355,5,"[2, 5, 6, 7, 8]",,0.0275,,,0.19,0.3249,0.6355,0.4383,,"(1, 0, -1, -1, 0, 0, 0, 0, 1)"
Node_00875,4,[O O X | X . . | . . .],6,0.6331,5,"[5, 6, 7, 8, 9]",,,,,0.3437,0.6331,0.1218,0.2836,0.31,"(-1, -1, 1, 1, 0, 0, 0, 0, 0)"
Node_00876,4,[. X . | X O . | . O .],3,0.6312,5,"[1, 3, 6, 7, 9]",0.1643,,0.6312,,,0.2448,0.0464,,0.2044,"(0, 1, 0, 1, -1, 0, 0, -1, 0)"
Node_00877,4,[. O . | . . O | X X .],1,0.6268,5,"[1, 3, 4, 5, 9]",0.6268,,0.4202,0.6183,0.0812,,,,0.19,"(0, -1, 0, 0, 0, -1, 1, 1, 0)"
Node_00878,4,[X . . | O . . | . O X],2,0.6245,5,"[2, 3, 5, 6, 7]",,0.6245,0.2856,,0.1,0.3405,-0.3367,,,"(1, 0, 0, -1, 0, 0, 0, -1, 1)"
Node_00879,4,[. X . | O . . | O X .],1,0.6195,5,"[1, 3, 5, 6, 9]",0.6195,,-0.0059,,0.19,-0.1817,,,0.256,"(0, 1, 0, -1, 0, 0, -1, 1, 0)"
Node_00880,4,[X . O | . . O | . . X],5,0.6126,5,"[2, 4, 5, 7, 8]",,0.1285,,0.3957,0.6126,,0.2247,0.0263,,"(1, 0, -1, 0, 0, -1, 0, 0, 1)"
Node_00881,4,[. . O | X . X | . . O],5,0.6126,5,"[1, 2, 5, 7, 8]",0.1309,-0.0327,,,0.6126,,0.0827,0.2844,,"(0, 0, -1, 1, 0, 1, 0, 0, -1)"
Node_00882,4,[O O . | . . X | . . X],3,0.6126,5,"[3, 4, 5, 7, 8]",,,0.6126,-0.0888,0.4629,,0.1115,-0.0116,,"(-1, -1, 0, 0, 0, 1, 0, 0, 1)"
Node_00883,4,[. X . | O . . | . X O],5,0.6126,5,"[1, 3, 5, 6, 7]",0.0152,,0.0626,,0.6126,0.3626,0.1506,,,"(0, 1, 0, -1, 0, 0, 0, 1, -1)"
Node_00884,4,[O O . | X . X | . . .],5,0.6126,5,"[3, 5, 7, 8, 9]",,,-0.0278,,0.6126,,-0.119,0.0428,0.1437,"(-1, -1, 0, 1, 0, 1, 0, 0, 0)"
Node_00885,4,[. X X | O . . | O . .],1,0.6126,5,"[1, 5, 6, 8, 9]",0.6126,,,,-0.0967,0.047,,0.108,0.0,"(0, 1, 1, -1, 0, 0, -1, 0, 0)"
Node_00886,4,[. O X | . . O | . X .],7,0.6115,5,"[1, 4, 5, 7, 9]",0.2796,,,0.2862,0.4566,,0.6115,,0.3349,"(0, -1, 1, 0, 0, -1, 0, 1, 0)"
Node_00887,4,[O . . | X . X | . O .],9,0.6109,5,"[2, 3, 5, 7, 9]",,0.1148,0.2827,,0.4095,,-0.1,,0.6109,"(-1, 0, 0, 1, 0, 1, 0, -1, 0)"
Node_00888,4,[. O X | . . . | . X O],7,0.6106,5,"[1, 4, 5, 6, 7]",0.2689,,,0.3061,0.443,0.244,0.6106,,,"(0, -1, 1, 0, 0, 0, 0, 1, -1)"
Node_00889,4,[. . . | X O . | O . X],3,0.6099,5,"[1, 2, 3, 6, 8]",-0.4586,0.1871,0.6099,,,-0.3138,,-0.5556,,"(0, 0, 0, 1, -1, 0, -1, 0, 1)"
Node_00890,4,[O X . | . . . | . O X],3,0.6096,5,"[3, 4, 5, 6, 7]",,,0.6096,0.0998,0.0648,0.2782,0.0347,,,"(-1, 1, 0, 0, 0, 0, 0, -1, 1)"
Node_00891,4,[. . X | X . . | O O .],9,0.6085,5,"[1, 2, 5, 6, 9]",-0.148,0.0302,,,0.0,0.0675,,,0.6085,"(0, 0, 1, 1, 0, 0, -1, -1, 0)"
Node_00892,4,[. . . | O . X | . X O],2,0.6066,5,"[1, 2, 3, 5, 7]",0.1094,0.6066,-0.2343,,0.3018,,0.0322,,,"(0, 0, 0, -1, 0, 1, 0, 1, -1)"
Node_00893,4,[X . . | . O O | . . X],4,0.6054,5,"[2, 3, 4, 7, 8]",,-0.0097,-0.423,0.6054,,,-0.8122,-0.8793,,"(1, 0, 0, 0, -1, -1, 0, 0, 1)"
Node_00894,4,[. O X | O . X | . . .],1,0.6046,5,"[1, 5, 7, 8, 9]",0.6046,,,,0.2672,,0.1725,0.4836,0.4095,"(0, -1, 1, -1, 0, 1, 0, 0, 0)"
Node_00895,4,[. . X | . O O | . X .],4,0.6021,5,"[1, 2, 4, 7, 9]",-0.2849,-0.6013,,0.6021,,,-0.5436,,-0.4711,"(0, 0, 1, 0, -1, -1, 0, 1, 0)"
Node_00896,4,[O . . | X . O | . X .],9,0.5964,5,"[2, 3, 5, 7, 9]",,0.0581,0.3067,,0.1363,,0.1916,,0.5964,"(-1, 0, 0, 1, 0, -1, 0, 1, 0)"
Node_00897,4,[. O . | X . X | O . .],9,0.5945,5,"[1, 3, 5, 8, 9]",-0.1828,,0.3758,,0.19,,,0.0637,0.5945,"(0, -1, 0, 1, 0, 1, -1, 0, 0)"
Node_00898,4,[. X . | . O X | . . O],1,0.5938,5,"[1, 3, 4, 7, 8]",0.5938,,-0.2637,-0.759,,,-0.2956,-0.6071,,"(0, 1, 0, 0, -1, 1, 0, 0, -1)"
Node_00899,4,[. X O | X . . | O . .],5,0.5933,5,"[1, 5, 6, 8, 9]",-0.271,,,,0.5933,-0.1932,,-0.1781,0.3678,"(0, 1, -1, 1, 0, 0, -1, 0, 0)"
Node_00900,4,[. . . | O . X | O X .],1,0.5911,5,"[1, 2, 3, 5, 9]",0.5911,0.0392,-0.1236,,-0.2629,,,,0.0329,"(0, 0, 0, -1, 0, 1, -1, 1, 0)"
Node_00901,4,[. . X | . . O | O X .],1,0.5889,5,"[1, 2, 4, 5, 9]",0.5889,0.2741,,0.0166,0.2577,,,,0.0889,"(0, 0, 1, 0, 0, -1, -1, 1, 0)"
Node_00902,4,[O . X | X . . | O . .],6,0.5802,5,"[2, 5, 6, 8, 9]",,-0.1,,,0.3871,0.5802,,0.361,0.0,"(-1, 0, 1, 1, 0, 0, -1, 0, 0)"
Node_00903,4,[. . X | . O O | X . .],4,0.58,5,"[1, 2, 4, 8, 9]",0.1523,-0.3645,,0.58,,,,-0.2249,-0.6777,"(0, 0, 1, 0, -1, -1, 1, 0, 0)"
Node_00904,4,[. . O | O . X | . X .],5,0.5754,5,"[1, 2, 5, 7, 9]",0.1591,0.0986,,,0.5754,,0.1152,,0.0031,"(0, 0, -1, -1, 0, 1, 0, 1, 0)"
Node_00905,4,[. X . | O . . | O . X],1,0.5738,5,"[1, 3, 5, 6, 8]",0.5738,,-0.1284,,0.1392,0.136,,-0.2275,,"(0, 1, 0, -1, 0, 0, -1, 0, 1)"
Node_00906,4,[. O X | . . . | O X .],9,0.5722,5,"[1, 4, 5, 6, 9]",0.5317,,,0.1713,0.1118,0.0137,,,0.5722,"(0, -1, 1, 0, 0, 0, -1, 1, 0)"
Node_00907,4,[. O . | X . . | O X .],5,0.572,5,"[1, 3, 5, 6, 9]",0.0174,,0.2481,,0.572,0.1121,,,0.2146,"(0, -1, 0, 1, 0, 0, -1, 1, 0)"
Node_00908,4,[. X . | . . . | O O X],5,0.5718,5,"[1, 3, 4, 5, 6]",0.1217,,0.2198,-0.0154,0.5718,0.0632,,,,"(0, 1, 0, 0, 0, 0, -1, -1, 1)"
Node_00909,4,[O . . | . . O | . X X],7,0.5695,5,"[2, 3, 4, 5, 7]",,0.3863,0.1931,0.4211,0.1217,,0.5695,,,"(-1, 0, 0, 0, 0, -1, 0, 1, 1)"
Node_00910,4,[O . . | O . . | . X X],7,0.5695,5,"[2, 3, 5, 6, 7]",,0.0599,0.1502,,0.0268,-0.1537,0.5695,,,"(-1, 0, 0, -1, 0, 0, 0, 1, 1)"
Node_00911,4,[X . . | O . . | . X O],5,0.5687,5,"[2, 3, 5, 6, 7]",,0.156,0.1705,,0.5687,0.0724,0.1269,,,"(1, 0, 0, -1, 0, 0, 0, 1, -1)"
Node_00912,4,[X . O | . . O | . X .],5,0.5683,5,"[2, 4, 5, 7, 9]",,-0.2293,,0.0896,0.5683,,0.095,,0.3981,"(1, 0, -1, 0, 0, -1, 0, 1, 0)"
Node_00913,4,[. X . | O O . | . . X],6,0.5656,5,"[1, 3, 6, 7, 8]",-0.3094,,-0.482,,,0.5656,-0.7785,-0.6677,,"(0, 1, 0, -1, -1, 0, 0, 0, 1)"
Node_00914,4,[. . O | X . X | . O .],1,0.5591,5,"[1, 2, 5, 7, 9]",0.5591,-0.092,,,0.0,,0.2724,,0.0222,"(0, 0, -1, 1, 0, 1, 0, -1, 0)"
Node_00915,4,[. . X | O . X | . . O],7,0.5584,5,"[1, 2, 5, 7, 8]",0.2015,0.1062,,,0.3142,,0.5584,0.172,,"(0, 0, 1, -1, 0, 1, 0, 0, -1)"
Node_00916,4,[. X X | . . O | O . .],8,0.5533,5,"[1, 4, 5, 8, 9]",0.3439,,,0.3721,0.0292,,,0.5533,-0.0828,"(0, 1, 1, 0, 0, -1, -1, 0, 0)"
Node_00917,4,[. . X | . . . | O X O],5,0.5525,5,"[1, 2, 4, 5, 6]",0.106,0.458,,0.0312,0.5525,0.124,,,,"(0, 0, 1, 0, 0, 0, -1, 1, -1)"
Node_00918,4,[. O . | O . X | . X .],3,0.5504,5,"[1, 3, 5, 7, 9]",0.0997,,0.5504,,-0.0876,,0.0,,0.2254,"(0, -1, 0, -1, 0, 1, 0, 1, 0)"
Node_00919,4,[O . . | X . X | O . .],9,0.5467,5,"[2, 3, 5, 8, 9]",,-0.1506,0.0744,,0.19,,,-0.2493,0.5467,"(-1, 0, 0, 1, 0, 1, -1, 0, 0)"
Node_00920,4,[. X O | . . . | X O .],1,0.5458,5,"[1, 4, 5, 6, 9]",0.5458,,,0.4444,0.1092,0.1535,,,0.244,"(0, 1, -1, 0, 0, 0, 1, -1, 0)"
Node_00921,4,[X . . | O . X | . . O],3,0.5434,5,"[2, 3, 5, 7, 8]",,0.5147,0.5434,,0.041,,0.0,0.1231,,"(1, 0, 0, -1, 0, 1, 0, 0, -1)"
Node_00922,4,[O X O | . . . | X . .],8,0.5432,5,"[4, 5, 6, 8, 9]",,,,0.0338,0.3643,0.1432,,0.5432,0.2765,"(-1, 1, -1, 0, 0, 0, 1, 0, 0)"
Node_00923,4,[. X O | . . O | X . .],8,0.5428,5,"[1, 4, 5, 8, 9]",0.0104,,,0.3106,0.2383,,,0.5428,0.1556,"(0, 1, -1, 0, 0, -1, 1, 0, 0)"
Node_00924,4,[X . O | . . X | . O .],5,0.5337,5,"[2, 4, 5, 7, 9]",,0.2419,,0.2039,0.5337,,0.0583,,0.0934,"(1, 0, -1, 0, 0, 1, 0, -1, 0)"
Node_00925,4,[. . O | X . . | . O X],5,0.5336,5,"[1, 2, 5, 6, 7]",0.2388,-0.0152,,,0.5336,-0.0885,0.2959,,,"(0, 0, -1, 1, 0, 0, 0, -1, 1)"
Node_00926,4,[O X O | X . . | . . .],9,0.5325,5,"[5, 6, 7, 8, 9]",,,,,0.2056,-0.125,0.2739,-0.1251,0.5325,"(-1, 1, -1, 1, 0, 0, 0, 0, 0)"
Node_00927,4,[X O . | X . O | . . .],5,0.5287,5,"[3, 5, 7, 8, 9]",,,0.4725,,0.5287,,0.3439,0.079,0.3212,"(1, -1, 0, 1, 0, -1, 0, 0, 0)"
Node_00928,4,[X . . | . . . | O X O],6,0.5283,5,"[2, 3, 4, 5, 6]",,0.1678,0.0756,-0.2404,0.2414,0.5283,,,,"(1, 0, 0, 0, 0, 0, -1, 1, -1)"
Node_00929,4,[. . X | O . . | . O X],5,0.525,5,"[1, 2, 5, 6, 7]",0.3298,0.4345,,,0.525,0.4095,0.2914,,,"(0, 0, 1, -1, 0, 0, 0, -1, 1)"
Node_00930,4,[. X O | X . . | . O .],7,0.5246,5,"[1, 5, 6, 7, 9]",0.1315,,,,0.039,0.0,0.5246,,0.1471,"(0, 1, -1, 1, 0, 0, 0, -1, 0)"
Node_00931,4,[X . . | O . X | O . .],5,0.5238,5,"[2, 3, 5, 8, 9]",,0.3285,0.3514,,0.5238,,,0.1484,0.3536,"(1, 0, 0, -1, 0, 1, -1, 0, 0)"
Node_00932,4,[. . O | O . X | . . X],7,0.5236,5,"[1, 2, 5, 7, 8]",0.281,0.2325,,,-0.3713,,0.5236,-0.2181,,"(0, 0, -1, -1, 0, 1, 0, 0, 1)"
Node_00933,4,[. X O | . . . | O X .],5,0.5217,5,"[1, 4, 5, 6, 9]",-0.1164,,,-0.2253,0.5217,0.0826,,,0.2229,"(0, 1, -1, 0, 0, 0, -1, 1, 0)"
Node_00934,4,[. X . | . . O | . X O],5,0.5217,5,"[1, 3, 4, 5, 7]",0.0965,,0.2124,-0.0725,0.5217,,-0.3439,,,"(0, 1, 0, 0, 0, -1, 0, 1, -1)"
Node_00935,4,[. O . | X . X | . O .],5,0.5217,5,"[1, 3, 5, 7, 9]",-0.0967,,-0.1037,,0.5217,,-0.0615,,0.0299,"(0, -1, 0, 1, 0, 1, 0, -1, 0)"
Node_00936,4,[X . . | O . O | . . X],5,0.5217,5,"[2, 3, 5, 7, 8]",,0.3318,-0.1017,,0.5217,,0.125,-0.271,,"(1, 0, 0, -1, 0, -1, 0, 0, 1)"
Node_00937,4,[. . . | X . O | O X .],5,0.519,5,"[1, 2, 3, 5, 9]",0.1062,0.1756,0.0246,,0.519,,,,0.0322,"(0, 0, 0, 1, 0, -1, -1, 1, 0)"
Node_00938,4,[. O . | . O X | X . .],8,0.515,5,"[1, 3, 4, 8, 9]",-0.09,,-0.3186,-0.6788,,,,0.515,-0.2681,"(0, -1, 0, 0, -1, 1, 1, 0, 0)"
Node_00939,4,[. X . | O . . | X . O],3,0.5133,5,"[1, 3, 5, 6, 8]",0.0,,0.5133,,0.2895,0.1688,,0.1863,,"(0, 1, 0, -1, 0, 0, 1, 0, -1)"
Node_00940,4,[O . . | X O . | . . X],3,0.5111,5,"[2, 3, 6, 7, 8]",,0.2624,0.5111,,,0.2211,0.3538,0.2633,,"(-1, 0, 0, 1, -1, 0, 0, 0, 1)"
Node_00941,4,[. X O | . O . | . . X],7,0.5108,5,"[1, 4, 6, 7, 8]",-0.6462,,,-0.4381,,-0.6473,0.5108,0.0737,,"(0, 1, -1, 0, -1, 0, 0, 0, 1)"
Node_00942,4,[. O . | O . X | X . .],5,0.5095,5,"[1, 3, 5, 8, 9]",0.3449,,0.2847,,0.5095,,,0.3217,0.066,"(0, -1, 0, -1, 0, 1, 1, 0, 0)"
Node_00943,4,[. . O | X . . | X O .],6,0.5022,5,"[1, 2, 5, 6, 9]",0.0,0.3372,,,0.0419,0.5022,,,0.2115,"(0, 0, -1, 1, 0, 0, 1, -1, 0)"
Node_00944,4,[. . . | O . X | X . O],5,0.4997,5,"[1, 2, 3, 5, 8]",0.0767,0.1506,0.1619,,0.4997,,,0.3018,,"(0, 0, 0, -1, 0, 1, 1, 0, -1)"
Node_00945,4,[. . O | . . X | X . O],4,0.4991,5,"[1, 2, 4, 5, 8]",0.119,0.2299,,0.4991,-0.0633,,,0.135,,"(0, 0, -1, 0, 0, 1, 1, 0, -1)"
Node_00946,4,[. . . | O . . | O X X],3,0.4971,5,"[1, 2, 3, 5, 6]",0.0143,0.2802,0.4971,,-0.0956,-0.2637,,,,"(0, 0, 0, -1, 0, 0, -1, 1, 1)"
Node_00947,4,[. . X | X . O | O . .],1,0.4962,5,"[1, 2, 5, 8, 9]",0.4962,0.2504,,,-0.1,,,0.1086,0.0458,"(0, 0, 1, 1, 0, -1, -1, 0, 0)"
Node_00948,4,[O . . | . . X | X O .],5,0.4935,5,"[2, 3, 4, 5, 9]",,-0.1101,0.144,0.1076,0.4935,,,,0.3684,"(-1, 0, 0, 0, 0, 1, 1, -1, 0)"
Node_00949,4,[O . . | X . . | O . X],5,0.49,5,"[2, 3, 5, 6, 8]",,0.0556,0.088,,0.49,0.1105,,-0.1333,,"(-1, 0, 0, 1, 0, 0, -1, 0, 1)"
Node_00950,4,[. O . | . . O | . X X],1,0.4879,5,"[1, 3, 4, 5, 7]",0.4879,,0.306,0.16,0.3103,,0.3439,,,"(0, -1, 0, 0, 0, -1, 0, 1, 1)"
Node_00951,4,[O X . | . . O | . . X],3,0.4784,5,"[3, 4, 5, 7, 8]",,,0.4784,0.1012,0.308,,0.2569,0.0217,,"(-1, 1, 0, 0, 0, -1, 0, 0, 1)"
Node_00952,4,[. X O | X O . | . . .],7,0.4768,5,"[1, 6, 7, 8, 9]",-0.3087,,,,,0.1109,0.4768,-0.6521,-0.5701,"(0, 1, -1, 1, -1, 0, 0, 0, 0)"
Node_00953,4,[. . . | O O X | X . .],3,0.4705,5,"[1, 2, 3, 8, 9]",0.2207,0.321,0.4705,,,,,0.185,0.2536,"(0, 0, 0, -1, -1, 1, 1, 0, 0)"
Node_00954,4,[. O . | . X . | O X .],4,0.4656,5,"[1, 3, 4, 6, 9]",0.0875,,0.0821,0.4656,,0.0553,,,-0.7183,"(0, -1, 0, 0, 1, 0, -1, 1, 0)"
Node_00955,4,[O X O | . . . | . X .],9,0.4603,5,"[4, 5, 6, 7, 9]",,,,0.1036,0.271,0.0999,0.2765,,0.4603,"(-1, 1, -1, 0, 0, 0, 0, 1, 0)"
Node_00956,4,[O X . | . . O | . X .],4,0.4595,5,"[3, 4, 5, 7, 9]",,,0.1217,0.4595,0.271,,0.1334,,0.3644,"(-1, 1, 0, 0, 0, -1, 0, 1, 0)"
Node_00957,4,[X . O | O . X | . . .],5,0.4506,5,"[2, 5, 7, 8, 9]",,0.21,,,0.4506,,0.2068,-0.0812,0.1614,"(1, 0, -1, -1, 0, 1, 0, 0, 0)"
Node_00958,4,[. X . | . . O | O . X],4,0.4426,5,"[1, 3, 4, 5, 8]",0.0426,,0.3262,0.4426,0.2281,,,0.0,,"(0, 1, 0, 0, 0, -1, -1, 0, 1)"
Node_00959,4,[. . O | . O X | X . .],1,0.4421,5,"[1, 2, 4, 8, 9]",0.4421,0.2447,,-0.139,,,,0.2168,-0.1437,"(0, 0, -1, 0, -1, 1, 1, 0, 0)"
Node_00960,4,[X O . | O . . | . X .],3,0.4405,5,"[3, 5, 6, 7, 9]",,,0.4405,,0.2574,0.2846,0.3609,,0.3454,"(1, -1, 0, -1, 0, 0, 0, 1, 0)"
Node_00961,4,[X X O | . . . | . O .],7,0.4403,5,"[4, 5, 6, 7, 9]",,,,0.1931,0.1075,-0.0448,0.4403,,0.1015,"(1, 1, -1, 0, 0, 0, 0, -1, 0)"
Node_00962,4,[O . X | X O . | . . .],9,0.44,5,"[2, 6, 7, 8, 9]",,-0.2253,,,,-0.2477,-0.7683,-0.0504,0.44,"(-1, 0, 1, 1, -1, 0, 0, 0, 0)"
Node_00963,4,[. X . | O . X | . O .],3,0.435,5,"[1, 3, 5, 7, 9]",0.0482,,0.435,,0.4032,,0.0,,-0.19,"(0, 1, 0, -1, 0, 1, 0, -1, 0)"
Node_00964,4,[O . . | . . . | O X X],3,0.4349,5,"[2, 3, 4, 5, 6]",,0.0373,0.4349,-0.1119,-0.1032,-0.1647,,,,"(-1, 0, 0, 0, 0, 0, -1, 1, 1)"
Node_00965,4,[. O . | X . . | . X O],6,0.4332,5,"[1, 3, 5, 6, 7]",-0.1,,-0.0713,,0.4056,0.4332,0.2353,,,"(0, -1, 0, 1, 0, 0, 0, 1, -1)"
Node_00966,4,[. O . | . . X | O X .],4,0.4234,5,"[1, 3, 4, 5, 9]",0.2482,,0.2206,0.4234,0.0615,,,,0.0509,"(0, -1, 0, 0, 0, 1, -1, 1, 0)"
Node_00967,4,[. . X | X . O | . O .],2,0.4215,5,"[1, 2, 5, 7, 9]",0.2058,0.4215,,,0.3212,,0.2566,,0.1364,"(0, 0, 1, 1, 0, -1, 0, -1, 0)"
Node_00968,4,[O X . | . O . | X . .],9,0.4198,5,"[3, 4, 6, 8, 9]",,,-0.7131,-0.5422,,-0.7268,,-0.1489,0.4198,"(-1, 1, 0, 0, -1, 0, 1, 0, 0)"
Node_00969,4,[. . . | X X O | O . .],8,0.4191,5,"[1, 2, 3, 8, 9]",-0.334,0.0415,0.1594,,,,,0.4191,0.1611,"(0, 0, 0, 1, 1, -1, -1, 0, 0)"
Node_00970,4,[X O . | . . X | . . O],8,0.4119,5,"[3, 4, 5, 7, 8]",,,-0.112,0.2631,0.0114,,0.0965,0.4119,,"(1, -1, 0, 0, 0, 1, 0, 0, -1)"
Node_00971,4,[. . . | X . X | O . O],5,0.4095,5,"[1, 2, 3, 5, 8]",0.092,-0.4872,-0.3457,,0.4095,,,0.0721,,"(0, 0, 0, 1, 0, 1, -1, 0, -1)"
Node_00972,4,[O X . | . O . | . . X],7,0.4092,5,"[3, 4, 6, 7, 8]",,,0.1769,0.2993,,0.2383,0.4092,-0.0236,,"(-1, 1, 0, 0, -1, 0, 0, 0, 1)"
Node_00973,4,[O . . | X O . | . X .],9,0.4045,5,"[2, 3, 6, 7, 9]",,-0.476,0.2084,,,-0.522,-0.2564,,0.4045,"(-1, 0, 0, 1, -1, 0, 0, 1, 0)"
Node_00974,4,[. . X | . . X | . O O],7,0.4023,5,"[1, 2, 4, 5, 7]",-0.1162,0.0882,,-0.3856,-0.1163,,0.4023,,,"(0, 0, 1, 0, 0, 1, 0, -1, -1)"
Node_00975,4,[. X O | . . . | . O X],5,0.3934,5,"[1, 4, 5, 6, 7]",0.3035,,,0.1477,0.3934,0.0368,0.0528,,,"(0, 1, -1, 0, 0, 0, 0, -1, 1)"
Node_00976,4,[O . O | . . X | X . .],2,0.3865,5,"[2, 4, 5, 8, 9]",,0.3865,,-0.2,-0.1478,,,-0.0569,-0.5334,"(-1, 0, -1, 0, 0, 1, 1, 0, 0)"
Node_00977,4,[. O X | X . . | O . .],5,0.386,5,"[1, 5, 6, 8, 9]",-0.1046,,,,0.386,0.2522,,0.186,0.222,"(0, -1, 1, 1, 0, 0, -1, 0, 0)"
Node_00978,4,[X . . | . X . | O . O],8,0.3779,5,"[2, 3, 4, 6, 8]",,-0.8762,-0.863,-0.8867,,-0.6203,,0.3779,,"(1, 0, 0, 0, 1, 0, -1, 0, -1)"
Node_00979,4,[. O O | . . X | X . .],1,0.377,5,"[1, 4, 5, 8, 9]",0.377,,,0.0855,0.1655,,,0.0195,0.1054,"(0, -1, -1, 0, 0, 1, 1, 0, 0)"
Node_00980,4,[. . . | . . X | O X O],1,0.3697,5,"[1, 2, 3, 4, 5]",0.3697,-0.0022,0.0928,-0.09,0.2785,,,,,"(0, 0, 0, 0, 0, 1, -1, 1, -1)"
Node_00981,4,[. X . | . . O | X . O],3,0.3664,5,"[1, 3, 4, 5, 8]",-0.1,,0.3664,0.016,0.0096,,,-0.271,,"(0, 1, 0, 0, 0, -1, 1, 0, -1)"
Node_00982,4,[X O . | . O . | . . X],8,0.3582,5,"[3, 4, 6, 7, 8]",,,-0.628,-0.1559,,-0.3853,-0.538,0.3582,,"(1, -1, 0, 0, -1, 0, 0, 0, 1)"
Node_00983,4,[. X . | X . O | O . .],3,0.3552,5,"[1, 3, 5, 8, 9]",0.1426,,0.3552,,0.2251,,,0.2148,0.1287,"(0, 1, 0, 1, 0, -1, -1, 0, 0)"
Node_00984,4,[. . X | O O . | . X .],6,0.3532,5,"[1, 2, 6, 7, 9]",-0.43,-0.5579,,,,0.3532,-0.3393,,-0.4665,"(0, 0, 1, -1, -1, 0, 0, 1, 0)"
Node_00985,4,[. O O | X . X | . . .],5,0.3439,5,"[1, 5, 7, 8, 9]",0.1217,,,,0.3439,,0.0095,0.1466,0.1101,"(0, -1, -1, 1, 0, 1, 0, 0, 0)"
Node_00986,4,[. X . | O . O | . X .],5,0.3439,5,"[1, 3, 5, 7, 9]",-0.19,,0.1275,,0.3439,,-0.1747,,0.1152,"(0, 1, 0, -1, 0, -1, 0, 1, 0)"
Node_00987,4,[. . O | . O X | . X .],7,0.3379,5,"[1, 2, 4, 7, 9]",-0.475,-0.3323,,-0.6376,,,0.3379,,-0.2885,"(0, 0, -1, 0, -1, 1, 0, 1, 0)"
Node_00988,4,[. . . | . O . | X X O],1,0.3372,5,"[1, 2, 3, 4, 6]",0.3372,-0.9418,-0.7409,-0.2334,,-0.8026,,,,"(0, 0, 0, 0, -1, 0, 1, 1, -1)"
Node_00989,4,[. X O | O . X | . . .],5,0.3371,5,"[1, 5, 7, 8, 9]",-0.0908,,,,0.3371,,0.1356,0.2899,-0.0727,"(0, 1, -1, -1, 0, 1, 0, 0, 0)"
Node_00990,4,[O X . | . . . | X O .],5,0.329,5,"[3, 4, 5, 6, 9]",,,0.2423,0.1098,0.329,0.2775,,,0.1539,"(-1, 1, 0, 0, 0, 0, 1, -1, 0)"
Node_00991,4,[. . . | X . O | O . X],2,0.3288,5,"[1, 2, 3, 5, 8]",0.1304,0.3288,0.1536,,0.3079,,,0.0536,,"(0, 0, 0, 1, 0, -1, -1, 0, 1)"
Node_00992,4,[X O . | . O X | . . .],8,0.3165,5,"[3, 4, 7, 8, 9]",,,-0.5177,-0.7616,,,-0.5317,0.3165,-0.64,"(1, -1, 0, 0, -1, 1, 0, 0, 0)"
Node_00993,4,[X . . | O O . | . . X],6,0.3158,5,"[2, 3, 6, 7, 8]",,-0.6393,-0.1716,,,0.3158,-0.2301,-0.4333,,"(1, 0, 0, -1, -1, 0, 0, 0, 1)"
Node_00994,4,[O . . | . . . | X O X],3,0.311,5,"[2, 3, 4, 5, 6]",,0.31,0.311,-0.1174,-0.0066,0.0986,,,,"(-1, 0, 0, 0, 0, 0, 1, -1, 1)"
Node_00995,4,[X O . | . . . | O X .],9,0.3107,5,"[3, 4, 5, 6, 9]",,,0.2103,-0.0773,0.1663,0.0723,,,0.3107,"(1, -1, 0, 0, 0, 0, -1, 1, 0)"
Node_00996,4,[. . . | . O X | . X O],1,0.3095,5,"[1, 2, 3, 4, 7]",0.3095,-0.6429,-0.1791,-0.5526,,,-0.4267,,,"(0, 0, 0, 0, -1, 1, 0, 1, -1)"
Node_00997,4,[. X O | . . X | . O .],9,0.2878,5,"[1, 4, 5, 7, 9]",0.0,,,0.2136,0.0585,,0.0,,0.2878,"(0, 1, -1, 0, 0, 1, 0, -1, 0)"
Node_00998,4,[X . . | . O . | O X .],3,0.2749,5,"[2, 3, 4, 6, 9]",,0.1372,0.2749,-0.5431,,-0.1831,,,-0.7994,"(1, 0, 0, 0, -1, 0, -1, 1, 0)"
Node_00999,4,[. . X | X O . | . O .],2,0.2732,5,"[1, 2, 6, 7, 9]",-0.6288,0.2732,,,,-0.378,-0.4638,,-0.6195,"(0, 0, 1, 1, -1, 0, 0, -1, 0)"
Node_01000,4,[. O . | . . X | X O .],5,0.2679,5,"[1, 3, 4, 5, 9]",0.1553,,0.2038,-0.1,0.2679,,,,-0.0669,"(0, -1, 0, 0, 0, 1, 1, -1, 0)"
Node_01001,4,[X . O | . . X | . . O],7,0.2411,5,"[2, 4, 5, 7, 8]",,-0.0843,,0.0828,0.0968,,0.2411,0.0555,,"(1, 0, -1, 0, 0, 1, 0, 0, -1)"
Node_01002,4,[. O . | . . X | . X O],1,0.2335,5,"[1, 3, 4, 5, 7]",0.2335,,0.1626,0.1878,0.1138,,0.0375,,,"(0, -1, 0, 0, 0, 1, 0, 1, -1)"
Node_01003,4,[O . X | . X . | O . .],4,0.2328,5,"[2, 4, 6, 8, 9]",,-0.6871,,0.2328,,-0.1974,,-0.644,-0.7657,"(-1, 0, 1, 0, 1, 0, -1, 0, 0)"
Node_01004,4,[. X O | . . . | X . O],6,0.2324,5,"[1, 4, 5, 6, 8]",-0.4157,,,-0.2047,-0.4336,0.2324,,-0.5004,,"(0, 1, -1, 0, 0, 0, 1, 0, -1)"
Node_01005,4,[X . . | . . X | O . O],8,0.2298,5,"[2, 3, 4, 5, 8]",,0.0779,-0.5164,-0.172,0.0457,,,0.2298,,"(1, 0, 0, 0, 0, 1, -1, 0, -1)"
Node_01006,4,[. . . | O X X | . . O],7,0.2298,5,"[1, 2, 3, 7, 8]",0.0946,-0.0251,-0.6867,,,,0.2298,0.119,,"(0, 0, 0, -1, 1, 1, 0, 0, -1)"
Node_01007,4,[X . O | . . . | . X O],6,0.2105,5,"[2, 4, 5, 6, 7]",,0.0266,,-0.2232,-0.3439,0.2105,-0.0175,,,"(1, 0, -1, 0, 0, 0, 0, 1, -1)"
Node_01008,4,[O . X | . . . | O X .],4,0.2036,5,"[2, 4, 5, 6, 9]",,-0.2708,,0.2036,-0.3309,-0.503,,,-0.1933,"(-1, 0, 1, 0, 0, 0, -1, 1, 0)"
Node_01009,4,[. O O | . . X | . . X],1,0.203,5,"[1, 4, 5, 7, 8]",0.203,,,-0.0658,-0.19,,-0.0249,-0.3314,,"(0, -1, -1, 0, 0, 1, 0, 0, 1)"
Node_01010,4,[. . O | X . . | . X O],6,0.2029,5,"[1, 2, 5, 6, 7]",-0.1052,-0.6461,,,-0.0841,0.2029,-0.0819,,,"(0, 0, -1, 1, 0, 0, 0, 1, -1)"
Node_01011,4,[X . O | . O X | . . .],7,0.2026,5,"[2, 4, 7, 8, 9]",,-0.6011,,-0.331,,,0.2026,-0.1202,-0.3478,"(1, 0, -1, 0, -1, 1, 0, 0, 0)"
Node_01012,4,[. X . | . O O | . . X],4,0.2021,5,"[1, 3, 4, 7, 8]",-0.4351,,-0.4176,0.2021,,,-0.6218,-0.7697,,"(0, 1, 0, 0, -1, -1, 0, 0, 1)"
Node_01013,4,[. . O | O . X | X . .],2,0.1864,5,"[1, 2, 5, 8, 9]",0.0483,0.1864,,,0.067,,,0.1549,-0.0591,"(0, 0, -1, -1, 0, 1, 1, 0, 0)"
Node_01014,4,[. . . | X . X | . O O],7,0.1862,5,"[1, 2, 3, 5, 7]",0.1635,-0.0888,0.1217,,0.1,,0.1862,,,"(0, 0, 0, 1, 0, 1, 0, -1, -1)"
Node_01015,4,[. . X | X . . | . O O],7,0.1859,5,"[1, 2, 5, 6, 7]",0.1548,0.0274,,,-0.0122,0.1053,0.1859,,,"(0, 0, 1, 1, 0, 0, 0, -1, -1)"
Node_01016,4,[X . . | X . . | O O .],9,0.1839,5,"[2, 3, 5, 6, 9]",,0.1002,0.1034,,0.1148,-0.0714,,,0.1839,"(1, 0, 0, 1, 0, 0, -1, -1, 0)"
Node_01017,4,[. X . | . X . | . O O],7,0.1821,5,"[1, 3, 4, 6, 7]",-0.585,,-0.8511,-0.5845,,-0.5377,0.1821,,,"(0, 1, 0, 0, 1, 0, 0, -1, -1)"
Node_01018,4,[. . X | . O O | . . X],4,0.1816,5,"[1, 2, 4, 7, 8]",-0.4914,-0.5436,,0.1816,,,-0.9407,-0.8137,,"(0, 0, 1, 0, -1, -1, 0, 0, 1)"
Node_01019,4,[. . O | . X . | X . O],6,0.1772,5,"[1, 2, 4, 6, 8]",-0.0275,-0.9248,,-0.4218,,0.1772,,-0.6741,,"(0, 0, -1, 0, 1, 0, 1, 0, -1)"
Node_01020,4,[. X . | . X . | O O .],9,0.1729,5,"[1, 3, 4, 6, 9]",-0.1593,,-0.3357,-0.4686,,-0.6714,,,0.1729,"(0, 1, 0, 0, 1, 0, -1, -1, 0)"
Node_01021,4,[. O . | . X . | . X O],6,0.1693,5,"[1, 3, 4, 6, 7]",0.1204,,0.1139,0.0862,,0.1693,-0.7429,,,"(0, -1, 0, 0, 1, 0, 0, 1, -1)"
Node_01022,4,[. . X | . X . | O . O],8,0.1664,5,"[1, 2, 4, 6, 8]",-0.7855,-0.7853,,-0.9008,,-0.8247,,0.1664,,"(0, 0, 1, 0, 1, 0, -1, 0, -1)"
Node_01023,4,[X X O | . . O | . . .],5,0.1636,5,"[4, 5, 7, 8, 9]",,,,-0.2403,0.1636,,-0.0387,-0.1457,0.0905,"(1, 1, -1, 0, 0, -1, 0, 0, 0)"
Node_01024,4,[O X . | X . O | . . .],9,0.1588,5,"[3, 5, 7, 8, 9]",,,0.0,,0.0456,,0.1093,0.1375,0.1588,"(-1, 1, 0, 1, 0, -1, 0, 0, 0)"
Node_01025,4,[. X O | . X . | . O .],9,0.1529,5,"[1, 4, 6, 7, 9]",-0.7115,,,-0.0217,,0.075,0.0738,,0.1529,"(0, 1, -1, 0, 1, 0, 0, -1, 0)"
Node_01026,4,[. . O | . O X | . . X],7,0.1452,5,"[1, 2, 4, 7, 8]",-0.8851,-0.7978,,-0.945,,,0.1452,-0.6112,,"(0, 0, -1, 0, -1, 1, 0, 0, 1)"
Node_01027,4,[. . O | O X X | . . .],2,0.1428,5,"[1, 2, 7, 8, 9]",0.1127,0.1428,,,,,0.0568,0.0862,-0.4284,"(0, 0, -1, -1, 1, 1, 0, 0, 0)"
Node_01028,4,[. . X | . O . | X O .],2,0.1421,5,"[1, 2, 4, 6, 9]",-0.5154,0.1421,,-0.4952,,-0.4601,,,-0.6129,"(0, 0, 1, 0, -1, 0, 1, -1, 0)"
Node_01029,4,[X . O | . X . | . . O],6,0.1212,5,"[2, 4, 6, 7, 8]",,-0.8963,,-0.3885,,0.1212,-0.8895,-0.8075,,"(1, 0, -1, 0, 1, 0, 0, 0, -1)"
Node_01030,4,[X . . | . O O | . X .],4,0.1211,5,"[2, 3, 4, 7, 9]",,-0.6574,-0.2181,0.1211,,,-0.1072,,-0.4563,"(1, 0, 0, 0, -1, -1, 0, 1, 0)"
Node_01031,4,[. . . | X X O | . . O],3,0.1144,5,"[1, 2, 3, 7, 8]",-0.3307,-0.7718,0.1144,,,,-0.5674,-0.4006,,"(0, 0, 0, 1, 1, -1, 0, 0, -1)"
Node_01032,4,[X . . | O O . | . X .],6,0.1124,5,"[2, 3, 6, 7, 9]",,-0.3459,-0.4456,,,0.1124,-0.5862,,-0.2771,"(1, 0, 0, -1, -1, 0, 0, 1, 0)"
Node_01033,4,[O . . | O X X | . . .],7,0.1106,5,"[2, 3, 7, 8, 9]",,-0.585,-0.5682,,,,0.1106,-0.5438,-0.5087,"(-1, 0, 0, -1, 1, 1, 0, 0, 0)"
Node_01034,4,[O X . | . . X | O . .],4,0.105,5,"[3, 4, 5, 8, 9]",,,-0.1756,0.105,-0.0018,,,-0.19,-0.19,"(-1, 1, 0, 0, 0, 1, -1, 0, 0)"
Node_01035,4,[. . . | . O X | X O .],2,0.104,5,"[1, 2, 3, 4, 9]",-0.3127,0.104,-0.5848,-0.7119,,,,,-0.4469,"(0, 0, 0, 0, -1, 1, 1, -1, 0)"
Node_01036,4,[. . O | X X O | . . .],9,0.1021,5,"[1, 2, 7, 8, 9]",-0.3799,-0.1259,,,,,-0.7725,-0.6483,0.1021,"(0, 0, -1, 1, 1, -1, 0, 0, 0)"
Node_01037,4,[. X . | . . X | O . O],8,0.1011,5,"[1, 3, 4, 5, 8]",-0.4551,,-0.3333,-0.2249,-0.031,,,0.1011,,"(0, 1, 0, 0, 0, 1, -1, 0, -1)"
Node_01038,4,[O . . | X X O | . . .],3,0.1009,5,"[2, 3, 7, 8, 9]",,0.066,0.1009,,,,-0.7391,0.0633,-0.027,"(-1, 0, 0, 1, 1, -1, 0, 0, 0)"
Node_01039,4,[. O X | X O . | . . .],8,0.1001,5,"[1, 6, 7, 8, 9]",-0.7549,,,,,-0.6703,-0.7682,0.1001,-0.5279,"(0, -1, 1, 1, -1, 0, 0, 0, 0)"
Node_01040,4,[. . . | . O X | O X .],3,0.0847,5,"[1, 2, 3, 4, 9]",-0.6228,-0.6962,0.0847,-0.773,,,,,-0.2233,"(0, 0, 0, 0, -1, 1, -1, 1, 0)"
Node_01041,4,[O O . | X . . | . X .],5,0.0785,5,"[3, 5, 6, 7, 9]",,,0.0333,,0.0785,-0.0379,-0.1923,,-0.0196,"(-1, -1, 0, 1, 0, 0, 0, 1, 0)"
Node_01042,4,[X . . | . O X | . O .],2,0.0783,5,"[2, 3, 4, 7, 9]",,0.0783,-0.4599,-0.9063,,,-0.6757,,-0.3891,"(1, 0, 0, 0, -1, 1, 0, -1, 0)"
Node_01043,4,[O . O | . X . | X . .],2,0.0702,5,"[2, 4, 6, 8, 9]",,0.0702,,-0.7768,,-0.7239,,-0.581,-0.7194,"(-1, 0, -1, 0, 1, 0, 1, 0, 0)"
Node_01044,4,[. . . | X O . | . O X],2,0.062,5,"[1, 2, 3, 6, 7]",-0.7669,0.062,-0.7368,,,-0.501,-0.5832,,,"(0, 0, 0, 1, -1, 0, 0, -1, 1)"
Node_01045,4,[. . X | X . . | O . O],8,0.0613,5,"[1, 2, 5, 6, 8]",-0.0128,-0.0136,,,-0.0937,-0.3489,,0.0613,,"(0, 0, 1, 1, 0, 0, -1, 0, -1)"
Node_01046,4,[O . . | . X . | O . X],4,0.0587,5,"[2, 3, 4, 6, 8]",,-0.9488,-0.7149,0.0587,,-0.8422,,-0.9273,,"(-1, 0, 0, 0, 1, 0, -1, 0, 1)"
Node_01047,4,[O . X | O . . | . X .],7,0.0507,5,"[2, 5, 6, 7, 9]",,-0.1515,,,-0.2501,-0.1631,0.0507,,-0.1367,"(-1, 0, 1, -1, 0, 0, 0, 1, 0)"
Node_01048,4,[X X O | . O . | . . .],7,0.0463,5,"[4, 6, 7, 8, 9]",,,,-0.4026,,-0.859,0.0463,-0.9563,-0.7428,"(1, 1, -1, 0, -1, 0, 0, 0, 0)"
Node_01049,4,[X O X | . O . | . . .],8,0.0406,5,"[4, 6, 7, 8, 9]",,,,-0.7587,,-0.3032,-0.7562,0.0406,-0.2353,"(1, -1, 1, 0, -1, 0, 0, 0, 0)"
Node_01050,4,[O X X | . O . | . . .],9,0.0398,5,"[4, 6, 7, 8, 9]",,,,-0.7129,,-0.1099,-0.9191,-0.7761,0.0398,"(-1, 1, 1, 0, -1, 0, 0, 0, 0)"
Node_01051,4,[. X O | . O . | . X .],7,0.0388,5,"[1, 4, 6, 7, 9]",-0.3439,,,-0.3129,,-0.3137,0.0388,,-0.0377,"(0, 1, -1, 0, -1, 0, 0, 1, 0)"
Node_01052,4,[O O . | X . . | X . .],3,0.0372,5,"[3, 5, 6, 8, 9]",,,0.0372,,-0.027,-0.2337,,-0.3822,-0.1194,"(-1, -1, 0, 1, 0, 0, 1, 0, 0)"
Node_01053,4,[. . . | X O . | O X .],3,0.0291,5,"[1, 2, 3, 6, 9]",-0.3336,-0.7507,0.0291,,,-0.7294,,,-0.6424,"(0, 0, 0, 1, -1, 0, -1, 1, 0)"
Node_01054,4,[X X O | . . . | . . O],6,0.0249,5,"[4, 5, 6, 7, 8]",,,,-0.2273,-0.271,0.0249,-0.4095,-0.3884,,"(1, 1, -1, 0, 0, 0, 0, 0, -1)"
Node_01055,4,[. X . | O O . | X . .],6,0.0242,5,"[1, 3, 6, 8, 9]",-0.2544,,-0.5538,,,0.0242,,-0.063,-0.2525,"(0, 1, 0, -1, -1, 0, 1, 0, 0)"
Node_01056,4,[. . . | O X X | O . .],1,0.0225,5,"[1, 2, 3, 8, 9]",0.0225,-0.242,-0.4925,,,,,-0.5155,-0.5025,"(0, 0, 0, -1, 1, 1, -1, 0, 0)"
Node_01057,4,[. O O | . X . | . X .],1,0.008,5,"[1, 4, 6, 7, 9]",0.008,,,-0.0941,,-0.729,-0.4015,,-0.5654,"(0, -1, -1, 0, 1, 0, 0, 1, 0)"
Node_01058,4,[. . O | . . . | X X O],4,0.0074,5,"[1, 2, 4, 5, 6]",0.004,-0.2984,,0.0074,-0.0828,-0.0808,,,,"(0, 0, -1, 0, 0, 0, 1, 1, -1)"
Node_01059,4,[O O . | . X . | . X .],3,0.0039,5,"[3, 4, 6, 7, 9]",,,0.0039,-0.4942,,-0.3723,-0.3091,,-0.2204,"(-1, -1, 0, 0, 1, 0, 0, 1, 0)"
Node_01060,4,[. . X | . O X | . . O],1,-0.0008,5,"[1, 2, 4, 7, 8]",-0.0008,-0.5895,,-0.8614,,,-0.8499,-0.6674,,"(0, 0, 1, 0, -1, 1, 0, 0, -1)"
Node_01061,4,[O X . | X O . | . . .],9,-0.0083,5,"[3, 6, 7, 8, 9]",,,-0.5608,,,-0.4504,-0.3334,-0.5022,-0.0083,"(-1, 1, 0, 1, -1, 0, 0, 0, 0)"
Node_01062,4,[O X X | O . . | . . .],6,-0.0117,5,"[5, 6, 7, 8, 9]",,,,,-0.19,-0.0117,-0.0321,-0.0811,-0.0743,"(-1, 1, 1, -1, 0, 0, 0, 0, 0)"
Node_01063,4,[O . . | . . X | O X .],4,-0.0176,5,"[2, 3, 4, 5, 9]",,-0.1277,-0.2108,-0.0176,-0.273,,,,-0.198,"(-1, 0, 0, 0, 0, 1, -1, 1, 0)"
Node_01064,4,[X . . | O O . | X . .],6,-0.0198,5,"[2, 3, 6, 8, 9]",,-0.81,-0.3464,,,-0.0198,,-0.6792,-0.7776,"(1, 0, 0, -1, -1, 0, 1, 0, 0)"
Node_01065,4,[O . O | X . . | . X .],2,-0.0419,5,"[2, 5, 6, 7, 9]",,-0.0419,,,-0.2885,-0.2371,-0.5191,,-0.2593,"(-1, 0, -1, 1, 0, 0, 0, 1, 0)"
Node_01066,4,[. . . | . O . | O X X],3,-0.0428,5,"[1, 2, 3, 4, 6]",-0.7922,-0.8966,-0.0428,-0.7177,,-0.5534,,,,"(0, 0, 0, 0, -1, 0, -1, 1, 1)"
Node_01067,4,[. X O | . O X | . . .],7,-0.0556,5,"[1, 4, 7, 8, 9]",-0.4231,,,-0.743,,,-0.0556,-0.4552,-0.564,"(0, 1, -1, 0, -1, 1, 0, 0, 0)"
Node_01068,4,[. . . | . O . | X O X],2,-0.0573,5,"[1, 2, 3, 4, 6]",-0.272,-0.0573,-0.4475,-0.5488,,-0.4661,,,,"(0, 0, 0, 0, -1, 0, 1, -1, 1)"
Node_01069,4,[. X O | X . . | . . O],6,-0.0693,5,"[1, 5, 6, 7, 8]",-0.1253,,,,-0.2709,-0.0693,-0.5342,-0.2702,,"(0, 1, -1, 1, 0, 0, 0, 0, -1)"
Node_01070,4,[. . . | X O X | . O .],9,-0.0748,5,"[1, 2, 3, 7, 9]",-0.4686,-0.1531,-0.1104,,,,-0.1196,,-0.0748,"(0, 0, 0, 1, -1, 1, 0, -1, 0)"
Node_01071,4,[. X . | X . . | O . O],1,-0.0947,5,"[1, 3, 5, 6, 8]",-0.0947,,-0.1277,,-0.1203,-0.4925,,-0.1478,,"(0, 1, 0, 1, 0, 0, -1, 0, -1)"
Node_01072,4,[. . . | . . O | X X O],4,-0.1072,5,"[1, 2, 3, 4, 5]",-0.4095,-0.1162,-0.1773,-0.1072,-0.1816,,,,,"(0, 0, 0, 0, 0, -1, 1, 1, -1)"
Node_01073,4,[. . . | X O X | O . .],9,-0.1252,5,"[1, 2, 3, 8, 9]",-0.4317,-0.5635,-0.1557,,,,,-0.5987,-0.1252,"(0, 0, 0, 1, -1, 1, -1, 0, 0)"
Node_01074,4,[X . . | X O . | O . .],3,-0.1284,5,"[2, 3, 6, 8, 9]",,-0.2572,-0.1284,,,-0.9589,,-0.816,-0.6724,"(1, 0, 0, 1, -1, 0, -1, 0, 0)"
Node_01075,4,[O . . | X O . | X . .],9,-0.1375,5,"[2, 3, 6, 8, 9]",,-0.6253,-0.742,,,-0.8552,,-0.2622,-0.1375,"(-1, 0, 0, 1, -1, 0, 1, 0, 0)"
Node_01076,4,[O . O | . . X | . X .],9,-0.14,5,"[2, 4, 5, 7, 9]",,-0.1628,,-0.1942,-0.3302,,-0.2519,,-0.14,"(-1, 0, -1, 0, 0, 1, 0, 1, 0)"
Node_01077,4,[. . X | . . X | O . O],5,-0.1977,5,"[1, 2, 4, 5, 8]",-0.5664,-0.4588,,-0.4763,-0.1977,,,-0.3635,,"(0, 0, 1, 0, 0, 1, -1, 0, -1)"
Node_01078,4,[. O . | X O X | . . .],8,-0.2104,5,"[1, 3, 7, 8, 9]",-0.2736,,-0.2504,,,,-0.2666,-0.2104,-0.4716,"(0, -1, 0, 1, -1, 1, 0, 0, 0)"
Node_01079,4,[O . O | . . X | . . X],4,-0.2324,5,"[2, 4, 5, 7, 8]",,-0.3671,,-0.2324,-0.2462,,-0.2569,-0.3737,,"(-1, 0, -1, 0, 0, 1, 0, 0, 1)"
Node_01080,4,[O . O | X . . | X . .],2,-0.2425,5,"[2, 5, 6, 8, 9]",,-0.2425,,,-0.2581,-0.3322,,-0.2868,-0.3199,"(-1, 0, -1, 1, 0, 0, 1, 0, 0)"
Node_01081,4,[O X . | . O . | . X .],9,-0.2487,5,"[3, 4, 6, 7, 9]",,,-0.4587,-0.3566,,-0.4193,-0.3019,,-0.2487,"(-1, 1, 0, 0, -1, 0, 0, 1, 0)"
Node_01082,4,[. X . | . O O | . X .],4,-0.2597,5,"[1, 3, 4, 7, 9]",-0.5042,,-0.4871,-0.2597,,,-0.2815,,-0.442,"(0, 1, 0, 0, -1, -1, 0, 1, 0)"
Node_01083,4,[O . . | X O X | . . .],9,-0.2691,5,"[2, 3, 7, 8, 9]",,-0.3703,-0.3122,,,,-0.6558,-0.2901,-0.2691,"(-1, 0, 0, 1, -1, 1, 0, 0, 0)"
Node_01084,4,[. X . | . O . | O X .],1,-0.3054,5,"[1, 3, 4, 6, 9]",-0.3054,,-0.3086,-0.4262,,-0.8234,,,-0.802,"(0, 1, 0, 0, -1, 0, -1, 1, 0)"
Node_01085,4,[O X X | . . . | O . .],4,-0.3505,5,"[4, 5, 6, 8, 9]",,,,-0.3505,-0.4053,-0.3905,,-0.7031,-0.5399,"(-1, 1, 1, 0, 0, 0, -1, 0, 0)"
Node_01086,4,[. . . | X O X | . . O],7,-0.371,5,"[1, 2, 3, 7, 8]",-0.3931,-0.5184,-0.3876,,,,-0.371,-0.4651,,"(0, 0, 0, 1, -1, 1, 0, 0, -1)"
Node_01087,4,[. X . | O O . | . X .],1,-0.3712,5,"[1, 3, 6, 7, 9]",-0.3712,,-0.4584,,,-0.4089,-0.4102,,-0.4184,"(0, 1, 0, -1, -1, 0, 0, 1, 0)"
Node_01088,4,[X . . | X . . | O . O],3,-0.4113,5,"[2, 3, 5, 6, 8]",,-0.45,-0.4113,,-0.4825,-0.4408,,-0.4401,,"(1, 0, 0, 1, 0, 0, -1, 0, -1)"
Node_01089,4,[. X . | . O . | . X O],4,-0.6499,5,"[1, 3, 4, 6, 7]",-0.6512,,-0.6633,-0.6499,,-0.6601,-0.6577,,,"(0, 1, 0, 0, -1, 0, 0, 1, -1)"
Node_01090,4,[. . O | X O X | . . .],1,-0.7731,5,"[1, 2, 7, 8, 9]",-0.7731,-0.7756,,,,,-0.7901,-0.7795,-0.9121,"(0, 0, -1, 1, -1, 1, 0, 0, 0)"
Node_01091,5,[. X . | . O . | O O X],3,1.7688,4,"[1, 3, 4, 6]",-0.4914,,1.7688,-0.2778,,-0.0585,,,,"(0, 1, 0, 0, -1, 0, -1, -1, 1)"
Node_01092,5,[. X . | . O . | X O O],1,1.7652,4,"[1, 3, 4, 6]",1.7652,,-0.5354,-0.235,,-0.4735,,,,"(0, 1, 0, 0, -1, 0, 1, -1, -1)"
Node_01093,5,[X O . | . X O | . O .],7,1.7589,4,"[3, 4, 7, 9]",,,0.591,0.7128,,,1.7589,,0.5695,"(1, -1, 0, 0, 1, -1, 0, -1, 0)"
Node_01094,5,[. . O | . O O | X . X],4,1.7566,4,"[1, 2, 4, 8]",-0.2003,-0.568,,1.7566,,,,0.8499,,"(0, 0, -1, 0, -1, -1, 1, 0, 1)"
Node_01095,5,[O X O | . X . | O . .],4,1.7548,4,"[4, 6, 8, 9]",,,,1.7548,,0.0774,,0.8332,0.0351,"(-1, 1, -1, 0, 1, 0, -1, 0, 0)"
Node_01096,5,[O O X | . O . | . X .],9,1.7541,4,"[4, 6, 7, 9]",,,,-0.4229,,-0.3726,-0.5528,,1.7541,"(-1, -1, 1, 0, -1, 0, 0, 1, 0)"
Node_01097,5,[O O X | . O . | . . X],8,1.7515,4,"[4, 6, 7, 8]",,,,-0.5643,,0.9282,-0.2072,1.7515,,"(-1, -1, 1, 0, -1, 0, 0, 0, 1)"
Node_01098,5,[X . . | O O X | O . .],3,1.7456,4,"[2, 3, 8, 9]",,-0.2666,1.7456,,,,,-0.6474,-0.4232,"(1, 0, 0, -1, -1, 1, -1, 0, 0)"
Node_01099,5,[O O . | . X . | . O X],3,1.7402,4,"[3, 4, 6, 7]",,,1.7402,-0.5137,,-0.2474,0.0398,,,"(-1, -1, 0, 0, 1, 0, 0, -1, 1)"
Node_01100,5,[. . X | O X O | O . .],1,1.7281,4,"[1, 2, 8, 9]",1.7281,-0.2281,,,,,,-0.5015,-0.3807,"(0, 0, 1, -1, 1, -1, -1, 0, 0)"
Node_01101,5,[O . . | O O X | X . .],9,1.7253,4,"[2, 3, 8, 9]",,-0.4131,-0.1127,,,,,-0.3296,1.7253,"(-1, 0, 0, -1, -1, 1, 1, 0, 0)"
Node_01102,5,[O O X | . X . | . O .],6,1.7209,4,"[4, 6, 7, 9]",,,,0.3415,,1.7209,0.3439,,1.0102,"(-1, -1, 1, 0, 1, 0, 0, -1, 0)"
Node_01103,5,[. . X | X O O | . . O],1,1.7203,4,"[1, 2, 7, 8]",1.7203,-0.542,,,,,-0.1069,-0.7399,,"(0, 0, 1, 1, -1, -1, 0, 0, -1)"
Node_01104,5,[O . . | . X . | O X O],4,1.7197,4,"[2, 3, 4, 6]",,0.4686,-0.3832,1.7197,,0.2453,,,,"(-1, 0, 0, 0, 1, 0, -1, 1, -1)"
Node_01105,5,[O . O | X X . | O . .],2,1.7184,4,"[2, 6, 8, 9]",,1.7184,,,,0.7941,,-0.2658,-0.3815,"(-1, 0, -1, 1, 1, 0, -1, 0, 0)"
Node_01106,5,[O . . | O O . | X . X],6,1.7086,4,"[2, 3, 6, 8]",,-0.3925,0.1087,,,1.7086,,0.9988,,"(-1, 0, 0, -1, -1, 0, 1, 0, 1)"
Node_01107,5,[O X O | . X . | . . O],6,1.7079,4,"[4, 6, 7, 8]",,,,-0.3991,,1.7079,-0.4941,0.7712,,"(-1, 1, -1, 0, 1, 0, 0, 0, -1)"
Node_01108,5,[O . . | . X X | . O O],7,1.7047,4,"[2, 3, 4, 7]",,-0.2348,0.0224,0.6126,,,1.7047,,,"(-1, 0, 0, 0, 1, 1, 0, -1, -1)"
Node_01109,5,[. . O | X O O | . . X],7,1.7039,4,"[1, 2, 7, 8]",0.1074,-0.4104,,,,,1.7039,-0.2541,,"(0, 0, -1, 1, -1, -1, 0, 0, 1)"
Node_01110,5,[. O . | X X . | . O O],7,1.6981,4,"[1, 3, 6, 7]",-0.1623,,0.2698,,,0.7176,1.6981,,,"(0, -1, 0, 1, 1, 0, 0, -1, -1)"
Node_01111,5,[. . . | O X O | X O .],9,1.6938,4,"[1, 2, 3, 9]",0.7341,0.4067,0.6126,,,,,,1.6938,"(0, 0, 0, -1, 1, -1, 1, -1, 0)"
Node_01112,5,[X . X | . O O | . . O],4,1.6909,4,"[2, 4, 7, 8]",,0.9015,,1.6909,,,-0.5247,0.0071,,"(1, 0, 1, 0, -1, -1, 0, 0, -1)"
Node_01113,5,[. O O | . O . | X X .],1,1.6879,4,"[1, 4, 6, 9]",1.6879,,,-0.4994,,-0.7244,,,0.5695,"(0, -1, -1, 0, -1, 0, 1, 1, 0)"
Node_01114,5,[. O . | . X O | X O .],1,1.6831,4,"[1, 3, 4, 9]",1.6831,,0.271,0.578,,,,,0.4781,"(0, -1, 0, 0, 1, -1, 1, -1, 0)"
Node_01115,5,[. . . | O X O | . X O],3,1.6802,4,"[1, 2, 3, 7]",-0.5791,0.5695,1.6802,,,,-0.0435,,,"(0, 0, 0, -1, 1, -1, 0, 1, -1)"
Node_01116,5,[X O O | . O . | X . .],8,1.6783,4,"[4, 6, 8, 9]",,,,0.9903,,-0.4087,,1.6783,-0.1533,"(1, -1, -1, 0, -1, 0, 1, 0, 0)"
Node_01117,5,[. O . | . X . | O O X],3,1.6732,4,"[1, 3, 4, 6]",0.4686,,1.6732,0.9245,,0.6166,,,,"(0, -1, 0, 0, 1, 0, -1, -1, 1)"
Node_01118,5,[. . O | X O O | X . .],9,1.6727,4,"[1, 2, 8, 9]",0.8784,-0.3482,,,,,,0.1806,1.6727,"(0, 0, -1, 1, -1, -1, 1, 0, 0)"
Node_01119,5,[O X . | O X . | . . O],7,1.6591,4,"[3, 6, 7, 8]",,,-0.1993,,,-0.4326,1.6591,0.5217,,"(-1, 1, 0, -1, 1, 0, 0, 0, -1)"
Node_01120,5,[. . O | . X . | O O X],4,1.6522,4,"[1, 2, 4, 6]",0.4686,0.3751,,1.6522,,0.6172,,,,"(0, 0, -1, 0, 1, 0, -1, -1, 1)"
Node_01121,5,[O . . | O X O | . X .],7,1.6509,4,"[2, 3, 7, 9]",,0.7176,0.391,,,,1.6509,,0.0413,"(-1, 0, 0, -1, 1, -1, 0, 1, 0)"
Node_01122,5,[O O . | X X . | . . O],3,1.6491,4,"[3, 6, 7, 8]",,,1.6491,,,0.7176,-0.5453,-0.2731,,"(-1, -1, 0, 1, 1, 0, 0, 0, -1)"
Node_01123,5,[O . X | . X O | . . O],8,1.6489,4,"[2, 4, 7, 8]",,0.404,,0.0528,,,0.4686,1.6489,,"(-1, 0, 1, 0, 1, -1, 0, 0, -1)"
Node_01124,5,[. . X | . O . | O O X],2,1.6485,4,"[1, 2, 4, 6]",0.5305,1.6485,,-0.3376,,0.9966,,,,"(0, 0, 1, 0, -1, 0, -1, -1, 1)"
Node_01125,5,[X . . | X O O | . . O],3,1.6474,4,"[2, 3, 7, 8]",,-0.2144,1.6474,,,,0.4095,-0.2829,,"(1, 0, 0, 1, -1, -1, 0, 0, -1)"
Node_01126,5,[O . O | . X X | . . O],2,1.6461,4,"[2, 4, 7, 8]",,1.6461,,0.7458,,,-0.1071,-0.4705,,"(-1, 0, -1, 0, 1, 1, 0, 0, -1)"
Node_01127,5,[. . O | O X . | O X .],1,1.6454,4,"[1, 2, 6, 9]",1.6454,0.6862,,,,-0.1951,,,-0.1173,"(0, 0, -1, -1, 1, 0, -1, 1, 0)"
Node_01128,5,[. . X | O X O | . . O],2,1.6414,4,"[1, 2, 7, 8]",0.9127,1.6414,,,,,0.7458,0.9026,,"(0, 0, 1, -1, 1, -1, 0, 0, -1)"
Node_01129,5,[X O O | . O . | . X .],7,1.6408,4,"[4, 6, 7, 9]",,,,-0.2839,,-0.2758,1.6408,,-0.0736,"(1, -1, -1, 0, -1, 0, 0, 1, 0)"
Node_01130,5,[X X . | . O . | . O O],7,1.6327,4,"[3, 4, 6, 7]",,,0.8332,-0.2602,,-0.2564,1.6327,,,"(1, 1, 0, 0, -1, 0, 0, -1, -1)"
Node_01131,5,[O O X | . X . | . . O],4,1.6278,4,"[4, 6, 7, 8]",,,,1.6278,,0.3923,0.4095,0.1034,,"(-1, -1, 1, 0, 1, 0, 0, 0, -1)"
Node_01132,5,[. O . | . X . | X O O],6,1.6273,4,"[1, 3, 4, 6]",0.9376,,0.7458,0.6782,,1.6273,,,,"(0, -1, 0, 0, 1, 0, 1, -1, -1)"
Node_01133,5,[X . X | O O . | O . .],6,1.6265,4,"[2, 6, 8, 9]",,0.7176,,,,1.6265,,-0.2121,-0.4161,"(1, 0, 1, -1, -1, 0, -1, 0, 0)"
Node_01134,5,[O . . | . X . | X O O],6,1.6199,4,"[2, 3, 4, 6]",,0.5184,0.6513,1.0486,,1.6199,,,,"(-1, 0, 0, 0, 1, 0, 1, -1, -1)"
Node_01135,5,[O O . | . O . | . X X],3,1.6191,4,"[3, 4, 6, 7]",,,1.6191,-0.5048,,0.0762,0.4686,,,"(-1, -1, 0, 0, -1, 0, 0, 1, 1)"
Node_01136,5,[. . O | X X . | O O .],9,1.6155,4,"[1, 2, 6, 9]",-0.0014,-0.3541,,,,0.4095,,,1.6155,"(0, 0, -1, 1, 1, 0, -1, -1, 0)"
Node_01137,5,[. O X | O X O | . . .],1,1.6138,4,"[1, 7, 8, 9]",1.6138,,,,,,0.6126,-0.033,0.3445,"(0, -1, 1, -1, 1, -1, 0, 0, 0)"
Node_01138,5,[O . . | O X . | X . O],2,1.6071,4,"[2, 3, 6, 8]",,1.6071,0.5695,,,0.0998,,0.4939,,"(-1, 0, 0, -1, 1, 0, 1, 0, -1)"
Node_01139,5,[. . O | O X O | . . X],2,1.5834,4,"[1, 2, 7, 8]",0.6513,1.5834,,,,,0.982,1.075,,"(0, 0, -1, -1, 1, -1, 0, 0, 1)"
Node_01140,5,[X . . | . O . | X O O],2,1.5794,4,"[2, 3, 4, 6]",,1.5794,-0.0013,0.9987,,0.0587,,,,"(1, 0, 0, 0, -1, 0, 1, -1, -1)"
Node_01141,5,[. O O | X X . | . O .],1,1.5749,4,"[1, 6, 7, 9]",1.5749,,,,,0.271,-0.1129,,0.0586,"(0, -1, -1, 1, 1, 0, 0, -1, 0)"
Node_01142,5,[O . . | O O X | . . X],7,1.564,4,"[2, 3, 7, 8]",,-0.4407,0.5695,,,,1.564,0.022,,"(-1, 0, 0, -1, -1, 1, 0, 0, 1)"
Node_01143,5,[. O O | . X . | X O .],1,1.5508,4,"[1, 4, 6, 9]",1.5508,,,-0.2196,,-0.1515,,,0.3155,"(0, -1, -1, 0, 1, 0, 1, -1, 0)"
Node_01144,5,[O O . | X X . | . O .],3,1.5492,4,"[3, 6, 7, 9]",,,1.5492,,,0.6513,-0.0762,,-0.0559,"(-1, -1, 0, 1, 1, 0, 0, -1, 0)"
Node_01145,5,[X O . | O X O | . . .],7,1.5449,4,"[3, 7, 8, 9]",,,0.6498,,,,1.5449,-0.1745,0.9202,"(1, -1, 0, -1, 1, -1, 0, 0, 0)"
Node_01146,5,[. X X | . O . | O O .],9,1.5373,4,"[1, 4, 6, 9]",0.9282,,,-0.4576,,0.09,,,1.5373,"(0, 1, 1, 0, -1, 0, -1, -1, 0)"
Node_01147,5,[X . . | O X O | O . .],3,1.536,4,"[2, 3, 8, 9]",,1.1489,1.536,,,,,0.8097,0.4095,"(1, 0, 0, -1, 1, -1, -1, 0, 0)"
Node_01148,5,[. . O | O X O | . X .],9,1.5333,4,"[1, 2, 7, 9]",-0.0689,0.271,,,,,-0.1877,,1.5333,"(0, 0, -1, -1, 1, -1, 0, 1, 0)"
Node_01149,5,[. . . | O X O | O X .],1,1.5245,4,"[1, 2, 3, 9]",1.5245,0.4095,-0.2453,,,,,,0.0381,"(0, 0, 0, -1, 1, -1, -1, 1, 0)"
Node_01150,5,[X O . | . X . | . O O],7,1.523,4,"[3, 4, 6, 7]",,,-0.4924,-0.1543,,-0.3022,1.523,,,"(1, -1, 0, 0, 1, 0, 0, -1, -1)"
Node_01151,5,[. . X | O X O | . O .],1,1.5122,4,"[1, 2, 7, 9]",1.5122,0.7218,,,,,0.5695,,0.6746,"(0, 0, 1, -1, 1, -1, 0, -1, 0)"
Node_01152,5,[O . . | . X O | . X O],3,1.5116,4,"[2, 3, 4, 7]",,0.4686,1.5116,-0.1953,,,-0.271,,,"(-1, 0, 0, 0, 1, -1, 0, 1, -1)"
Node_01153,5,[X O O | . X . | . O .],7,1.503,4,"[4, 6, 7, 9]",,,,1.0786,,1.2552,1.503,,0.8147,"(1, -1, -1, 0, 1, 0, 0, -1, 0)"
Node_01154,5,[X O O | . X . | O . .],6,1.4987,4,"[4, 6, 8, 9]",,,,0.6598,,1.4987,,-0.1659,0.9903,"(1, -1, -1, 0, 1, 0, -1, 0, 0)"
Node_01155,5,[. O . | X O O | X . .],8,1.4941,4,"[1, 3, 8, 9]",0.9836,,-0.5426,,,,,1.4941,0.0286,"(0, -1, 0, 1, -1, -1, 1, 0, 0)"
Node_01156,5,[O X . | O X O | . . .],7,1.4743,4,"[3, 7, 8, 9]",,,0.357,,,,1.4743,0.5695,-0.4627,"(-1, 1, 0, -1, 1, -1, 0, 0, 0)"
Node_01157,5,[. O . | . O O | X X .],4,1.4687,4,"[1, 3, 4, 9]",0.5087,,-0.4568,1.4687,,,,,0.6126,"(0, -1, 0, 0, -1, -1, 1, 1, 0)"
Node_01158,5,[X X . | . O O | . O .],4,1.4644,4,"[3, 4, 7, 9]",,,0.6862,1.4644,,,-0.4078,,-0.5748,"(1, 1, 0, 0, -1, -1, 0, -1, 0)"
Node_01159,5,[. . O | . X . | O X O],6,1.448,4,"[1, 2, 4, 6]",0.1432,0.7712,,0.3977,,1.448,,,,"(0, 0, -1, 0, 1, 0, -1, 1, -1)"
Node_01160,5,[. X . | O X O | O . .],1,1.4431,4,"[1, 3, 8, 9]",1.4431,,-0.0079,,,,,0.7176,0.4298,"(0, 1, 0, -1, 1, -1, -1, 0, 0)"
Node_01161,5,[. X X | O O . | . O .],6,1.4427,4,"[1, 6, 7, 9]",0.4686,,,,,1.4427,-0.3599,,-0.1635,"(0, 1, 1, -1, -1, 0, 0, -1, 0)"
Node_01162,5,[. O O | . X X | . O .],1,1.4406,4,"[1, 4, 7, 9]",1.4406,,,0.5695,,,-0.0807,,0.2406,"(0, -1, -1, 0, 1, 1, 0, -1, 0)"
Node_01163,5,[O O . | . X X | . O .],3,1.4397,4,"[3, 4, 7, 9]",,,1.4397,0.8147,,,0.0928,,-0.0867,"(-1, -1, 0, 0, 1, 1, 0, -1, 0)"
Node_01164,5,[. X O | . X O | O . .],9,1.438,4,"[1, 4, 8, 9]",0.4642,,,-0.408,,,,0.6862,1.438,"(0, 1, -1, 0, 1, -1, -1, 0, 0)"
Node_01165,5,[O X . | . X O | . . O],3,1.4245,4,"[3, 4, 7, 8]",,,1.4245,-0.2641,,,0.238,0.19,,"(-1, 1, 0, 0, 1, -1, 0, 0, -1)"
Node_01166,5,[O . . | O X O | . . X],7,1.4206,4,"[2, 3, 7, 8]",,0.1789,-0.2526,,,,1.4206,-0.4263,,"(-1, 0, 0, -1, 1, -1, 0, 0, 1)"
Node_01167,5,[O . . | O X O | X . .],8,1.4168,4,"[2, 3, 8, 9]",,0.6334,0.9657,,,,,1.4168,0.3553,"(-1, 0, 0, -1, 1, -1, 1, 0, 0)"
Node_01168,5,[. . O | O X O | X . .],9,1.3895,4,"[1, 2, 8, 9]",-0.2481,-0.4698,,,,,,0.01,1.3895,"(0, 0, -1, -1, 1, -1, 1, 0, 0)"
Node_01169,5,[. O X | . X . | O O .],9,1.3805,4,"[1, 4, 6, 9]",-0.2858,,,-0.0099,,-0.4885,,,1.3805,"(0, -1, 1, 0, 1, 0, -1, -1, 0)"
Node_01170,5,[. O . | O X O | X . .],9,1.3668,4,"[1, 3, 8, 9]",0.1375,,0.5217,,,,,0.2569,1.3668,"(0, -1, 0, -1, 1, -1, 1, 0, 0)"
Node_01171,5,[. . . | O X O | . O X],7,1.3433,4,"[1, 2, 3, 7]",0.4095,0.5561,0.3824,,,,1.3433,,,"(0, 0, 0, -1, 1, -1, 0, -1, 1)"
Node_01172,5,[X . . | O X O | . O .],3,1.3319,4,"[2, 3, 7, 9]",,0.1174,1.3319,,,,0.2099,,0.19,"(1, 0, 0, -1, 1, -1, 0, -1, 0)"
Node_01173,5,[O . . | O . . | X O X],3,1.2927,4,"[2, 3, 5, 6]",,-0.0729,1.2927,,0.1277,0.503,,,,"(-1, 0, 0, -1, 0, 0, 1, -1, 1)"
Node_01174,5,[O O . | O . . | X . X],3,1.2908,4,"[3, 5, 6, 8]",,,1.2908,,-0.0511,0.0907,,0.4095,,"(-1, -1, 0, -1, 0, 0, 1, 0, 1)"
Node_01175,5,[. O O | . . O | X . X],1,1.2687,4,"[1, 4, 5, 8]",1.2687,,,0.0596,-0.0157,,,0.3439,,"(0, -1, -1, 0, 0, -1, 1, 0, 1)"
Node_01176,5,[X . . | O X O | . . O],3,1.2662,4,"[2, 3, 7, 8]",,-0.1849,1.2662,,,,-0.0061,-0.3779,,"(1, 0, 0, -1, 1, -1, 0, 0, -1)"
Node_01177,5,[. O X | O . . | . O X],5,1.2625,4,"[1, 5, 6, 7]",0.118,,,,1.2625,0.3439,0.0517,,,"(0, -1, 1, -1, 0, 0, 0, -1, 1)"
Node_01178,5,[. O . | X X . | O O .],9,1.2549,4,"[1, 3, 6, 9]",-0.195,,-0.2134,,,0.5217,,,1.2549,"(0, -1, 0, 1, 1, 0, -1, -1, 0)"
Node_01179,5,[. O . | O X . | X O .],9,1.2523,4,"[1, 3, 6, 9]",0.6931,,0.6126,,,0.3886,,,1.2523,"(0, -1, 0, -1, 1, 0, 1, -1, 0)"
Node_01180,5,[. O X | O X . | . O .],9,1.2373,4,"[1, 6, 7, 9]",0.6979,,,,,0.2281,0.4095,,1.2373,"(0, -1, 1, -1, 1, 0, 0, -1, 0)"
Node_01181,5,[X . X | . . O | O O .],9,1.2167,4,"[2, 4, 5, 9]",,0.271,,-0.4686,-0.0028,,,,1.2167,"(1, 0, 1, 0, 0, -1, -1, -1, 0)"
Node_01182,5,[. O . | O X O | . . X],8,1.2012,4,"[1, 3, 7, 8]",0.7176,,0.4631,,,,0.6901,1.2012,,"(0, -1, 0, -1, 1, -1, 0, 0, 1)"
Node_01183,5,[. O . | . . O | X O X],5,1.1763,4,"[1, 3, 4, 5]",-0.1,,-0.3412,-0.4095,1.1763,,,,,"(0, -1, 0, 0, 0, -1, 1, -1, 1)"
Node_01184,5,[. X . | O X O | . . O],3,1.1714,4,"[1, 3, 7, 8]",0.3962,,1.1714,,,,-0.1716,0.5695,,"(0, 1, 0, -1, 1, -1, 0, 0, -1)"
Node_01185,5,[. . X | O . O | . O X],5,1.1588,4,"[1, 2, 5, 7]",-0.3384,-0.3874,,,1.1588,,-0.2044,,,"(0, 0, 1, -1, 0, -1, 0, -1, 1)"
Node_01186,5,[. O . | O . O | X . X],5,1.1516,4,"[1, 3, 5, 8]",-0.1778,,0.2633,,1.1516,,,0.5217,,"(0, -1, 0, -1, 0, -1, 1, 0, 1)"
Node_01187,5,[. O X | . X O | . O .],9,1.1502,4,"[1, 4, 7, 9]",0.0186,,,0.2993,,,0.271,,1.1502,"(0, -1, 1, 0, 1, -1, 0, -1, 0)"
Node_01188,5,[O X X | . . O | . . O],5,1.1339,4,"[4, 5, 7, 8]",,,,-0.6513,1.1339,,-0.5102,0.0909,,"(-1, 1, 1, 0, 0, -1, 0, 0, -1)"
Node_01189,5,[X . X | O . . | O O .],9,1.1287,4,"[2, 5, 6, 9]",,0.1,,,0.4975,-0.1374,,,1.1287,"(1, 0, 1, -1, 0, 0, -1, -1, 0)"
Node_01190,5,[O O X | O . . | X . .],9,1.1216,4,"[5, 6, 8, 9]",,,,,0.271,0.3493,,0.2247,1.1216,"(-1, -1, 1, -1, 0, 0, 1, 0, 0)"
Node_01191,5,[X O O | O . . | X . .],9,1.1198,4,"[5, 6, 8, 9]",,,,,-0.19,0.0,,0.0785,1.1198,"(1, -1, -1, -1, 0, 0, 1, 0, 0)"
Node_01192,5,[O O X | . . X | . O .],5,1.101,4,"[4, 5, 7, 9]",,,,0.0309,1.101,,-0.0742,,0.271,"(-1, -1, 1, 0, 0, 1, 0, -1, 0)"
Node_01193,5,[X O O | . . O | . . X],7,1.0965,4,"[4, 5, 7, 8]",,,,0.2141,0.3439,,1.0965,0.3898,,"(1, -1, -1, 0, 0, -1, 0, 0, 1)"
Node_01194,5,[. . O | O . O | X . X],5,1.094,4,"[1, 2, 5, 8]",0.1828,-0.1708,,,1.094,,,0.5217,,"(0, 0, -1, -1, 0, -1, 1, 0, 1)"
Node_01195,5,[. X . | O X O | . O .],1,1.094,4,"[1, 3, 7, 9]",1.094,,0.2827,,,,-0.2385,,0.0038,"(0, 1, 0, -1, 1, -1, 0, -1, 0)"
Node_01196,5,[X O O | . . O | X . .],9,1.0784,4,"[4, 5, 8, 9]",,,,0.6126,0.122,,,-0.3439,1.0784,"(1, -1, -1, 0, 0, -1, 1, 0, 0)"
Node_01197,5,[. O X | O . . | O . X],1,1.0764,4,"[1, 5, 6, 8]",1.0764,,,,0.3936,0.4095,,-0.1,,"(0, -1, 1, -1, 0, 0, -1, 0, 1)"
Node_01198,5,[. O . | O X X | . O .],3,1.0753,4,"[1, 3, 7, 9]",0.1005,,1.0753,,,,0.2207,,0.4028,"(0, -1, 0, -1, 1, 1, 0, -1, 0)"
Node_01199,5,[X . O | . . O | X O .],9,1.0749,4,"[2, 4, 5, 9]",,-0.1,,0.271,0.1068,,,,1.0749,"(1, 0, -1, 0, 0, -1, 1, -1, 0)"
Node_01200,5,[X . . | . . O | X O O],3,1.0704,4,"[2, 3, 4, 5]",,-0.0736,1.0704,0.19,-0.1333,,,,,"(1, 0, 0, 0, 0, -1, 1, -1, -1)"
Node_01201,5,[. O O | O . . | X . X],1,1.0399,4,"[1, 5, 6, 8]",1.0399,,,,-0.19,-0.2479,,0.4095,,"(0, -1, -1, -1, 0, 0, 1, 0, 1)"
Node_01202,5,[. . O | . . O | X O X],1,1.0263,4,"[1, 2, 4, 5]",1.0263,-0.2285,,0.1533,0.0149,,,,,"(0, 0, -1, 0, 0, -1, 1, -1, 1)"
Node_01203,5,[X X . | O . O | O . .],5,1.0037,4,"[3, 5, 8, 9]",,,0.19,,1.0037,,,-0.0967,0.1965,"(1, 1, 0, -1, 0, -1, -1, 0, 0)"
Node_01204,5,[. O X | O . O | . . X],5,1.0012,4,"[1, 5, 7, 8]",0.0746,,,,1.0012,,-0.271,-0.19,,"(0, -1, 1, -1, 0, -1, 0, 0, 1)"
Node_01205,5,[O . X | . O . | O . X],6,1.0,4,"[2, 4, 6, 8]",,-0.6237,,0.2803,,1.0,,-0.3848,,"(-1, 0, 1, 0, -1, 0, -1, 0, 1)"
Node_01206,5,[X . O | . O . | X . O],4,1.0,4,"[2, 4, 6, 8]",,-0.2042,,1.0,,0.239,,-0.487,,"(1, 0, -1, 0, -1, 0, 1, 0, -1)"
Node_01207,5,[O . O | . O . | X . X],8,1.0,4,"[2, 4, 6, 8]",,0.2438,,-0.4238,,-0.2798,,1.0,,"(-1, 0, -1, 0, -1, 0, 1, 0, 1)"
Node_01208,5,[X O . | . O . | X . O],4,0.9999,4,"[3, 4, 6, 8]",,,-0.1968,0.9999,,0.1548,,0.3735,,"(1, -1, 0, 0, -1, 0, 1, 0, -1)"
Node_01209,5,[. O X | . O . | O . X],6,0.9998,4,"[1, 4, 6, 8]",0.2921,,,-0.3728,,0.9998,,0.6273,,"(0, -1, 1, 0, -1, 0, -1, 0, 1)"
Node_01210,5,[. . O | . X X | . O O],4,0.9998,4,"[1, 2, 4, 7]",-0.0706,-0.4103,,0.9998,,,0.4989,,,"(0, 0, -1, 0, 1, 1, 0, -1, -1)"
Node_01211,5,[. . O | O O . | X . X],8,0.9997,4,"[1, 2, 6, 8]",-0.7214,-0.5798,,,,-0.0288,,0.9997,,"(0, 0, -1, -1, -1, 0, 1, 0, 1)"
Node_01212,5,[O O . | . O . | X . X],8,0.9997,4,"[3, 4, 6, 8]",,,0.1692,-0.2942,,-0.3094,,0.9997,,"(-1, -1, 0, 0, -1, 0, 1, 0, 1)"
Node_01213,5,[X . O | . O . | X O .],4,0.9996,4,"[2, 4, 6, 9]",,0.0591,,0.9996,,0.0447,,,-0.0291,"(1, 0, -1, 0, -1, 0, 1, -1, 0)"
Node_01214,5,[O . . | . O O | X . X],8,0.9995,4,"[2, 3, 4, 8]",,-0.2265,-0.8302,-0.0219,,,,0.9995,,"(-1, 0, 0, 0, -1, -1, 1, 0, 1)"
Node_01215,5,[O X O | O X . | . . .],8,0.9995,4,"[6, 7, 8, 9]",,,,,,-0.1867,0.6923,0.9995,-0.4369,"(-1, 1, -1, -1, 1, 0, 0, 0, 0)"
Node_01216,5,[. O . | O O . | X X .],9,0.9993,4,"[1, 3, 6, 9]",-0.6728,,-0.6515,,,0.4452,,,0.9993,"(0, -1, 0, -1, -1, 0, 1, 1, 0)"
Node_01217,5,[. . . | O O X | . O X],3,0.9993,4,"[1, 2, 3, 7]",-0.3806,0.5101,0.9993,,,,-0.3059,,,"(0, 0, 0, -1, -1, 1, 0, -1, 1)"
Node_01218,5,[. . X | O O . | O . X],6,0.999,4,"[1, 2, 6, 8]",-0.1589,-0.5865,,,,0.999,,-0.5233,,"(0, 0, 1, -1, -1, 0, -1, 0, 1)"
Node_01219,5,[. . . | X O O | X O .],1,0.9989,4,"[1, 2, 3, 9]",0.9989,0.1385,-0.7923,,,,,,-0.4095,"(0, 0, 0, 1, -1, -1, 1, -1, 0)"
Node_01220,5,[X O O | . X O | . . .],9,0.9989,4,"[4, 7, 8, 9]",,,,-0.1126,,,-0.465,-0.0374,0.9989,"(1, -1, -1, 0, 1, -1, 0, 0, 0)"
Node_01221,5,[. . . | O X . | X O O],3,0.9989,4,"[1, 2, 3, 6]",0.1301,0.0549,0.9989,,,0.1872,,,,"(0, 0, 0, -1, 1, 0, 1, -1, -1)"
Node_01222,5,[. . O | . X X | O . O],4,0.9988,4,"[1, 2, 4, 8]",-0.4142,-0.0104,,0.9988,,,,0.5982,,"(0, 0, -1, 0, 1, 1, -1, 0, -1)"
Node_01223,5,[O . . | X X . | O O .],6,0.9987,4,"[2, 3, 6, 9]",,-0.4106,-0.2057,,,0.9987,,,0.4881,"(-1, 0, 0, 1, 1, 0, -1, -1, 0)"
Node_01224,5,[X . X | . O O | O . .],2,0.9985,4,"[2, 4, 8, 9]",,0.9985,,-0.0683,,,,-0.2144,-0.1079,"(1, 0, 1, 0, -1, -1, -1, 0, 0)"
Node_01225,5,[X . X | . O . | O . O],2,0.9985,4,"[2, 4, 6, 8]",,0.9985,,-0.2666,,-0.672,,0.099,,"(1, 0, 1, 0, -1, 0, -1, 0, -1)"
Node_01226,5,[. O O | . X X | . . O],4,0.9985,4,"[1, 4, 7, 8]",0.332,,,0.9985,,,-0.4339,-0.3177,,"(0, -1, -1, 0, 1, 1, 0, 0, -1)"
Node_01227,5,[. X X | . O O | . O .],1,0.9982,4,"[1, 4, 7, 9]",0.9982,,,-0.1898,,,-0.393,,-0.0981,"(0, 1, 1, 0, -1, -1, 0, -1, 0)"
Node_01228,5,[X . . | . O O | X . O],4,0.9982,4,"[2, 3, 4, 8]",,-0.2906,0.0194,0.9982,,,,-0.5994,,"(1, 0, 0, 0, -1, -1, 1, 0, -1)"
Node_01229,5,[X O . | X O O | . . .],7,0.998,4,"[3, 7, 8, 9]",,,-0.1137,,,,0.998,0.1745,-0.6416,"(1, -1, 0, 1, -1, -1, 0, 0, 0)"
Node_01230,5,[O . X | . O . | . O X],6,0.998,4,"[2, 4, 6, 7]",,0.2418,,-0.2567,,0.998,-0.5342,,,"(-1, 0, 1, 0, -1, 0, 0, -1, 1)"
Node_01231,5,[O O . | . O . | X X .],9,0.9973,4,"[3, 4, 6, 9]",,,-0.2498,-0.5431,,-0.6668,,,0.9973,"(-1, -1, 0, 0, -1, 0, 1, 1, 0)"
Node_01232,5,[O . . | X X . | O . O],6,0.9973,4,"[2, 3, 6, 8]",,-0.1748,-0.694,,,0.9973,,0.6892,,"(-1, 0, 0, 1, 1, 0, -1, 0, -1)"
Node_01233,5,[O . X | O O . | . . X],6,0.9966,4,"[2, 6, 7, 8]",,-0.5365,,,,0.9966,-0.0702,-0.3407,,"(-1, 0, 1, -1, -1, 0, 0, 0, 1)"
Node_01234,5,[O O . | X X . | O . .],6,0.9966,4,"[3, 6, 8, 9]",,,0.5191,,,0.9966,,-0.4215,-0.09,"(-1, -1, 0, 1, 1, 0, -1, 0, 0)"
Node_01235,5,[. . . | X O . | X O O],1,0.9962,4,"[1, 2, 3, 6]",0.9962,-0.4991,-0.2587,,,-0.3832,,,,"(0, 0, 0, 1, -1, 0, 1, -1, -1)"
Node_01236,5,[. . . | . X O | X O O],3,0.9962,4,"[1, 2, 3, 4]",-0.3412,0.0666,0.9962,-0.3538,,,,,,"(0, 0, 0, 0, 1, -1, 1, -1, -1)"
Node_01237,5,[. . X | . X O | . O O],7,0.9958,4,"[1, 2, 4, 7]",-0.1174,0.014,,-0.3439,,,0.9958,,,"(0, 0, 1, 0, 1, -1, 0, -1, -1)"
Node_01238,5,[X X . | O O . | . O .],3,0.9958,4,"[3, 6, 7, 9]",,,0.9958,,,0.2109,-0.63,,-0.6481,"(1, 1, 0, -1, -1, 0, 0, -1, 0)"
Node_01239,5,[X . X | . O . | O O .],2,0.9958,4,"[2, 4, 6, 9]",,0.9958,,-0.3329,,-0.1744,,,0.1541,"(1, 0, 1, 0, -1, 0, -1, -1, 0)"
Node_01240,5,[. . O | O X . | . X O],2,0.9954,4,"[1, 2, 6, 7]",-0.4531,0.9954,,,,0.401,-0.5217,,,"(0, 0, -1, -1, 1, 0, 0, 1, -1)"
Node_01241,5,[O . O | . X X | . O .],4,0.9954,4,"[2, 4, 7, 9]",,0.0915,,0.9954,,,-0.6791,,-0.4023,"(-1, 0, -1, 0, 1, 1, 0, -1, 0)"
Node_01242,5,[X . X | O O . | . . O],2,0.9948,4,"[2, 6, 7, 8]",,0.9948,,,,0.4237,-0.2762,0.0645,,"(1, 0, 1, -1, -1, 0, 0, 0, -1)"
Node_01243,5,[X O . | X O . | . . O],7,0.9948,4,"[3, 6, 7, 8]",,,-0.0465,,,-0.0937,0.9948,0.4208,,"(1, -1, 0, 1, -1, 0, 0, 0, -1)"
Node_01244,5,[. O . | . O O | X . X],8,0.9943,4,"[1, 3, 4, 8]",-0.6647,,-0.1023,-0.2553,,,,0.9943,,"(0, -1, 0, 0, -1, -1, 1, 0, 1)"
Node_01245,5,[. . . | O O X | O . X],3,0.9936,4,"[1, 2, 3, 8]",0.0725,-0.3956,0.9936,,,,,-0.1319,,"(0, 0, 0, -1, -1, 1, -1, 0, 1)"
Node_01246,5,[. . . | O X . | O X O],2,0.9936,4,"[1, 2, 3, 6]",0.4841,0.9936,0.0887,,,-0.3234,,,,"(0, 0, 0, -1, 1, 0, -1, 1, -1)"
Node_01247,5,[O O X | O X . | . . .],7,0.9936,4,"[6, 7, 8, 9]",,,,,,-0.3751,0.9936,0.4882,-0.1511,"(-1, -1, 1, -1, 1, 0, 0, 0, 0)"
Node_01248,5,[O . . | O X . | X O .],3,0.9936,4,"[2, 3, 6, 9]",,0.1883,0.9936,,,0.0846,,,0.3684,"(-1, 0, 0, -1, 1, 0, 1, -1, 0)"
Node_01249,5,[. . X | O O X | . O .],9,0.9929,4,"[1, 2, 7, 9]",0.0726,0.8536,,,,,-0.529,,0.9929,"(0, 0, 1, -1, -1, 1, 0, -1, 0)"
Node_01250,5,[O X O | . X O | . . .],8,0.9929,4,"[4, 7, 8, 9]",,,,-0.3656,,,-0.4075,0.9929,0.3423,"(-1, 1, -1, 0, 1, -1, 0, 0, 0)"
Node_01251,5,[X . X | . O . | . O O],2,0.9921,4,"[2, 4, 6, 7]",,0.9921,,-0.1766,,-0.3894,-0.3295,,,"(1, 0, 1, 0, -1, 0, 0, -1, -1)"
Node_01252,5,[. O . | . X X | O . O],4,0.9921,4,"[1, 3, 4, 8]",-0.1951,,-0.4905,0.9921,,,,0.1365,,"(0, -1, 0, 0, 1, 1, -1, 0, -1)"
Node_01253,5,[. O . | O O X | . . X],3,0.9921,4,"[1, 3, 7, 8]",-0.2378,,0.9921,,,,0.0773,0.5408,,"(0, -1, 0, -1, -1, 1, 0, 0, 1)"
Node_01254,5,[X . O | . O O | X . .],4,0.9913,4,"[2, 4, 8, 9]",,-0.4582,,0.9913,,,,-0.679,-0.0981,"(1, 0, -1, 0, -1, -1, 1, 0, 0)"
Node_01255,5,[. X O | . X . | O . O],8,0.9913,4,"[1, 4, 6, 8]",-0.2066,,,-0.7941,,-0.215,,0.9913,,"(0, 1, -1, 0, 1, 0, -1, 0, -1)"
Node_01256,5,[O . . | O O . | X X .],9,0.9903,4,"[2, 3, 6, 9]",,-0.3283,-0.2517,,,-0.545,,,0.9903,"(-1, 0, 0, -1, -1, 0, 1, 1, 0)"
Node_01257,5,[X O . | . X O | O . .],9,0.9903,4,"[3, 4, 8, 9]",,,0.5065,-0.1531,,,,0.0747,0.9903,"(1, -1, 0, 0, 1, -1, -1, 0, 0)"
Node_01258,5,[. O X | . X O | . . O],7,0.9903,4,"[1, 4, 7, 8]",-0.0444,,,0.2855,,,0.9903,0.2478,,"(0, -1, 1, 0, 1, -1, 0, 0, -1)"
Node_01259,5,[. O O | . O . | . X X],7,0.9892,4,"[1, 4, 6, 7]",0.1048,,,-0.6352,,-0.1405,0.9892,,,"(0, -1, -1, 0, -1, 0, 0, 1, 1)"
Node_01260,5,[. . . | . X O | O X O],2,0.9892,4,"[1, 2, 3, 4]",-0.4888,0.9892,0.2961,-0.272,,,,,,"(0, 0, 0, 0, 1, -1, -1, 1, -1)"
Node_01261,5,[. . O | O O . | X X .],9,0.9892,4,"[1, 2, 6, 9]",-0.1327,-0.0794,,,,-0.076,,,0.9892,"(0, 0, -1, -1, -1, 0, 1, 1, 0)"
Node_01262,5,[O . . | . X O | O X .],2,0.9892,4,"[2, 3, 4, 9]",,0.9892,-0.2323,0.2211,,,,,-0.4689,"(-1, 0, 0, 0, 1, -1, -1, 1, 0)"
Node_01263,5,[O O X | . X O | . . .],7,0.9892,4,"[4, 7, 8, 9]",,,,0.3697,,,0.9892,-0.1685,0.1274,"(-1, -1, 1, 0, 1, -1, 0, 0, 0)"
Node_01264,5,[. . . | O X . | O O X],1,0.988,4,"[1, 2, 3, 6]",0.988,-0.4143,-0.043,,,-0.2853,,,,"(0, 0, 0, -1, 1, 0, -1, -1, 1)"
Node_01265,5,[. O O | . X . | . O X],1,0.988,4,"[1, 4, 6, 7]",0.988,,,0.3748,,-0.0839,0.0207,,,"(0, -1, -1, 0, 1, 0, 0, -1, 1)"
Node_01266,5,[O O X | . O X | . . .],9,0.988,4,"[4, 7, 8, 9]",,,,-0.4141,,,-0.409,-0.5594,0.988,"(-1, -1, 1, 0, -1, 1, 0, 0, 0)"
Node_01267,5,[. O . | . O O | . X X],7,0.988,4,"[1, 3, 4, 7]",-0.2185,,-0.0805,0.2301,,,0.988,,,"(0, -1, 0, 0, -1, -1, 0, 1, 1)"
Node_01268,5,[. O O | . O . | X . X],8,0.988,4,"[1, 4, 6, 8]",0.0007,,,0.1354,,-0.3754,,0.988,,"(0, -1, -1, 0, -1, 0, 1, 0, 1)"
Node_01269,5,[X O . | . O O | X . .],4,0.9867,4,"[3, 4, 8, 9]",,,-0.6126,0.9867,,,,-0.0387,-0.1992,"(1, -1, 0, 0, -1, -1, 1, 0, 0)"
Node_01270,5,[. . O | . X O | O X .],2,0.9867,4,"[1, 2, 4, 9]",0.1996,0.9867,,-0.6828,,,,,0.7542,"(0, 0, -1, 0, 1, -1, -1, 1, 0)"
Node_01271,5,[O . X | O X O | . . .],7,0.9867,4,"[2, 7, 8, 9]",,-0.0181,,,,,0.9867,0.3311,-0.2774,"(-1, 0, 1, -1, 1, -1, 0, 0, 0)"
Node_01272,5,[. O . | O O . | X . X],8,0.9867,4,"[1, 3, 6, 8]",-0.1202,,-0.4918,,,-0.2277,,0.9867,,"(0, -1, 0, -1, -1, 0, 1, 0, 1)"
Node_01273,5,[O . X | O O X | . . .],9,0.9867,4,"[2, 7, 8, 9]",,-0.3272,,,,,-0.4883,-0.4494,0.9867,"(-1, 0, 1, -1, -1, 1, 0, 0, 0)"
Node_01274,5,[X . X | O O . | . O .],2,0.9867,4,"[2, 6, 7, 9]",,0.9867,,,,0.1996,-0.0579,,-0.4045,"(1, 0, 1, -1, -1, 0, 0, -1, 0)"
Node_01275,5,[. O O | . X X | O . .],4,0.9852,4,"[1, 4, 8, 9]",0.7054,,,0.9852,,,,0.0733,0.1482,"(0, -1, -1, 0, 1, 1, -1, 0, 0)"
Node_01276,5,[. X X | . O . | . O O],1,0.9852,4,"[1, 4, 6, 7]",0.9852,,,-0.5231,,-0.4387,-0.2754,,,"(0, 1, 1, 0, -1, 0, 0, -1, -1)"
Node_01277,5,[. . X | O O X | O . .],9,0.9852,4,"[1, 2, 8, 9]",0.6957,0.2225,,,,,,-0.3824,0.9852,"(0, 0, 1, -1, -1, 1, -1, 0, 0)"
Node_01278,5,[X . . | . O O | X O .],4,0.9852,4,"[2, 3, 4, 9]",,0.2182,-0.4189,0.9852,,,,,-0.211,"(1, 0, 0, 0, -1, -1, 1, -1, 0)"
Node_01279,5,[X O O | X O . | . . .],7,0.9852,4,"[6, 7, 8, 9]",,,,,,-0.6755,0.9852,-0.5248,-0.4256,"(1, -1, -1, 1, -1, 0, 0, 0, 0)"
Node_01280,5,[. O . | X X . | O . O],6,0.9852,4,"[1, 3, 6, 8]",-0.4841,,-0.1599,,,0.9852,,0.3824,,"(0, -1, 0, 1, 1, 0, -1, 0, -1)"
Node_01281,5,[X X . | O O . | . . O],3,0.9852,4,"[3, 6, 7, 8]",,,0.9852,,,0.6227,-0.2207,-0.2215,,"(1, 1, 0, -1, -1, 0, 0, 0, -1)"
Node_01282,5,[. . O | . . X | O O X],5,0.9845,4,"[1, 2, 4, 5]",-0.0164,-0.19,,-0.0123,0.9845,,,,,"(0, 0, -1, 0, 0, 1, -1, -1, 1)"
Node_01283,5,[O . . | O X . | . X O],2,0.9836,4,"[2, 3, 6, 7]",,0.9836,-0.2266,,,0.13,0.5309,,,"(-1, 0, 0, -1, 1, 0, 0, 1, -1)"
Node_01284,5,[. . X | O O . | . O X],6,0.9836,4,"[1, 2, 6, 7]",-0.5217,-0.2669,,,,0.9836,-0.1971,,,"(0, 0, 1, -1, -1, 0, 0, -1, 1)"
Node_01285,5,[O . O | . X O | . X .],2,0.9836,4,"[2, 4, 7, 9]",,0.9836,,-0.1317,,,-0.2441,,-0.0284,"(-1, 0, -1, 0, 1, -1, 0, 1, 0)"
Node_01286,5,[O . . | . O X | . O X],3,0.9836,4,"[2, 3, 4, 7]",,0.4134,0.9836,-0.5217,,,0.2336,,,"(-1, 0, 0, 0, -1, 1, 0, -1, 1)"
Node_01287,5,[. . . | . X O | O O X],1,0.9818,4,"[1, 2, 3, 4]",0.9818,0.0781,0.1497,0.2526,,,,,,"(0, 0, 0, 0, 1, -1, -1, -1, 1)"
Node_01288,5,[. X O | O X . | O . .],8,0.9818,4,"[1, 6, 8, 9]",0.334,,,,,-0.5484,,0.9818,-0.1585,"(0, 1, -1, -1, 1, 0, -1, 0, 0)"
Node_01289,5,[X . O | O X . | O . .],9,0.9818,4,"[2, 6, 8, 9]",,0.4557,,,,0.5458,,0.8158,0.9818,"(1, 0, -1, -1, 1, 0, -1, 0, 0)"
Node_01290,5,[. O X | O O X | . . .],9,0.9797,4,"[1, 7, 8, 9]",-0.3835,,,,,,-0.5449,0.2548,0.9797,"(0, -1, 1, -1, -1, 1, 0, 0, 0)"
Node_01291,5,[O . . | . X X | O . O],4,0.9797,4,"[2, 3, 4, 8]",,-0.5085,-0.1478,0.9797,,,,-0.4041,,"(-1, 0, 0, 0, 1, 1, -1, 0, -1)"
Node_01292,5,[. X O | O X . | . . O],8,0.9797,4,"[1, 6, 7, 8]",-0.5695,,,,,0.0339,-0.2557,0.9797,,"(0, 1, -1, -1, 1, 0, 0, 0, -1)"
Node_01293,5,[. X X | . O O | O . .],1,0.9797,4,"[1, 4, 8, 9]",0.9797,,,0.5136,,,,-0.3044,-0.5083,"(0, 1, 1, 0, -1, -1, -1, 0, 0)"
Node_01294,5,[. O . | . X X | . O O],4,0.9775,4,"[1, 3, 4, 7]",-0.2283,,-0.0383,0.9775,,,0.5348,,,"(0, -1, 0, 0, 1, 1, 0, -1, -1)"
Node_01295,5,[X . O | X O O | . . .],7,0.9775,4,"[2, 7, 8, 9]",,-0.6224,,,,,0.9775,-0.4686,-0.1337,"(1, 0, -1, 1, -1, -1, 0, 0, 0)"
Node_01296,5,[O X . | . X O | O . .],8,0.9775,4,"[3, 4, 8, 9]",,,-0.3154,0.4157,,,,0.9775,-0.3687,"(-1, 1, 0, 0, 1, -1, -1, 0, 0)"
Node_01297,5,[O O . | . O X | . . X],3,0.9775,4,"[3, 4, 7, 8]",,,0.9775,-0.3245,,,0.0736,0.1051,,"(-1, -1, 0, 0, -1, 1, 0, 0, 1)"
Node_01298,5,[X O O | O X . | . . .],9,0.9775,4,"[6, 7, 8, 9]",,,,,,0.4016,0.0069,0.5052,0.9775,"(1, -1, -1, -1, 1, 0, 0, 0, 0)"
Node_01299,5,[. O O | X X . | . . O],6,0.9775,4,"[1, 6, 7, 8]",-0.5299,,,,,0.9775,0.413,-0.209,,"(0, -1, -1, 1, 1, 0, 0, 0, -1)"
Node_01300,5,[. . O | X O . | X O .],1,0.9775,4,"[1, 2, 6, 9]",0.9775,0.293,,,,0.055,,,-0.284,"(0, 0, -1, 1, -1, 0, 1, -1, 0)"
Node_01301,5,[X . . | O X . | O O .],9,0.9775,4,"[2, 3, 6, 9]",,0.1326,-0.084,,,-0.2302,,,0.9775,"(1, 0, 0, -1, 1, 0, -1, -1, 0)"
Node_01302,5,[. . O | . X O | . O X],1,0.9775,4,"[1, 2, 4, 7]",0.9775,0.4553,,0.4118,,,0.0885,,,"(0, 0, -1, 0, 1, -1, 0, -1, 1)"
Node_01303,5,[. X X | . O O | . . O],1,0.975,4,"[1, 4, 7, 8]",0.975,,,-0.1622,,,-0.3436,-0.7262,,"(0, 1, 1, 0, -1, -1, 0, 0, -1)"
Node_01304,5,[X X . | . O O | . . O],3,0.9722,4,"[3, 4, 7, 8]",,,0.9722,-0.0456,,,-0.4686,-0.5832,,"(1, 1, 0, 0, -1, -1, 0, 0, -1)"
Node_01305,5,[. . O | X O . | X . O],1,0.9722,4,"[1, 2, 6, 8]",0.9722,-0.19,,,,-0.6681,,-0.359,,"(0, 0, -1, 1, -1, 0, 1, 0, -1)"
Node_01306,5,[O . O | . O . | X X .],9,0.9722,4,"[2, 4, 6, 9]",,0.14,,-0.4576,,-0.6721,,,0.9722,"(-1, 0, -1, 0, -1, 0, 1, 1, 0)"
Node_01307,5,[. X . | . X O | O . O],8,0.9691,4,"[1, 3, 4, 8]",-0.3067,,-0.5148,-0.5693,,,,0.9691,,"(0, 1, 0, 0, 1, -1, -1, 0, -1)"
Node_01308,5,[O . O | . O . | . X X],7,0.9691,4,"[2, 4, 6, 7]",,0.1928,,-0.4542,,-0.5131,0.9691,,,"(-1, 0, -1, 0, -1, 0, 0, 1, 1)"
Node_01309,5,[X O . | O X . | O . .],9,0.9691,4,"[3, 6, 8, 9]",,,0.2277,,,0.4433,,0.6271,0.9691,"(1, -1, 0, -1, 1, 0, -1, 0, 0)"
Node_01310,5,[O . . | X X . | . O O],6,0.9657,4,"[2, 3, 6, 7]",,0.0457,-0.2371,,,0.9657,0.462,,,"(-1, 0, 0, 1, 1, 0, 0, -1, -1)"
Node_01311,5,[. O X | . O X | O . .],9,0.9657,4,"[1, 4, 8, 9]",-0.3195,,,-0.0908,,,,0.0905,0.9657,"(0, -1, 1, 0, -1, 1, -1, 0, 0)"
Node_01312,5,[O O . | O X . | X . .],3,0.9657,4,"[3, 6, 8, 9]",,,0.9657,,,-0.224,,-0.0799,-0.1828,"(-1, -1, 0, -1, 1, 0, 1, 0, 0)"
Node_01313,5,[O . . | . O O | . X X],7,0.9657,4,"[2, 3, 4, 7]",,-0.0068,-0.6513,0.2798,,,0.9657,,,"(-1, 0, 0, 0, -1, -1, 0, 1, 1)"
Node_01314,5,[X X . | . O . | O O .],3,0.9657,4,"[3, 4, 6, 9]",,,0.9657,-0.78,,-0.288,,,0.0309,"(1, 1, 0, 0, -1, 0, -1, -1, 0)"
Node_01315,5,[. . O | . X O | O . X],1,0.9657,4,"[1, 2, 4, 8]",0.9657,0.456,,0.3322,,,,0.687,,"(0, 0, -1, 0, 1, -1, -1, 0, 1)"
Node_01316,5,[O . . | . . X | O O X],4,0.9623,4,"[2, 3, 4, 5]",,-0.3439,0.4095,0.9623,-0.2138,,,,,"(-1, 0, 0, 0, 0, 1, -1, -1, 1)"
Node_01317,5,[X . . | . . O | O O X],2,0.9622,4,"[2, 3, 4, 5]",,0.9622,0.1331,-0.2301,0.4686,,,,,"(1, 0, 0, 0, 0, -1, -1, -1, 1)"
Node_01318,5,[. X O | O X O | . . .],8,0.9618,4,"[1, 7, 8, 9]",0.0932,,,,,,-0.2398,0.9618,0.7508,"(0, 1, -1, -1, 1, -1, 0, 0, 0)"
Node_01319,5,[. . O | . X X | O O .],4,0.9618,4,"[1, 2, 4, 9]",0.1621,-0.5939,,0.9618,,,,,0.8674,"(0, 0, -1, 0, 1, 1, -1, -1, 0)"
Node_01320,5,[. . O | O X . | O . X],1,0.9618,4,"[1, 2, 6, 8]",0.9618,-0.3301,,,,0.0003,,0.0664,,"(0, 0, -1, -1, 1, 0, -1, 0, 1)"
Node_01321,5,[O . O | X X . | . O .],6,0.9618,4,"[2, 6, 7, 9]",,0.5951,,,,0.9618,-0.3684,,-0.1074,"(-1, 0, -1, 1, 1, 0, 0, -1, 0)"
Node_01322,5,[O O . | . X . | X O .],3,0.9618,4,"[3, 4, 6, 9]",,,0.9618,-0.2942,,-0.43,,,-0.3342,"(-1, -1, 0, 0, 1, 0, 1, -1, 0)"
Node_01323,5,[O . O | . X . | O X .],2,0.9576,4,"[2, 4, 6, 9]",,0.9576,,0.3259,,-0.0216,,,-0.6862,"(-1, 0, -1, 0, 1, 0, -1, 1, 0)"
Node_01324,5,[X O . | . X . | O O .],9,0.9576,4,"[3, 4, 6, 9]",,,0.2242,0.0318,,-0.0363,,,0.9576,"(1, -1, 0, 0, 1, 0, -1, -1, 0)"
Node_01325,5,[. O . | O X . | . O X],1,0.9576,4,"[1, 3, 6, 7]",0.9576,,0.8812,,,0.4652,0.811,,,"(0, -1, 0, -1, 1, 0, 0, -1, 1)"
Node_01326,5,[. O . | O O . | . X X],7,0.9576,4,"[1, 3, 6, 7]",-0.4139,,-0.0105,,,0.6148,0.9576,,,"(0, -1, 0, -1, -1, 0, 0, 1, 1)"
Node_01327,5,[O . X | . X O | . O .],7,0.9576,4,"[2, 4, 7, 9]",,-0.0544,,0.1825,,,0.9576,,0.0088,"(-1, 0, 1, 0, 1, -1, 0, -1, 0)"
Node_01328,5,[. O . | . X O | . O X],1,0.9576,4,"[1, 3, 4, 7]",0.9576,,0.442,0.0513,,,0.3192,,,"(0, -1, 0, 0, 1, -1, 0, -1, 1)"
Node_01329,5,[O . O | O X . | . X .],2,0.9576,4,"[2, 6, 7, 9]",,0.9576,,,,-0.4098,0.2852,,-0.1796,"(-1, 0, -1, -1, 1, 0, 0, 1, 0)"
Node_01330,5,[O . . | . X O | X O .],3,0.9576,4,"[2, 3, 4, 9]",,0.2658,0.9576,0.0911,,,,,0.369,"(-1, 0, 0, 0, 1, -1, 1, -1, 0)"
Node_01331,5,[O O . | . X X | . . O],4,0.9576,4,"[3, 4, 7, 8]",,,0.5002,0.9576,,,-0.1452,-0.3084,,"(-1, -1, 0, 0, 1, 1, 0, 0, -1)"
Node_01332,5,[O . O | O . . | X . X],8,0.9576,4,"[2, 5, 6, 8]",,0.3134,,,-0.5695,-0.276,,0.9576,,"(-1, 0, -1, -1, 0, 0, 1, 0, 1)"
Node_01333,5,[O . . | . O X | O . X],3,0.9576,4,"[2, 3, 4, 8]",,-0.2773,0.9576,-0.5886,,,,0.1278,,"(-1, 0, 0, 0, -1, 1, -1, 0, 1)"
Node_01334,5,[. O O | . X O | . . X],1,0.9576,4,"[1, 4, 7, 8]",0.9576,,,-0.0256,,,-0.494,0.1445,,"(0, -1, -1, 0, 1, -1, 0, 0, 1)"
Node_01335,5,[O O X | . . O | . . X],7,0.9571,4,"[4, 5, 7, 8]",,,,-0.1,-0.1204,,0.9571,0.1229,,"(-1, -1, 1, 0, 0, -1, 0, 0, 1)"
Node_01336,5,[X O X | . . O | . . O],7,0.9563,4,"[4, 5, 7, 8]",,,,-0.0004,0.0693,,0.9563,-0.09,,"(1, -1, 1, 0, 0, -1, 0, 0, -1)"
Node_01337,5,[X O O | . . . | X . O],4,0.9529,4,"[4, 5, 6, 8]",,,,0.9529,-0.1732,0.1542,,-0.0652,,"(1, -1, -1, 0, 0, 0, 1, 0, -1)"
Node_01338,5,[. . . | X O O | X . O],1,0.9529,4,"[1, 2, 3, 8]",0.9529,-0.5706,-0.314,,,,,-0.2616,,"(0, 0, 0, 1, -1, -1, 1, 0, -1)"
Node_01339,5,[X . O | X O . | . . O],7,0.9529,4,"[2, 6, 7, 8]",,-0.2252,,,,-0.46,0.9529,-0.1554,,"(1, 0, -1, 1, -1, 0, 0, 0, -1)"
Node_01340,5,[. . O | X X . | O . O],6,0.9529,4,"[1, 2, 6, 8]",-0.271,0.085,,,,0.9529,,-0.241,,"(0, 0, -1, 1, 1, 0, -1, 0, -1)"
Node_01341,5,[O O X | . . X | . . O],5,0.9522,4,"[4, 5, 7, 8]",,,,-0.019,0.9522,,-0.1607,-0.271,,"(-1, -1, 1, 0, 0, 1, 0, 0, -1)"
Node_01342,5,[X X . | . O O | O . .],3,0.9477,4,"[3, 4, 8, 9]",,,0.9477,0.2359,,,,-0.6513,-0.46,"(1, 1, 0, 0, -1, -1, -1, 0, 0)"
Node_01343,5,[. . . | . O X | O O X],3,0.9477,4,"[1, 2, 3, 4]",-0.328,-0.7676,0.9477,-0.0981,,,,,,"(0, 0, 0, 0, -1, 1, -1, -1, 1)"
Node_01344,5,[. O X | O O . | . . X],6,0.9477,4,"[1, 6, 7, 8]",-0.4819,,,,,0.9477,-0.4293,-0.1002,,"(0, -1, 1, -1, -1, 0, 0, 0, 1)"
Node_01345,5,[. X X | . O . | O . O],1,0.9477,4,"[1, 4, 6, 8]",0.9477,,,-0.5887,,-0.4686,,-0.0759,,"(0, 1, 1, 0, -1, 0, -1, 0, -1)"
Node_01346,5,[X . O | X O . | . O .],7,0.9477,4,"[2, 6, 7, 9]",,-0.4095,,,,-0.4686,0.9477,,-0.5251,"(1, 0, -1, 1, -1, 0, 0, -1, 0)"
Node_01347,5,[. O O | O X . | . . X],1,0.9477,4,"[1, 6, 7, 8]",0.9477,,,,,-0.3029,0.0921,-0.2847,,"(0, -1, -1, -1, 1, 0, 0, 0, 1)"
Node_01348,5,[X X . | . O . | O . O],3,0.9477,4,"[3, 4, 6, 8]",,,0.9477,-0.3354,,-0.6593,,0.2846,,"(1, 1, 0, 0, -1, 0, -1, 0, -1)"
Node_01349,5,[X . X | . O O | . O .],2,0.9477,4,"[2, 4, 7, 9]",,0.9477,,-0.2365,,,-0.032,,-0.2398,"(1, 0, 1, 0, -1, -1, 0, -1, 0)"
Node_01350,5,[O O . | . X X | O . .],4,0.9419,4,"[3, 4, 8, 9]",,,0.4556,0.9419,,,,-0.4687,-0.4564,"(-1, -1, 0, 0, 1, 1, -1, 0, 0)"
Node_01351,5,[O . . | . X O | X . O],3,0.9419,4,"[2, 3, 4, 8]",,-0.4175,0.9419,0.0541,,,,-0.052,,"(-1, 0, 0, 0, 1, -1, 1, 0, -1)"
Node_01352,5,[. . O | O O . | . X X],7,0.9419,4,"[1, 2, 6, 7]",-0.1797,-0.1575,,,,-0.4095,0.9419,,,"(0, 0, -1, -1, -1, 0, 0, 1, 1)"
Node_01353,5,[. O O | X O . | X . .],1,0.9419,4,"[1, 6, 8, 9]",0.9419,,,,,-0.3202,,0.3331,-0.2218,"(0, -1, -1, 1, -1, 0, 1, 0, 0)"
Node_01354,5,[O O X | X . . | O . .],6,0.9385,4,"[5, 6, 8, 9]",,,,,0.0486,0.9385,,-0.1,0.1912,"(-1, -1, 1, 1, 0, 0, -1, 0, 0)"
Node_01355,5,[O . X | O X . | . O .],7,0.9354,4,"[2, 6, 7, 9]",,-0.3936,,,,0.0753,0.9354,,-0.1575,"(-1, 0, 1, -1, 1, 0, 0, -1, 0)"
Node_01356,5,[X . O | . X . | O O .],9,0.9354,4,"[2, 4, 6, 9]",,0.2858,,0.0813,,-0.2931,,,0.9354,"(1, 0, -1, 0, 1, 0, -1, -1, 0)"
Node_01357,5,[X . X | . . O | O . O],2,0.9354,4,"[2, 4, 5, 8]",,0.9354,,-0.2557,0.0249,,,0.2416,,"(1, 0, 1, 0, 0, -1, -1, 0, -1)"
Node_01358,5,[O . X | . X . | . O O],7,0.9354,4,"[2, 4, 6, 7]",,-0.303,,-0.0304,,0.2054,0.9354,,,"(-1, 0, 1, 0, 1, 0, 0, -1, -1)"
Node_01359,5,[. . O | . O O | . X X],7,0.9354,4,"[1, 2, 4, 7]",-0.2794,0.2152,,-0.2211,,,0.9354,,,"(0, 0, -1, 0, -1, -1, 0, 1, 1)"
Node_01360,5,[X . . | . X O | O O .],9,0.9354,4,"[2, 3, 4, 9]",,-0.3815,-0.183,0.0655,,,,,0.9354,"(1, 0, 0, 0, 1, -1, -1, -1, 0)"
Node_01361,5,[O O X | . . . | O . X],6,0.9354,4,"[4, 5, 6, 8]",,,,0.3236,-0.4095,0.9354,,0.1178,,"(-1, -1, 1, 0, 0, 0, -1, 0, 1)"
Node_01362,5,[O . O | X X . | . . O],6,0.9354,4,"[2, 6, 7, 8]",,-0.1355,,,,0.9354,-0.1672,-0.5217,,"(-1, 0, -1, 1, 1, 0, 0, 0, -1)"
Node_01363,5,[X . . | X O O | . O .],7,0.9354,4,"[2, 3, 7, 9]",,0.7498,0.4406,,,,0.9354,,-0.5301,"(1, 0, 0, 1, -1, -1, 0, -1, 0)"
Node_01364,5,[. . X | O . O | . X O],5,0.9334,4,"[1, 2, 5, 7]",-0.1863,0.2744,,,0.9334,,0.0475,,,"(0, 0, 1, -1, 0, -1, 0, 1, -1)"
Node_01365,5,[. . O | X . . | O O X],5,0.9305,4,"[1, 2, 5, 6]",0.1122,-0.271,,,0.9305,-0.1,,,,"(0, 0, -1, 1, 0, 0, -1, -1, 1)"
Node_01366,5,[O O X | O . X | . . .],7,0.9291,4,"[5, 7, 8, 9]",,,,,0.0104,,0.9291,-0.2061,0.4095,"(-1, -1, 1, -1, 0, 1, 0, 0, 0)"
Node_01367,5,[. X . | O X . | O . O],8,0.9282,4,"[1, 3, 6, 8]",0.2051,,-0.4058,,,-0.1159,,0.9282,,"(0, 1, 0, -1, 1, 0, -1, 0, -1)"
Node_01368,5,[. . . | O X O | O . X],1,0.9282,4,"[1, 2, 3, 8]",0.9282,-0.2474,-0.5449,,,,,0.2307,,"(0, 0, 0, -1, 1, -1, -1, 0, 1)"
Node_01369,5,[. . . | O X O | X . O],3,0.9282,4,"[1, 2, 3, 8]",-0.0475,-0.1444,0.9282,,,,,0.2917,,"(0, 0, 0, -1, 1, -1, 1, 0, -1)"
Node_01370,5,[X X . | O O . | O . .],3,0.9282,4,"[3, 6, 8, 9]",,,0.9282,,,-0.1782,,-0.1973,-0.4491,"(1, 1, 0, -1, -1, 0, -1, 0, 0)"
Node_01371,5,[. O . | . X X | O O .],4,0.9282,4,"[1, 3, 4, 9]",-0.5617,,0.3065,0.9282,,,,,0.6915,"(0, -1, 0, 0, 1, 1, -1, -1, 0)"
Node_01372,5,[O . . | O . O | X . X],5,0.9268,4,"[2, 3, 5, 8]",,-0.19,0.035,,0.9268,,,0.3439,,"(-1, 0, 0, -1, 0, -1, 1, 0, 1)"
Node_01373,5,[O . O | X . X | . O .],5,0.9202,4,"[2, 5, 7, 9]",,-0.022,,,0.9202,,0.0719,,-0.1511,"(-1, 0, -1, 1, 0, 1, 0, -1, 0)"
Node_01374,5,[. . O | X X . | . O O],6,0.9202,4,"[1, 2, 6, 7]",-0.2885,0.2301,,,,0.9202,-0.0501,,,"(0, 0, -1, 1, 1, 0, 0, -1, -1)"
Node_01375,5,[X . O | . X O | . O .],9,0.9202,4,"[2, 4, 7, 9]",,0.1033,,0.3137,,,-0.0961,,0.9202,"(1, 0, -1, 0, 1, -1, 0, -1, 0)"
Node_01376,5,[X . O | O X . | . O .],9,0.9202,4,"[2, 6, 7, 9]",,-0.3561,,,,-0.0673,0.3159,,0.9202,"(1, 0, -1, -1, 1, 0, 0, -1, 0)"
Node_01377,5,[. X X | O O . | O . .],1,0.9202,4,"[1, 6, 8, 9]",0.9202,,,,,0.3675,,0.0604,0.1653,"(0, 1, 1, -1, -1, 0, -1, 0, 0)"
Node_01378,5,[. O O | X X . | O . .],6,0.9202,4,"[1, 6, 8, 9]",0.8352,,,,,0.9202,,-0.2235,-0.2496,"(0, -1, -1, 1, 1, 0, -1, 0, 0)"
Node_01379,5,[. . X | X . O | . O O],7,0.9184,4,"[1, 2, 5, 7]",0.1014,-0.05,,,0.3919,,0.9184,,,"(0, 0, 1, 1, 0, -1, 0, -1, -1)"
Node_01380,5,[X . O | O X O | . . .],9,0.9114,4,"[2, 7, 8, 9]",,0.157,,,,,-0.1912,-0.2595,0.9114,"(1, 0, -1, -1, 1, -1, 0, 0, 0)"
Node_01381,5,[. . X | . O X | O O .],9,0.9114,4,"[1, 2, 4, 9]",-0.2148,0.0922,,-0.6862,,,,,0.9114,"(0, 0, 1, 0, -1, 1, -1, -1, 0)"
Node_01382,5,[O . . | O O . | . X X],7,0.9114,4,"[2, 3, 6, 7]",,-0.283,-0.392,,,-0.0834,0.9114,,,"(-1, 0, 0, -1, -1, 0, 0, 1, 1)"
Node_01383,5,[O . O | . X . | . X O],2,0.9114,4,"[2, 4, 6, 7]",,0.9114,,-0.2827,,0.1026,-0.5912,,,"(-1, 0, -1, 0, 1, 0, 0, 1, -1)"
Node_01384,5,[X . . | X O . | . O O],7,0.9015,4,"[2, 3, 6, 7]",,-0.5117,-0.387,,,-0.5112,0.9015,,,"(1, 0, 0, 1, -1, 0, 0, -1, -1)"
Node_01385,5,[O . X | . O X | O . .],9,0.9015,4,"[2, 4, 8, 9]",,-0.1949,,-0.1681,,,,-0.1419,0.9015,"(-1, 0, 1, 0, -1, 1, -1, 0, 0)"
Node_01386,5,[O X . | . X . | O . O],8,0.9015,4,"[3, 4, 6, 8]",,,-0.468,0.0552,,-0.2602,,0.9015,,"(-1, 1, 0, 0, 1, 0, -1, 0, -1)"
Node_01387,5,[. O X | O X . | . . O],7,0.9015,4,"[1, 6, 7, 8]",0.1567,,,,,0.4024,0.9015,0.3034,,"(0, -1, 1, -1, 1, 0, 0, 0, -1)"
Node_01388,5,[O . O | X . X | O . .],5,0.8906,4,"[2, 5, 8, 9]",,-0.0803,,,0.8906,,,-0.1533,-0.2997,"(-1, 0, -1, 1, 0, 1, -1, 0, 0)"
Node_01389,5,[X . O | . X O | O . .],9,0.8906,4,"[2, 4, 8, 9]",,0.0621,,-0.271,,,,-0.2689,0.8906,"(1, 0, -1, 0, 1, -1, -1, 0, 0)"
Node_01390,5,[O . X | . O X | . O .],9,0.8906,4,"[2, 4, 7, 9]",,-0.1833,,-0.7176,,,-0.5695,,0.8906,"(-1, 0, 1, 0, -1, 1, 0, -1, 0)"
Node_01391,5,[. O . | O O X | . X .],9,0.8862,4,"[1, 3, 7, 9]",-0.181,,0.0973,,,,0.1137,,0.8862,"(0, -1, 0, -1, -1, 1, 0, 1, 0)"
Node_01392,5,[. O . | X O . | X . O],1,0.8784,4,"[1, 3, 6, 8]",0.8784,,-0.4201,,,-0.6177,,-0.1677,,"(0, -1, 0, 1, -1, 0, 1, 0, -1)"
Node_01393,5,[O . O | . . O | X . X],8,0.8784,4,"[2, 4, 5, 8]",,0.5184,,-0.3439,-0.2694,,,0.8784,,"(-1, 0, -1, 0, 0, -1, 1, 0, 1)"
Node_01394,5,[X O O | X . . | . . O],7,0.8784,4,"[5, 6, 7, 8]",,,,,-0.1,0.3188,0.8784,-0.4675,,"(1, -1, -1, 1, 0, 0, 0, 0, -1)"
Node_01395,5,[. O O | . X . | O . X],1,0.8784,4,"[1, 4, 6, 8]",0.8784,,,0.4826,,-0.2582,,0.3913,,"(0, -1, -1, 0, 1, 0, -1, 0, 1)"
Node_01396,5,[. O . | . O X | O . X],3,0.8784,4,"[1, 3, 4, 8]",0.1009,,0.8784,-0.4476,,,,-0.0929,,"(0, -1, 0, 0, -1, 1, -1, 0, 1)"
Node_01397,5,[X . O | . . . | X O O],4,0.8784,4,"[2, 4, 5, 6]",,-0.278,,0.8784,-0.3548,0.3068,,,,"(1, 0, -1, 0, 0, 0, 1, -1, -1)"
Node_01398,5,[. O . | O X . | O . X],1,0.8649,4,"[1, 3, 6, 8]",0.8649,,0.0288,,,-0.187,,-0.2015,,"(0, -1, 0, -1, 1, 0, -1, 0, 1)"
Node_01399,5,[O O . | O . X | X . .],3,0.8621,4,"[3, 5, 8, 9]",,,0.8621,,-0.0032,,,-0.5048,-0.036,"(-1, -1, 0, -1, 0, 1, 1, 0, 0)"
Node_01400,5,[O . . | O . O | X X .],5,0.8598,4,"[2, 3, 5, 9]",,-0.1683,0.0037,,0.8598,,,,0.19,"(-1, 0, 0, -1, 0, -1, 1, 1, 0)"
Node_01401,5,[X . X | O . O | . . O],5,0.8539,4,"[2, 5, 7, 8]",,0.271,,,0.8539,,-0.2104,0.2517,,"(1, 0, 1, -1, 0, -1, 0, 0, -1)"
Node_01402,5,[X . . | O . O | X O .],5,0.8511,4,"[2, 3, 5, 9]",,-0.0825,0.2699,,0.8511,,,,-0.271,"(1, 0, 0, -1, 0, -1, 1, -1, 0)"
Node_01403,5,[. O X | . X . | . O O],7,0.8499,4,"[1, 4, 6, 7]",0.1241,,,0.2983,,-0.3341,0.8499,,,"(0, -1, 1, 0, 1, 0, 0, -1, -1)"
Node_01404,5,[. O . | O X . | X . O],3,0.8499,4,"[1, 3, 6, 8]",0.0116,,0.8499,,,0.0594,,0.0837,,"(0, -1, 0, -1, 1, 0, 1, 0, -1)"
Node_01405,5,[X . . | O . . | O O X],3,0.8454,4,"[2, 3, 5, 6]",,0.5095,0.8454,,0.4686,0.3965,,,,"(1, 0, 0, -1, 0, 0, -1, -1, 1)"
Node_01406,5,[X O . | O . . | O . X],6,0.8369,4,"[3, 5, 6, 8]",,,0.1945,,0.19,0.8369,,-0.0283,,"(1, -1, 0, -1, 0, 0, -1, 0, 1)"
Node_01407,5,[X O X | . . O | . O .],5,0.8339,4,"[4, 5, 7, 9]",,,,-0.0812,0.8339,,0.0246,,0.0512,"(1, -1, 1, 0, 0, -1, 0, -1, 0)"
Node_01408,5,[O . . | . O O | X X .],9,0.8332,4,"[2, 3, 4, 9]",,-0.2474,-0.0901,-0.2767,,,,,0.8332,"(-1, 0, 0, 0, -1, -1, 1, 1, 0)"
Node_01409,5,[. . O | . O O | X X .],9,0.8332,4,"[1, 2, 4, 9]",0.0095,-0.3439,,-0.2001,,,,,0.8332,"(0, 0, -1, 0, -1, -1, 1, 1, 0)"
Node_01410,5,[X O O | . . . | X O .],4,0.8332,4,"[4, 5, 6, 9]",,,,0.8332,0.5408,0.0072,,,0.1533,"(1, -1, -1, 0, 0, 0, 1, -1, 0)"
Node_01411,5,[O . X | O X . | . . O],7,0.8332,4,"[2, 6, 7, 8]",,-0.1271,,,,0.0852,0.8332,-0.1989,,"(-1, 0, 1, -1, 1, 0, 0, 0, -1)"
Node_01412,5,[X X O | O . . | O . .],5,0.8331,4,"[5, 6, 8, 9]",,,,,0.8331,-0.19,,-0.3279,-0.0842,"(1, 1, -1, -1, 0, 0, -1, 0, 0)"
Node_01413,5,[O . O | . . O | . X X],7,0.8147,4,"[2, 4, 5, 7]",,0.2095,,-0.19,-0.3027,,0.8147,,,"(-1, 0, -1, 0, 0, -1, 0, 1, 1)"
Node_01414,5,[X O . | O X . | . O .],9,0.8147,4,"[3, 6, 7, 9]",,,0.1289,,,0.2321,0.2972,,0.8147,"(1, -1, 0, -1, 1, 0, 0, -1, 0)"
Node_01415,5,[O . O | X . X | . . O],5,0.8147,4,"[2, 5, 7, 8]",,-0.0204,,,0.8147,,-0.1,-0.2911,,"(-1, 0, -1, 1, 0, 1, 0, 0, -1)"
Node_01416,5,[X . O | O . . | O X .],5,0.8147,4,"[2, 5, 6, 9]",,-0.2287,,,0.8147,-0.2439,,,-0.1025,"(1, 0, -1, -1, 0, 0, -1, 1, 0)"
Node_01417,5,[O . . | X . X | O O .],5,0.8147,4,"[2, 3, 5, 9]",,-0.3439,-0.219,,0.8147,,,,0.2779,"(-1, 0, 0, 1, 0, 1, -1, -1, 0)"
Node_01418,5,[O O X | . . . | . O X],5,0.8111,4,"[4, 5, 6, 7]",,,,-0.1539,0.8111,0.4095,0.1632,,,"(-1, -1, 1, 0, 0, 0, 0, -1, 1)"
Node_01419,5,[O . . | X . . | X O O],5,0.8022,4,"[2, 3, 5, 6]",,-0.4095,0.313,,0.8022,-0.1581,,,,"(-1, 0, 0, 1, 0, 0, 1, -1, -1)"
Node_01420,5,[. O . | X X O | . O .],1,0.8022,4,"[1, 3, 7, 9]",0.8022,,0.2916,,,,0.295,,0.0385,"(0, -1, 0, 1, 1, -1, 0, -1, 0)"
Node_01421,5,[. O . | X O O | . X .],7,0.797,4,"[1, 3, 7, 9]",-0.0808,,-0.2021,,,,0.797,,-0.1248,"(0, -1, 0, 1, -1, -1, 0, 1, 0)"
Node_01422,5,[. X O | . . O | O . X],5,0.795,4,"[1, 4, 5, 8]",-0.279,,,-0.2247,0.795,,,-0.0693,,"(0, 1, -1, 0, 0, -1, -1, 0, 1)"
Node_01423,5,[X . . | O . O | O . X],5,0.7941,4,"[2, 3, 5, 8]",,-0.0036,0.3211,,0.7941,,,-0.19,,"(1, 0, 0, -1, 0, -1, -1, 0, 1)"
Node_01424,5,[X . O | . . O | O . X],5,0.7941,4,"[2, 4, 5, 8]",,-0.3459,,0.2556,0.7941,,,0.0091,,"(1, 0, -1, 0, 0, -1, -1, 0, 1)"
Node_01425,5,[. O . | . X O | O . X],1,0.7941,4,"[1, 3, 4, 8]",0.7941,,0.1095,-0.1,,,,-0.1563,,"(0, -1, 0, 0, 1, -1, -1, 0, 1)"
Node_01426,5,[O . . | . X X | O O .],4,0.7941,4,"[2, 3, 4, 9]",,-0.0058,-0.2459,0.7941,,,,,-0.201,"(-1, 0, 0, 0, 1, 1, -1, -1, 0)"
Node_01427,5,[O X . | O . . | X . O],5,0.7882,4,"[3, 5, 6, 8]",,,-0.1,,0.7882,-0.1,,0.0389,,"(-1, 1, 0, -1, 0, 0, 1, 0, -1)"
Node_01428,5,[X . X | . . O | . O O],2,0.7712,4,"[2, 4, 5, 7]",,0.7712,,-0.3021,0.0253,,0.0,,,"(1, 0, 1, 0, 0, -1, 0, -1, -1)"
Node_01429,5,[X O . | . . . | O O X],5,0.7712,4,"[3, 4, 5, 6]",,,-0.0865,0.1834,0.7712,0.1777,,,,"(1, -1, 0, 0, 0, 0, -1, -1, 1)"
Node_01430,5,[X . O | . . . | O O X],5,0.7712,4,"[2, 4, 5, 6]",,0.0517,,0.0492,0.7712,0.1035,,,,"(1, 0, -1, 0, 0, 0, -1, -1, 1)"
Node_01431,5,[O O X | . . . | X . O],5,0.7712,4,"[4, 5, 6, 8]",,,,-0.1416,0.7712,-0.0745,,0.021,,"(-1, -1, 1, 0, 0, 0, 1, 0, -1)"
Node_01432,5,[. . O | O X . | . O X],1,0.7712,4,"[1, 2, 6, 7]",0.7712,0.4547,,,,-0.2999,0.4543,,,"(0, 0, -1, -1, 1, 0, 0, -1, 1)"
Node_01433,5,[O X . | . . . | O X O],5,0.7712,4,"[3, 4, 5, 6]",,,-0.4095,-0.0592,0.7712,-0.4686,,,,"(-1, 1, 0, 0, 0, 0, -1, 1, -1)"
Node_01434,5,[. . X | O X . | . O O],7,0.7712,4,"[1, 2, 6, 7]",0.0341,-0.0693,,,,0.0714,0.7712,,,"(0, 0, 1, -1, 1, 0, 0, -1, -1)"
Node_01435,5,[O O . | . X O | X . .],3,0.7712,4,"[3, 4, 8, 9]",,,0.7712,-0.4669,,,,-0.2343,-0.0224,"(-1, -1, 0, 0, 1, -1, 1, 0, 0)"
Node_01436,5,[O X O | . . X | . . O],5,0.7622,4,"[4, 5, 7, 8]",,,,0.0621,0.7622,,-0.1,0.0095,,"(-1, 1, -1, 0, 0, 1, 0, 0, -1)"
Node_01437,5,[X O X | O . . | O . .],9,0.7604,4,"[5, 6, 8, 9]",,,,,0.2064,0.0876,,-0.0656,0.7604,"(1, -1, 1, -1, 0, 0, -1, 0, 0)"
Node_01438,5,[X O O | . . X | O . .],5,0.7541,4,"[4, 5, 8, 9]",,,,-0.19,0.7541,,,-0.171,0.1217,"(1, -1, -1, 0, 0, 1, -1, 0, 0)"
Node_01439,5,[. X . | O . . | O O X],1,0.7525,4,"[1, 3, 5, 6]",0.7525,,-0.4095,,-0.271,-0.271,,,,"(0, 1, 0, -1, 0, 0, -1, -1, 1)"
Node_01440,5,[. . O | X . . | X O O],1,0.7458,4,"[1, 2, 5, 6]",0.7458,-0.4686,,,-0.3626,0.2522,,,,"(0, 0, -1, 1, 0, 0, 1, -1, -1)"
Node_01441,5,[. . X | . . O | X O O],5,0.7458,4,"[1, 2, 4, 5]",0.1328,0.3775,,0.2417,0.7458,,,,,"(0, 0, 1, 0, 0, -1, 1, -1, -1)"
Node_01442,5,[O O . | . . O | X . X],8,0.7458,4,"[3, 4, 5, 8]",,,0.1379,-0.4112,0.2099,,,0.7458,,"(-1, -1, 0, 0, 0, -1, 1, 0, 1)"
Node_01443,5,[O O . | . X . | X . O],3,0.7458,4,"[3, 4, 6, 8]",,,0.7458,0.25,,-0.2641,,-0.2505,,"(-1, -1, 0, 0, 1, 0, 1, 0, -1)"
Node_01444,5,[O O X | . . O | X . .],5,0.7458,4,"[4, 5, 8, 9]",,,,-0.1025,0.7458,,,0.0616,0.1417,"(-1, -1, 1, 0, 0, -1, 1, 0, 0)"
Node_01445,5,[. O X | . . . | O O X],6,0.7458,4,"[1, 4, 5, 6]",-0.0573,,,0.0152,0.344,0.7458,,,,"(0, -1, 1, 0, 0, 0, -1, -1, 1)"
Node_01446,5,[. O X | . . . | X O O],5,0.7458,4,"[1, 4, 5, 6]",-0.0884,,,0.0073,0.7458,-0.4574,,,,"(0, -1, 1, 0, 0, 0, 1, -1, -1)"
Node_01447,5,[. O . | . X O | X . O],3,0.7458,4,"[1, 3, 4, 8]",-0.1302,,0.7458,0.3034,,,,-0.2831,,"(0, -1, 0, 0, 1, -1, 1, 0, -1)"
Node_01448,5,[X X . | O . . | O O .],3,0.7458,4,"[3, 5, 6, 9]",,,0.7458,,0.1682,-0.19,,,0.3824,"(1, 1, 0, -1, 0, 0, -1, -1, 0)"
Node_01449,5,[O . . | O . X | . O X],3,0.7458,4,"[2, 3, 5, 7]",,-0.1,0.7458,,-0.3439,,-0.0696,,,"(-1, 0, 0, -1, 0, 1, 0, -1, 1)"
Node_01450,5,[X O O | X . . | O . .],5,0.7383,4,"[5, 6, 8, 9]",,,,,0.7383,0.1217,,-0.19,0.0072,"(1, -1, -1, 1, 0, 0, -1, 0, 0)"
Node_01451,5,[X O O | O . . | . . X],8,0.7334,4,"[5, 6, 7, 8]",,,,,0.3439,-0.1643,0.392,0.7334,,"(1, -1, -1, -1, 0, 0, 0, 0, 1)"
Node_01452,5,[. X . | X O O | . O .],1,0.7316,4,"[1, 3, 7, 9]",0.7316,,0.0,,,,-0.0017,,0.0,"(0, 1, 0, 1, -1, -1, 0, -1, 0)"
Node_01453,5,[X O . | O . O | X . .],5,0.7265,4,"[3, 5, 8, 9]",,,-0.0029,,0.7265,,,-0.021,-0.0639,"(1, -1, 0, -1, 0, -1, 1, 0, 0)"
Node_01454,5,[X . O | X . . | . O O],7,0.7176,4,"[2, 5, 6, 7]",,-0.1572,,,-0.1084,0.1343,0.7176,,,"(1, 0, -1, 1, 0, 0, 0, -1, -1)"
Node_01455,5,[O . O | . . O | X X .],9,0.7176,4,"[2, 4, 5, 9]",,-0.2534,,0.0124,-0.3439,,,,0.7176,"(-1, 0, -1, 0, 0, -1, 1, 1, 0)"
Node_01456,5,[O O X | O . . | . . X],6,0.7176,4,"[5, 6, 7, 8]",,,,,-0.3381,0.7176,0.3925,-0.2846,,"(-1, -1, 1, -1, 0, 0, 0, 0, 1)"
Node_01457,5,[O . X | O . . | X O .],5,0.7176,4,"[2, 5, 6, 9]",,-0.3263,,,0.7176,0.2612,,,0.2808,"(-1, 0, 1, -1, 0, 0, 1, -1, 0)"
Node_01458,5,[O . X | O . O | X . .],5,0.7176,4,"[2, 5, 8, 9]",,-0.19,,,0.7176,,,0.0057,0.0148,"(-1, 0, 1, -1, 0, -1, 1, 0, 0)"
Node_01459,5,[O . O | . X X | O . .],4,0.7176,4,"[2, 4, 8, 9]",,0.2688,,0.7176,,,,-0.4112,-0.4864,"(-1, 0, -1, 0, 1, 1, -1, 0, 0)"
Node_01460,5,[O . X | . . . | X O O],5,0.7176,4,"[2, 4, 5, 6]",,-0.0825,,0.0438,0.7176,-0.2632,,,,"(-1, 0, 1, 0, 0, 0, 1, -1, -1)"
Node_01461,5,[. O O | X . . | X . O],1,0.7176,4,"[1, 5, 6, 8]",0.7176,,,,-0.271,0.0821,,-0.1,,"(0, -1, -1, 1, 0, 0, 1, 0, -1)"
Node_01462,5,[. O X | . . O | X . O],5,0.7176,4,"[1, 4, 5, 8]",0.1867,,,0.1545,0.7176,,,0.0006,,"(0, -1, 1, 0, 0, -1, 1, 0, -1)"
Node_01463,5,[. O O | X . O | . . X],1,0.7056,4,"[1, 5, 7, 8]",0.7056,,,,-0.3439,,-0.089,0.0,,"(0, -1, -1, 1, 0, -1, 0, 0, 1)"
Node_01464,5,[O O . | X . X | O . .],3,0.6979,4,"[3, 5, 8, 9]",,,0.6979,,0.3439,,,-0.0425,0.1568,"(-1, -1, 0, 1, 0, 1, -1, 0, 0)"
Node_01465,5,[. . X | . . O | O X O],2,0.6962,4,"[1, 2, 4, 5]",0.1416,0.6962,,-0.1,0.2812,,,,,"(0, 0, 1, 0, 0, -1, -1, 1, -1)"
Node_01466,5,[X O . | . . . | X O O],4,0.6862,4,"[3, 4, 5, 6]",,,-0.2989,0.6862,0.509,0.1332,,,,"(1, -1, 0, 0, 0, 0, 1, -1, -1)"
Node_01467,5,[O . O | O . . | . X X],7,0.6862,4,"[2, 5, 6, 7]",,-0.2034,,,-0.1919,-0.19,0.6862,,,"(-1, 0, -1, -1, 0, 0, 0, 1, 1)"
Node_01468,5,[X . X | O . . | . O O],2,0.6862,4,"[2, 5, 6, 7]",,0.6862,,,0.1656,-0.3073,0.4532,,,"(1, 0, 1, -1, 0, 0, 0, -1, -1)"
Node_01469,5,[X . O | O . O | . . X],5,0.6862,4,"[2, 5, 7, 8]",,-0.0625,,,0.6862,,0.1881,0.018,,"(1, 0, -1, -1, 0, -1, 0, 0, 1)"
Node_01470,5,[. X X | O . . | O . O],1,0.6862,4,"[1, 5, 6, 8]",0.6862,,,,-0.5096,-0.5695,,0.1857,,"(0, 1, 1, -1, 0, 0, -1, 0, -1)"
Node_01471,5,[X . O | . . O | . O X],5,0.6862,4,"[2, 4, 5, 7]",,-0.0571,,0.2697,0.6862,,0.2269,,,"(1, 0, -1, 0, 0, -1, 0, -1, 1)"
Node_01472,5,[O O . | . . O | X X .],9,0.6862,4,"[3, 4, 5, 9]",,,0.2219,-0.271,0.0569,,,,0.6862,"(-1, -1, 0, 0, 0, -1, 1, 1, 0)"
Node_01473,5,[. X X | O O . | . . O],1,0.6862,4,"[1, 6, 7, 8]",0.6862,,,,,-0.005,-0.0817,-0.2104,,"(0, 1, 1, -1, -1, 0, 0, 0, -1)"
Node_01474,5,[. . X | O . . | O O X],6,0.6862,4,"[1, 2, 5, 6]",0.4715,-0.2152,,,-0.1021,0.6862,,,,"(0, 0, 1, -1, 0, 0, -1, -1, 1)"
Node_01475,5,[X O X | O . O | . . .],5,0.676,4,"[5, 7, 8, 9]",,,,,0.676,,-0.0202,-0.1,-0.092,"(1, -1, 1, -1, 0, -1, 0, 0, 0)"
Node_01476,5,[X O X | O . . | . O .],5,0.6746,4,"[5, 6, 7, 9]",,,,,0.6746,-0.3439,0.0612,,0.2954,"(1, -1, 1, -1, 0, 0, 0, -1, 0)"
Node_01477,5,[O . X | . . O | . X O],5,0.6688,4,"[2, 4, 5, 7]",,0.1217,,-0.1,0.6688,,-0.0783,,,"(-1, 0, 1, 0, 0, -1, 0, 1, -1)"
Node_01478,5,[. . . | O . X | O O X],1,0.6627,4,"[1, 2, 3, 5]",0.6627,-0.0891,0.271,,-0.2249,,,,,"(0, 0, 0, -1, 0, 1, -1, -1, 1)"
Node_01479,5,[. X . | O O X | . O .],3,0.6576,4,"[1, 3, 7, 9]",0.0094,,0.6576,,,,-0.2195,,0.0411,"(0, 1, 0, -1, -1, 1, 0, -1, 0)"
Node_01480,5,[. . O | O . O | . X X],5,0.6569,4,"[1, 2, 5, 7]",-0.0663,-0.1,,,0.6569,,0.1,,,"(0, 0, -1, -1, 0, -1, 0, 1, 1)"
Node_01481,5,[. . O | . . O | O X X],5,0.653,4,"[1, 2, 4, 5]",-0.271,0.03,,-0.4686,0.653,,,,,"(0, 0, -1, 0, 0, -1, -1, 1, 1)"
Node_01482,5,[X X . | O . . | O . O],3,0.6513,4,"[3, 5, 6, 8]",,,0.6513,,0.0,-0.4095,,0.108,,"(1, 1, 0, -1, 0, 0, -1, 0, -1)"
Node_01483,5,[X X . | . . O | O O .],3,0.6513,4,"[3, 4, 5, 9]",,,0.6513,-0.0079,-0.1186,,,,0.059,"(1, 1, 0, 0, 0, -1, -1, -1, 0)"
Node_01484,5,[X . X | O . O | . O .],2,0.6513,4,"[2, 5, 7, 9]",,0.6513,,,0.1521,,-0.1657,,-0.1234,"(1, 0, 1, -1, 0, -1, 0, -1, 0)"
Node_01485,5,[X O . | O . O | . . X],5,0.6513,4,"[3, 5, 7, 8]",,,0.146,,0.6513,,0.0225,-0.1268,,"(1, -1, 0, -1, 0, -1, 0, 0, 1)"
Node_01486,5,[O . . | X . X | . O O],5,0.6513,4,"[2, 3, 5, 7]",,0.0,-0.3174,,0.6513,,-0.1214,,,"(-1, 0, 0, 1, 0, 1, 0, -1, -1)"
Node_01487,5,[O O X | . . . | X O .],5,0.6513,4,"[4, 5, 6, 9]",,,,-0.0318,0.6513,0.1764,,,-0.1,"(-1, -1, 1, 0, 0, 0, 1, -1, 0)"
Node_01488,5,[X O . | . . O | X . O],4,0.6513,4,"[3, 4, 5, 8]",,,-0.0583,0.6513,-0.19,,,0.0364,,"(1, -1, 0, 0, 0, -1, 1, 0, -1)"
Node_01489,5,[O . X | O . . | X . O],5,0.6513,4,"[2, 5, 6, 8]",,0.2669,,,0.6513,-0.271,,-0.1572,,"(-1, 0, 1, -1, 0, 0, 1, 0, -1)"
Node_01490,5,[. O . | O . . | X O X],5,0.6484,4,"[1, 3, 5, 6]",-0.0715,,0.1161,,0.6484,-0.271,,,,"(0, -1, 0, -1, 0, 0, 1, -1, 1)"
Node_01491,5,[. . X | . . O | O O X],1,0.6403,4,"[1, 2, 4, 5]",0.6403,0.104,,-0.1,0.0562,,,,,"(0, 0, 1, 0, 0, -1, -1, -1, 1)"
Node_01492,5,[. . O | . . X | X O O],4,0.6364,4,"[1, 2, 4, 5]",0.009,-0.0729,,0.6364,0.1152,,,,,"(0, 0, -1, 0, 0, 1, 1, -1, -1)"
Node_01493,5,[. X O | O . O | . . X],5,0.6252,4,"[1, 5, 7, 8]",0.0621,,,,0.6252,,-0.1842,-0.022,,"(0, 1, -1, -1, 0, -1, 0, 0, 1)"
Node_01494,5,[. O . | O X O | . X .],7,0.6208,4,"[1, 3, 7, 9]",-0.1,,0.0724,,,,0.6208,,0.1004,"(0, -1, 0, -1, 1, -1, 0, 1, 0)"
Node_01495,5,[. X X | . . O | O . O],1,0.6126,4,"[1, 4, 5, 8]",0.6126,,,-0.0714,0.0481,,,0.129,,"(0, 1, 1, 0, 0, -1, -1, 0, -1)"
Node_01496,5,[X X . | . . O | . O O],3,0.6126,4,"[3, 4, 5, 7]",,,0.6126,-0.0786,0.1582,,0.036,,,"(1, 1, 0, 0, 0, -1, 0, -1, -1)"
Node_01497,5,[. O O | . . O | X X .],9,0.6126,4,"[1, 4, 5, 9]",0.208,,,0.2038,-0.0382,,,,0.6126,"(0, -1, -1, 0, 0, -1, 1, 1, 0)"
Node_01498,5,[X . O | X . O | . O .],7,0.6126,4,"[2, 5, 7, 9]",,-0.19,,,0.1549,,0.6126,,0.1275,"(1, 0, -1, 1, 0, -1, 0, -1, 0)"
Node_01499,5,[O O . | . . X | . O X],3,0.6126,4,"[3, 4, 5, 7]",,,0.6126,-0.1958,-0.1,,-0.2832,,,"(-1, -1, 0, 0, 0, 1, 0, -1, 1)"
Node_01500,5,[O X O | . . . | . X O],5,0.6126,4,"[4, 5, 6, 7]",,,,-0.3439,0.6126,0.0854,-0.3439,,,"(-1, 1, -1, 0, 0, 0, 0, 1, -1)"
Node_01501,5,[. X X | O . . | . O O],1,0.6126,4,"[1, 5, 6, 7]",0.6126,,,,-0.1354,-0.3342,0.0,,,"(0, 1, 1, -1, 0, 0, 0, -1, -1)"
Node_01502,5,[X . . | X . O | . O O],7,0.6126,4,"[2, 3, 5, 7]",,0.3393,0.0929,,0.1541,,0.6126,,,"(1, 0, 0, 1, 0, -1, 0, -1, -1)"
Node_01503,5,[X . O | O . . | O . X],5,0.6126,4,"[2, 5, 6, 8]",,-0.3523,,,0.6126,0.3526,,-0.4235,,"(1, 0, -1, -1, 0, 0, -1, 0, 1)"
Node_01504,5,[. O O | O . . | X X .],9,0.6126,4,"[1, 5, 6, 9]",0.0058,,,,-0.19,-0.09,,,0.6126,"(0, -1, -1, -1, 0, 0, 1, 1, 0)"
Node_01505,5,[O . X | . . O | X . O],5,0.6126,4,"[2, 4, 5, 8]",,-0.271,,0.0348,0.6126,,,-0.0241,,"(-1, 0, 1, 0, 0, -1, 1, 0, -1)"
Node_01506,5,[. O O | O . . | . X X],1,0.6118,4,"[1, 5, 6, 7]",0.6118,,,,-0.1102,0.0,0.0,,,"(0, -1, -1, -1, 0, 0, 0, 1, 1)"
Node_01507,5,[. O . | X . . | O O X],5,0.6111,4,"[1, 3, 5, 6]",-0.3915,,-0.0581,,0.6111,-0.1022,,,,"(0, -1, 0, 1, 0, 0, -1, -1, 1)"
Node_01508,5,[X O O | X . O | . . .],5,0.6008,4,"[5, 7, 8, 9]",,,,,0.6008,,0.1,-0.1188,0.0475,"(1, -1, -1, 1, 0, -1, 0, 0, 0)"
Node_01509,5,[. O O | . . O | . X X],1,0.5899,4,"[1, 4, 5, 7]",0.5899,,,0.0717,-0.1,,0.0,,,"(0, -1, -1, 0, 0, -1, 0, 1, 1)"
Node_01510,5,[. O . | X O . | . X O],1,0.5816,4,"[1, 3, 6, 7]",0.5816,,-0.19,,,-0.271,-0.249,,,"(0, -1, 0, 1, -1, 0, 0, 1, -1)"
Node_01511,5,[O X . | O X . | . O .],7,0.5737,4,"[3, 6, 7, 9]",,,-0.2019,,,-0.271,0.5737,,-0.2727,"(-1, 1, 0, -1, 1, 0, 0, -1, 0)"
Node_01512,5,[. . . | X . O | X O O],1,0.5695,4,"[1, 2, 3, 5]",0.5695,0.1155,0.1633,,-0.1,,,,,"(0, 0, 0, 1, 0, -1, 1, -1, -1)"
Node_01513,5,[. O . | X . X | O O .],5,0.5695,4,"[1, 3, 5, 9]",-0.271,,-0.1502,,0.5695,,,,-0.271,"(0, -1, 0, 1, 0, 1, -1, -1, 0)"
Node_01514,5,[X . X | O . . | O . O],2,0.5695,4,"[2, 5, 6, 8]",,0.5695,,,-0.1841,-0.09,,0.3212,,"(1, 0, 1, -1, 0, 0, -1, 0, -1)"
Node_01515,5,[O O . | X . X | . O .],5,0.5695,4,"[3, 5, 7, 9]",,,-0.1682,,0.5695,,-0.1,,-0.1,"(-1, -1, 0, 1, 0, 1, 0, -1, 0)"
Node_01516,5,[X X . | O . O | . . O],3,0.5695,4,"[3, 5, 7, 8]",,,0.5695,,-0.1,,-0.1,-0.0335,,"(1, 1, 0, -1, 0, -1, 0, 0, -1)"
Node_01517,5,[O . X | O . X | . O .],9,0.5695,4,"[2, 5, 7, 9]",,-0.1025,,,0.0189,,0.1772,,0.5695,"(-1, 0, 1, -1, 0, 1, 0, -1, 0)"
Node_01518,5,[O X . | O . . | . X O],5,0.5695,4,"[3, 5, 6, 7]",,,-0.271,,0.5695,-0.3439,0.0,,,"(-1, 1, 0, -1, 0, 0, 0, 1, -1)"
Node_01519,5,[X O O | . . . | . O X],5,0.5695,4,"[4, 5, 6, 7]",,,,-0.0189,0.5695,-0.1,-0.1515,,,"(1, -1, -1, 0, 0, 0, 0, -1, 1)"
Node_01520,5,[. X . | O . . | O X O],5,0.5695,4,"[1, 3, 5, 6]",0.2697,,-0.1,,0.5695,-0.0335,,,,"(0, 1, 0, -1, 0, 0, -1, 1, -1)"
Node_01521,5,[. . O | . O X | X . O],1,0.5675,4,"[1, 2, 4, 8]",0.5675,-0.2793,,0.0299,,,,-0.4561,,"(0, 0, -1, 0, -1, 1, 1, 0, -1)"
Node_01522,5,[. . X | O . . | X O O],2,0.5443,4,"[1, 2, 5, 6]",0.2189,0.5443,,,0.271,-0.28,,,,"(0, 0, 1, -1, 0, 0, 1, -1, -1)"
Node_01523,5,[. . . | X X O | O O .],9,0.5402,4,"[1, 2, 3, 9]",-0.177,-0.4508,-0.5039,,,,,,0.5402,"(0, 0, 0, 1, 1, -1, -1, -1, 0)"
Node_01524,5,[X . . | O . . | X O O],5,0.5309,4,"[2, 3, 5, 6]",,0.1787,0.2024,,0.5309,-0.081,,,,"(1, 0, 0, -1, 0, 0, 1, -1, -1)"
Node_01525,5,[O O X | . . X | O . .],4,0.5305,4,"[4, 5, 8, 9]",,,,0.5305,0.0037,,,-0.2113,0.3439,"(-1, -1, 1, 0, 0, 1, -1, 0, 0)"
Node_01526,5,[O . . | O . . | X X O],5,0.5258,4,"[2, 3, 5, 6]",,0.2106,-0.1433,,0.5258,-0.4095,,,,"(-1, 0, 0, -1, 0, 0, 1, 1, -1)"
Node_01527,5,[X X . | O . . | . O O],3,0.5217,4,"[3, 5, 6, 7]",,,0.5217,,-0.0534,-0.3439,-0.0672,,,"(1, 1, 0, -1, 0, 0, 0, -1, -1)"
Node_01528,5,[O . O | O . . | X X .],9,0.5217,4,"[2, 5, 6, 9]",,0.2208,,,-0.1453,-0.3027,,,0.5217,"(-1, 0, -1, -1, 0, 0, 1, 1, 0)"
Node_01529,5,[. O . | O . X | O . X],3,0.5217,4,"[1, 3, 5, 8]",0.4597,,0.5217,,-0.19,,,-0.4353,,"(0, -1, 0, -1, 0, 1, -1, 0, 1)"
Node_01530,5,[. . O | X . X | . O O],5,0.5217,4,"[1, 2, 5, 7]",0.1844,0.3233,,,0.5217,,0.2094,,,"(0, 0, -1, 1, 0, 1, 0, -1, -1)"
Node_01531,5,[. X X | O . O | . . O],1,0.5217,4,"[1, 5, 7, 8]",0.5217,,,,0.3598,,-0.289,0.0217,,"(0, 1, 1, -1, 0, -1, 0, 0, -1)"
Node_01532,5,[O X O | O . . | . X .],5,0.5217,4,"[5, 6, 7, 9]",,,,,0.5217,-0.4095,-0.1363,,-0.0571,"(-1, 1, -1, -1, 0, 0, 0, 1, 0)"
Node_01533,5,[. X O | . . . | O X O],5,0.5217,4,"[1, 4, 5, 6]",-0.3191,,,0.067,0.5217,-0.0565,,,,"(0, 1, -1, 0, 0, 0, -1, 1, -1)"
Node_01534,5,[X . X | O . O | O . .],2,0.5217,4,"[2, 5, 8, 9]",,0.5217,,,0.4054,,,0.0283,-0.19,"(1, 0, 1, -1, 0, -1, -1, 0, 0)"
Node_01535,5,[O O . | O . . | . X X],7,0.5217,4,"[3, 5, 6, 7]",,,0.1935,,0.0299,0.0649,0.5217,,,"(-1, -1, 0, -1, 0, 0, 0, 1, 1)"
Node_01536,5,[. X X | . . O | . O O],1,0.5217,4,"[1, 4, 5, 7]",0.5217,,,-0.19,-0.2954,,0.1474,,,"(0, 1, 1, 0, 0, -1, 0, -1, -1)"
Node_01537,5,[O O . | . . O | . X X],7,0.5217,4,"[3, 4, 5, 7]",,,0.1417,0.0,-0.1344,,0.5217,,,"(-1, -1, 0, 0, 0, -1, 0, 1, 1)"
Node_01538,5,[. O . | X . O | X O .],5,0.5176,4,"[1, 3, 5, 9]",0.3439,,-0.1524,,0.5176,,,,-0.3278,"(0, -1, 0, 1, 0, -1, 1, -1, 0)"
Node_01539,5,[. O . | X . . | X O O],5,0.516,4,"[1, 3, 5, 6]",0.1,,-0.1841,,0.516,-0.2335,,,,"(0, -1, 0, 1, 0, 0, 1, -1, -1)"
Node_01540,5,[. O . | . X O | . X O],3,0.514,4,"[1, 3, 4, 7]",-0.171,,0.514,-0.3095,,,-0.1866,,,"(0, -1, 0, 0, 1, -1, 0, 1, -1)"
Node_01541,5,[O O . | X X O | . . .],3,0.5091,4,"[3, 7, 8, 9]",,,0.5091,,,,-0.3374,0.0,-0.081,"(-1, -1, 0, 1, 1, -1, 0, 0, 0)"
Node_01542,5,[X . O | . O X | . . O],7,0.4961,4,"[2, 4, 7, 8]",,-0.2639,,-0.1469,,,0.4961,-0.4822,,"(1, 0, -1, 0, -1, 1, 0, 0, -1)"
Node_01543,5,[O O X | X . . | . O .],5,0.4916,4,"[5, 6, 7, 9]",,,,,0.4916,-0.0715,0.146,,-0.1562,"(-1, -1, 1, 1, 0, 0, 0, -1, 0)"
Node_01544,5,[. . O | O . . | X O X],5,0.4903,4,"[1, 2, 5, 6]",-0.0591,0.0,,,0.4903,-0.081,,,,"(0, 0, -1, -1, 0, 0, 1, -1, 1)"
Node_01545,5,[O X . | O . O | X . .],5,0.4898,4,"[3, 5, 8, 9]",,,0.1456,,0.4898,,,0.0317,-0.008,"(-1, 1, 0, -1, 0, -1, 1, 0, 0)"
Node_01546,5,[. . O | O O X | . X .],7,0.4873,4,"[1, 2, 7, 9]",-0.4686,-0.7176,,,,,0.4873,,-0.388,"(0, 0, -1, -1, -1, 1, 0, 1, 0)"
Node_01547,5,[O X O | . . O | . . X],8,0.4833,4,"[4, 5, 7, 8]",,,,-0.1556,0.188,,0.0181,0.4833,,"(-1, 1, -1, 0, 0, -1, 0, 0, 1)"
Node_01548,5,[. X O | O . . | O . X],5,0.4808,4,"[1, 5, 6, 8]",-0.0433,,,,0.4808,-0.19,,-0.343,,"(0, 1, -1, -1, 0, 0, -1, 0, 1)"
Node_01549,5,[O X O | O . . | X . .],9,0.4796,4,"[5, 6, 8, 9]",,,,,0.1417,-0.1629,,0.0973,0.4796,"(-1, 1, -1, -1, 0, 0, 1, 0, 0)"
Node_01550,5,[. O X | O . X | . O .],5,0.4796,4,"[1, 5, 7, 9]",-0.1,,,,0.4796,,-0.0636,,0.19,"(0, -1, 1, -1, 0, 1, 0, -1, 0)"
Node_01551,5,[. O X | . . O | . O X],5,0.4789,4,"[1, 4, 5, 7]",0.0,,,0.0,0.4789,,0.1455,,,"(0, -1, 1, 0, 0, -1, 0, -1, 1)"
Node_01552,5,[. O . | O . O | X X .],3,0.4776,4,"[1, 3, 5, 9]",-0.19,,0.4776,,0.0073,,,,0.1,"(0, -1, 0, -1, 0, -1, 1, 1, 0)"
Node_01553,5,[. X . | . . O | O O X],1,0.4761,4,"[1, 3, 4, 5]",0.4761,,0.0,0.0,0.1217,,,,,"(0, 1, 0, 0, 0, -1, -1, -1, 1)"
Node_01554,5,[X O . | . . O | X O .],5,0.4759,4,"[3, 4, 5, 9]",,,0.1417,0.1,0.4759,,,,-0.271,"(1, -1, 0, 0, 0, -1, 1, -1, 0)"
Node_01555,5,[O X O | . O . | X . .],9,0.4718,4,"[4, 6, 8, 9]",,,,-0.5262,,-0.552,,-0.118,0.4718,"(-1, 1, -1, 0, -1, 0, 1, 0, 0)"
Node_01556,5,[O O . | O X . | . X .],3,0.4694,4,"[3, 6, 7, 9]",,,0.4694,,,-0.3439,0.164,,-0.271,"(-1, -1, 0, -1, 1, 0, 0, 1, 0)"
Node_01557,5,[O X . | . . O | O X .],5,0.4686,4,"[3, 4, 5, 9]",,,-0.172,-0.441,0.4686,,,,-0.3388,"(-1, 1, 0, 0, 0, -1, -1, 1, 0)"
Node_01558,5,[O . X | O . . | . O X],6,0.4686,4,"[2, 5, 6, 7]",,-0.271,,,0.0792,0.4686,0.2651,,,"(-1, 0, 1, -1, 0, 0, 0, -1, 1)"
Node_01559,5,[X X . | . . O | O . O],3,0.4686,4,"[3, 4, 5, 8]",,,0.4686,-0.19,-0.3439,,,-0.19,,"(1, 1, 0, 0, 0, -1, -1, 0, -1)"
Node_01560,5,[. O O | X . X | O . .],5,0.4686,4,"[1, 5, 8, 9]",-0.092,,,,0.4686,,,-0.3439,0.0,"(0, -1, -1, 1, 0, 1, -1, 0, 0)"
Node_01561,5,[X O . | O . . | . O X],5,0.4686,4,"[3, 5, 6, 7]",,,0.0803,,0.4686,-0.1567,0.1055,,,"(1, -1, 0, -1, 0, 0, 0, -1, 1)"
Node_01562,5,[X O O | X . . | . O .],7,0.4686,4,"[5, 6, 7, 9]",,,,,0.2624,-0.3439,0.4686,,0.085,"(1, -1, -1, 1, 0, 0, 0, -1, 0)"
Node_01563,5,[O . X | . . X | O O .],9,0.4686,4,"[2, 4, 5, 9]",,-0.1748,,0.0,-0.271,,,,0.4686,"(-1, 0, 1, 0, 0, 1, -1, -1, 0)"
Node_01564,5,[. O . | X . X | . O O],5,0.4686,4,"[1, 3, 5, 7]",-0.19,,-0.1,,0.4686,,-0.182,,,"(0, -1, 0, 1, 0, 1, 0, -1, -1)"
Node_01565,5,[. X X | O . O | O . .],1,0.4686,4,"[1, 5, 8, 9]",0.4686,,,,0.1592,,,-0.19,-0.0773,"(0, 1, 1, -1, 0, -1, -1, 0, 0)"
Node_01566,5,[X O . | X . O | . . O],7,0.4686,4,"[3, 5, 7, 8]",,,0.0829,,-0.1763,,0.4686,-0.0482,,"(1, -1, 0, 1, 0, -1, 0, 0, -1)"
Node_01567,5,[. X . | . . O | O X O],5,0.4686,4,"[1, 3, 4, 5]",0.0428,,0.3007,-0.4917,0.4686,,,,,"(0, 1, 0, 0, 0, -1, -1, 1, -1)"
Node_01568,5,[O X O | . . O | . X .],9,0.4662,4,"[4, 5, 7, 9]",,,,0.0,0.4095,,0.1022,,0.4662,"(-1, 1, -1, 0, 0, -1, 0, 1, 0)"
Node_01569,5,[O X O | X . . | O . .],5,0.4558,4,"[5, 6, 8, 9]",,,,,0.4558,-0.1,,-0.2591,-0.1629,"(-1, 1, -1, 1, 0, 0, -1, 0, 0)"
Node_01570,5,[X . O | O . X | . O .],5,0.4534,4,"[2, 5, 7, 9]",,-0.2439,,,0.4534,,0.0,,-0.1,"(1, 0, -1, -1, 0, 1, 0, -1, 0)"
Node_01571,5,[O O X | X . . | . . O],5,0.453,4,"[5, 6, 7, 8]",,,,,0.453,0.1081,-0.0608,0.0,,"(-1, -1, 1, 1, 0, 0, 0, 0, -1)"
Node_01572,5,[O . . | X . . | O X O],5,0.442,4,"[2, 3, 5, 6]",,-0.0155,-0.09,,0.442,0.0505,,,,"(-1, 0, 0, 1, 0, 0, -1, 1, -1)"
Node_01573,5,[. O . | O . O | . X X],5,0.4404,4,"[1, 3, 5, 7]",0.059,,-0.1525,,0.4404,,0.4095,,,"(0, -1, 0, -1, 0, -1, 0, 1, 1)"
Node_01574,5,[X O O | . . O | . X .],9,0.4366,4,"[4, 5, 7, 9]",,,,-0.1682,-0.0407,,0.0621,,0.4366,"(1, -1, -1, 0, 0, -1, 0, 1, 0)"
Node_01575,5,[. X O | . . . | O O X],5,0.4356,4,"[1, 4, 5, 6]",-0.2703,,,-0.2466,0.4356,-0.4095,,,,"(0, 1, -1, 0, 0, 0, -1, -1, 1)"
Node_01576,5,[. X . | O O X | O . .],1,0.4302,4,"[1, 3, 8, 9]",0.4302,,0.0454,,,,,-0.271,-0.3706,"(0, 1, 0, -1, -1, 1, -1, 0, 0)"
Node_01577,5,[O . . | . . X | X O O],5,0.4255,4,"[2, 3, 4, 5]",,0.0,-0.0625,-0.1,0.4255,,,,,"(-1, 0, 0, 0, 0, 1, 1, -1, -1)"
Node_01578,5,[. X . | . . O | X O O],3,0.4252,4,"[1, 3, 4, 5]",-0.0028,,0.4252,-0.19,-0.0967,,,,,"(0, 1, 0, 0, 0, -1, 1, -1, -1)"
Node_01579,5,[O . . | . . O | X O X],5,0.4168,4,"[2, 3, 4, 5]",,0.0,-0.541,-0.3659,0.4168,,,,,"(-1, 0, 0, 0, 0, -1, 1, -1, 1)"
Node_01580,5,[. X O | O . . | . X O],6,0.4131,4,"[1, 5, 6, 7]",-0.19,,,,0.271,0.4131,0.0299,,,"(0, 1, -1, -1, 0, 0, 0, 1, -1)"
Node_01581,5,[. X . | O . O | . X O],5,0.4095,4,"[1, 3, 5, 7]",-0.4095,,0.0452,,0.4095,,-0.271,,,"(0, 1, 0, -1, 0, -1, 0, 1, -1)"
Node_01582,5,[. X X | O . O | . O .],1,0.4095,4,"[1, 5, 7, 9]",0.4095,,,,0.2741,,0.108,,-0.271,"(0, 1, 1, -1, 0, -1, 0, -1, 0)"
Node_01583,5,[. X O | O . . | O X .],5,0.4095,4,"[1, 5, 6, 9]",0.0037,,,,0.4095,0.059,,,-0.1502,"(0, 1, -1, -1, 0, 0, -1, 1, 0)"
Node_01584,5,[. O . | . . X | O O X],3,0.4095,4,"[1, 3, 4, 5]",0.1152,,0.4095,0.0072,0.335,,,,,"(0, -1, 0, 0, 0, 1, -1, -1, 1)"
Node_01585,5,[X . O | O . . | . O X],5,0.4095,4,"[2, 5, 6, 7]",,0.149,,,0.4095,-0.063,-0.1,,,"(1, 0, -1, -1, 0, 0, 0, -1, 1)"
Node_01586,5,[O O . | X . X | . . O],5,0.4095,4,"[3, 5, 7, 8]",,,-0.1017,,0.4095,,-0.1344,0.0475,,"(-1, -1, 0, 1, 0, 1, 0, 0, -1)"
Node_01587,5,[. X . | O . O | O X .],5,0.4095,4,"[1, 3, 5, 9]",-0.19,,-0.19,,0.4095,,,,0.0556,"(0, 1, 0, -1, 0, -1, -1, 1, 0)"
Node_01588,5,[. . O | X . X | O . O],5,0.4095,4,"[1, 2, 5, 8]",-0.1,-0.0573,,,0.4095,,,0.2475,,"(0, 0, -1, 1, 0, 1, -1, 0, -1)"
Node_01589,5,[. O X | O . . | X . O],5,0.4095,4,"[1, 5, 6, 8]",-0.1615,,,,0.4095,0.097,,-0.3254,,"(0, -1, 1, -1, 0, 0, 1, 0, -1)"
Node_01590,5,[O X . | . . O | . X O],5,0.4095,4,"[3, 4, 5, 7]",,,0.1379,0.0674,0.4095,,0.0,,,"(-1, 1, 0, 0, 0, -1, 0, 1, -1)"
Node_01591,5,[. . O | X . X | O O .],5,0.4095,4,"[1, 2, 5, 9]",-0.19,-0.1748,,,0.4095,,,,0.0,"(0, 0, -1, 1, 0, 1, -1, -1, 0)"
Node_01592,5,[O O . | O . X | . . X],3,0.4095,4,"[3, 5, 7, 8]",,,0.4095,,-0.5217,,0.0674,-0.1,,"(-1, -1, 0, -1, 0, 1, 0, 0, 1)"
Node_01593,5,[. X X | . . O | O O .],1,0.4095,4,"[1, 4, 5, 9]",0.4095,,,-0.0805,-0.19,,,,-0.0652,"(0, 1, 1, 0, 0, -1, -1, -1, 0)"
Node_01594,5,[. O . | X . X | O . O],5,0.4095,4,"[1, 3, 5, 8]",-0.1696,,0.059,,0.4095,,,-0.1,,"(0, -1, 0, 1, 0, 1, -1, 0, -1)"
Node_01595,5,[O O . | . . . | O X X],6,0.4091,4,"[3, 4, 5, 6]",,,-0.271,-0.3366,-0.271,0.4091,,,,"(-1, -1, 0, 0, 0, 0, -1, 1, 1)"
Node_01596,5,[O X O | O . . | . . X],7,0.3953,4,"[5, 6, 7, 8]",,,,,-0.088,-0.3057,0.3953,-0.1286,,"(-1, 1, -1, -1, 0, 0, 0, 0, 1)"
Node_01597,5,[. O X | O . . | . X O],5,0.3945,4,"[1, 5, 6, 7]",-0.09,,,,0.3945,-0.1,-0.1349,,,"(0, -1, 1, -1, 0, 0, 0, 1, -1)"
Node_01598,5,[. O X | X . O | . . O],1,0.3898,4,"[1, 5, 7, 8]",0.3898,,,,0.0354,,-0.1453,-0.09,,"(0, -1, 1, 1, 0, -1, 0, 0, -1)"
Node_01599,5,[X O . | . . X | O O .],9,0.3841,4,"[3, 4, 5, 9]",,,-0.1683,0.1314,-0.0967,,,,0.3841,"(1, -1, 0, 0, 0, 1, -1, -1, 0)"
Node_01600,5,[O . X | X O . | O . .],9,0.3835,4,"[2, 6, 8, 9]",,-0.4645,,,,0.0388,,-0.5574,0.3835,"(-1, 0, 1, 1, -1, 0, -1, 0, 0)"
Node_01601,5,[X O . | O . . | X O .],5,0.3802,4,"[3, 5, 6, 9]",,,0.0628,,0.3802,-0.081,,,0.0375,"(1, -1, 0, -1, 0, 0, 1, -1, 0)"
Node_01602,5,[X . O | X . . | O O .],9,0.3741,4,"[2, 5, 6, 9]",,-0.19,,,-0.1,0.0,,,0.3741,"(1, 0, -1, 1, 0, 0, -1, -1, 0)"
Node_01603,5,[X O . | O . X | O . .],9,0.3736,4,"[3, 5, 8, 9]",,,0.0,,0.0,,,-0.09,0.3736,"(1, -1, 0, -1, 0, 1, -1, 0, 0)"
Node_01604,5,[X O . | X . O | . O .],5,0.3709,4,"[3, 5, 7, 9]",,,-0.1,,0.3709,,0.271,,0.1275,"(1, -1, 0, 1, 0, -1, 0, -1, 0)"
Node_01605,5,[. X O | . O . | X O .],4,0.3686,4,"[1, 4, 6, 9]",-0.3013,,,0.3686,,-0.0185,,,-0.0962,"(0, 1, -1, 0, -1, 0, 1, -1, 0)"
Node_01606,5,[O O X | O . . | . X .],7,0.3668,4,"[5, 6, 7, 9]",,,,,-0.1377,-0.1,0.3668,,0.0633,"(-1, -1, 1, -1, 0, 0, 0, 1, 0)"
Node_01607,5,[X . . | O O X | . O .],2,0.3662,4,"[2, 3, 7, 9]",,0.3662,-0.0982,,,,-0.6757,,-0.4828,"(1, 0, 0, -1, -1, 1, 0, -1, 0)"
Node_01608,5,[O . . | X O O | . X .],9,0.3643,4,"[2, 3, 7, 9]",,-0.4686,-0.249,,,,-0.3059,,0.3643,"(-1, 0, 0, 1, -1, -1, 0, 1, 0)"
Node_01609,5,[X O O | . . X | . O .],5,0.3641,4,"[4, 5, 7, 9]",,,,-0.0662,0.3641,,0.2014,,-0.19,"(1, -1, -1, 0, 0, 1, 0, -1, 0)"
Node_01610,5,[O . O | O X . | X . .],2,0.3614,4,"[2, 6, 8, 9]",,0.3614,,,,-0.7868,,-0.3013,-0.3914,"(-1, 0, -1, -1, 1, 0, 1, 0, 0)"
Node_01611,5,[. . . | O X X | O O .],1,0.3588,4,"[1, 2, 3, 9]",0.3588,-0.4686,-0.283,,,,,,-0.3696,"(0, 0, 0, -1, 1, 1, -1, -1, 0)"
Node_01612,5,[. O O | X . . | . O X],5,0.3535,4,"[1, 5, 6, 7]",-0.2509,,,,0.3535,0.0252,0.0,,,"(0, -1, -1, 1, 0, 0, 0, -1, 1)"
Node_01613,5,[. O O | O X X | . . .],1,0.3522,4,"[1, 7, 8, 9]",0.3522,,,,,,-0.19,-0.5397,-0.1679,"(0, -1, -1, -1, 1, 1, 0, 0, 0)"
Node_01614,5,[X . . | O . X | O O .],9,0.3518,4,"[2, 3, 5, 9]",,-0.1,-0.1025,,0.0667,,,,0.3518,"(1, 0, 0, -1, 0, 1, -1, -1, 0)"
Node_01615,5,[. X . | O . O | X . O],3,0.3517,4,"[1, 3, 5, 8]",-0.271,,0.3517,,-0.0615,,,-0.5217,,"(0, 1, 0, -1, 0, -1, 1, 0, -1)"
Node_01616,5,[. X . | O . O | O . X],5,0.3516,4,"[1, 3, 5, 8]",0.1006,,-0.1,,0.3516,,,-0.1444,,"(0, 1, 0, -1, 0, -1, -1, 0, 1)"
Node_01617,5,[. O . | O X . | O X .],1,0.3489,4,"[1, 3, 6, 9]",0.3489,,-0.1539,,,-0.4885,,,-0.1907,"(0, -1, 0, -1, 1, 0, -1, 1, 0)"
Node_01618,5,[. X O | . . O | O X .],5,0.3439,4,"[1, 4, 5, 9]",-0.3439,,,-0.19,0.3439,,,,0.1364,"(0, 1, -1, 0, 0, -1, -1, 1, 0)"
Node_01619,5,[O . X | . . . | O O X],6,0.3439,4,"[2, 4, 5, 6]",,-0.3248,,0.1802,-0.0217,0.3439,,,,"(-1, 0, 1, 0, 0, 0, -1, -1, 1)"
Node_01620,5,[. X O | O . O | . X .],5,0.3439,4,"[1, 5, 7, 9]",0.1328,,,,0.3439,,-0.1,,0.1076,"(0, 1, -1, -1, 0, -1, 0, 1, 0)"
Node_01621,5,[X . . | O . O | . O X],5,0.3439,4,"[2, 3, 5, 7]",,-0.19,0.1152,,0.3439,,0.0674,,,"(1, 0, 0, -1, 0, -1, 0, -1, 1)"
Node_01622,5,[. O X | O . . | X O .],5,0.3439,4,"[1, 5, 6, 9]",0.0,,,,0.3439,0.1654,,,0.0911,"(0, -1, 1, -1, 0, 0, 1, -1, 0)"
Node_01623,5,[. O X | O . O | X . .],5,0.3439,4,"[1, 5, 8, 9]",-0.1,,,,0.3439,,,0.0037,0.1712,"(0, -1, 1, -1, 0, -1, 1, 0, 0)"
Node_01624,5,[. O O | X . O | X . .],1,0.3439,4,"[1, 5, 8, 9]",0.3439,,,,0.0556,,,-0.19,0.2543,"(0, -1, -1, 1, 0, -1, 1, 0, 0)"
Node_01625,5,[X O . | . . O | . O X],5,0.3439,4,"[3, 4, 5, 7]",,,-0.1377,0.3402,0.3439,,0.0,,,"(1, -1, 0, 0, 0, -1, 0, -1, 1)"
Node_01626,5,[O . X | . . O | X O .],5,0.3439,4,"[2, 4, 5, 9]",,-0.0867,,-0.1,0.3439,,,,-0.2868,"(-1, 0, 1, 0, 0, -1, 1, -1, 0)"
Node_01627,5,[O X . | O . O | . X .],5,0.3439,4,"[3, 5, 7, 9]",,,-0.1025,,0.3439,,-0.1,,-0.1,"(-1, 1, 0, -1, 0, -1, 0, 1, 0)"
Node_01628,5,[. . X | O . X | O O .],9,0.3439,4,"[1, 2, 5, 9]",-0.1683,-0.1067,,,0.184,,,,0.3439,"(0, 0, 1, -1, 0, 1, -1, -1, 0)"
Node_01629,5,[O X O | . . . | O X .],5,0.3439,4,"[4, 5, 6, 9]",,,,0.0475,0.3439,-0.1,,,0.1313,"(-1, 1, -1, 0, 0, 0, -1, 1, 0)"
Node_01630,5,[. O O | X . X | . . O],5,0.3439,4,"[1, 5, 7, 8]",0.108,,,,0.3439,,0.1143,-0.19,,"(0, -1, -1, 1, 0, 1, 0, 0, -1)"
Node_01631,5,[. O O | X . X | . O .],5,0.3439,4,"[1, 5, 7, 9]",-0.1525,,,,0.3439,,-0.0914,,-0.19,"(0, -1, -1, 1, 0, 1, 0, -1, 0)"
Node_01632,5,[O . . | X O . | O . X],3,0.3432,4,"[2, 3, 6, 8]",,-0.562,0.3432,,,-0.2162,,-0.5143,,"(-1, 0, 0, 1, -1, 0, -1, 0, 1)"
Node_01633,5,[O O . | . . X | O . X],4,0.3419,4,"[3, 4, 5, 8]",,,0.19,0.3419,0.0317,,,-0.19,,"(-1, -1, 0, 0, 0, 1, -1, 0, 1)"
Node_01634,5,[X . . | . O . | O X O],3,0.3401,4,"[2, 3, 4, 6]",,-0.1765,0.3401,-0.6063,,-0.4774,,,,"(1, 0, 0, 0, -1, 0, -1, 1, -1)"
Node_01635,5,[X O . | . O . | . X O],4,0.3401,4,"[3, 4, 6, 7]",,,-0.3417,0.3401,,-0.1483,-0.0595,,,"(1, -1, 0, 0, -1, 0, 0, 1, -1)"
Node_01636,5,[O . . | O . X | X O .],9,0.34,4,"[2, 3, 5, 9]",,0.0,-0.0317,,0.0596,,,,0.34,"(-1, 0, 0, -1, 0, 1, 1, -1, 0)"
Node_01637,5,[. X . | O . . | X O O],5,0.3371,4,"[1, 3, 5, 6]",0.0972,,0.149,,0.3371,-0.1,,,,"(0, 1, 0, -1, 0, 0, 1, -1, -1)"
Node_01638,5,[O X X | . O . | . O .],9,0.3342,4,"[4, 6, 7, 9]",,,,-0.7854,,-0.4754,-0.9818,,0.3342,"(-1, 1, 1, 0, -1, 0, 0, -1, 0)"
Node_01639,5,[. . O | . X . | X O O],6,0.3341,4,"[1, 2, 4, 6]",-0.451,-0.8856,,-0.542,,0.3341,,,,"(0, 0, -1, 0, 1, 0, 1, -1, -1)"
Node_01640,5,[. . . | O . O | X O X],5,0.3213,4,"[1, 2, 3, 5]",-0.0161,0.0,-0.1625,,0.3213,,,,,"(0, 0, 0, -1, 0, -1, 1, -1, 1)"
Node_01641,5,[O X O | . O . | . . X],7,0.3199,4,"[4, 6, 7, 8]",,,,-0.4229,,-0.5105,0.3199,-0.4055,,"(-1, 1, -1, 0, -1, 0, 0, 0, 1)"
Node_01642,5,[O O . | X . . | O . X],3,0.3177,4,"[3, 5, 6, 8]",,,0.3177,,0.0,-0.1044,,0.0,,"(-1, -1, 0, 1, 0, 0, -1, 0, 1)"
Node_01643,5,[X O O | . X . | . . O],6,0.3149,4,"[4, 6, 7, 8]",,,,-0.8205,,0.3149,-0.8023,-0.8056,,"(1, -1, -1, 0, 1, 0, 0, 0, -1)"
Node_01644,5,[O X . | . X . | . O O],7,0.3142,4,"[3, 4, 6, 7]",,,-0.4453,-0.8499,,-0.6111,0.3142,,,"(-1, 1, 0, 0, 1, 0, 0, -1, -1)"
Node_01645,5,[X O O | . . . | O . X],6,0.3105,4,"[4, 5, 6, 8]",,,,0.2677,0.19,0.3105,,-0.0281,,"(1, -1, -1, 0, 0, 0, -1, 0, 1)"
Node_01646,5,[O . . | O X . | . O X],7,0.3096,4,"[2, 3, 6, 7]",,-0.1897,-0.2785,,,-0.5222,0.3096,,,"(-1, 0, 0, -1, 1, 0, 0, -1, 1)"
Node_01647,5,[X . . | O . O | O X .],5,0.3093,4,"[2, 3, 5, 9]",,0.2096,0.0,,0.3093,,,,-0.0715,"(1, 0, 0, -1, 0, -1, -1, 1, 0)"
Node_01648,5,[. . O | . . X | O X O],5,0.3072,4,"[1, 2, 4, 5]",-0.1,0.108,,0.1152,0.3072,,,,,"(0, 0, -1, 0, 0, 1, -1, 1, -1)"
Node_01649,5,[O . X | . . O | . O X],5,0.3033,4,"[2, 4, 5, 7]",,-0.09,,0.0,0.3033,,0.0149,,,"(-1, 0, 1, 0, 0, -1, 0, -1, 1)"
Node_01650,5,[. O X | X . O | . O .],5,0.3016,4,"[1, 5, 7, 9]",-0.1397,,,,0.3016,,0.0517,,-0.271,"(0, -1, 1, 1, 0, -1, 0, -1, 0)"
Node_01651,5,[X X O | . . O | O . .],5,0.3008,4,"[4, 5, 8, 9]",,,,-0.271,0.3008,,,-0.513,-0.273,"(1, 1, -1, 0, 0, -1, -1, 0, 0)"
Node_01652,5,[X O . | . . O | O X .],5,0.2998,4,"[3, 4, 5, 9]",,,-0.1,-0.19,0.2998,,,,-0.0825,"(1, -1, 0, 0, 0, -1, -1, 1, 0)"
Node_01653,5,[X X . | O . O | . O .],5,0.299,4,"[3, 5, 7, 9]",,,0.271,,0.299,,-0.0692,,-0.1433,"(1, 1, 0, -1, 0, -1, 0, -1, 0)"
Node_01654,5,[. O . | . . O | O X X],1,0.2911,4,"[1, 3, 4, 5]",0.2911,,-0.09,-0.3779,-0.2509,,,,,"(0, -1, 0, 0, 0, -1, -1, 1, 1)"
Node_01655,5,[X . . | O X . | O . O],8,0.2891,4,"[2, 3, 6, 8]",,-0.1755,-0.6227,,,-0.9124,,0.2891,,"(1, 0, 0, -1, 1, 0, -1, 0, -1)"
Node_01656,5,[O X . | O . . | . O X],6,0.2873,4,"[3, 5, 6, 7]",,,-0.1,,0.0,0.2873,-0.171,,,"(-1, 1, 0, -1, 0, 0, 0, -1, 1)"
Node_01657,5,[. . X | X O O | O . .],2,0.2868,4,"[1, 2, 8, 9]",0.0875,0.2868,,,,,,-0.0904,-0.0729,"(0, 0, 1, 1, -1, -1, -1, 0, 0)"
Node_01658,5,[. O X | O . O | . X .],5,0.2866,4,"[1, 5, 7, 9]",-0.19,,,,0.2866,,0.0276,,-0.1,"(0, -1, 1, -1, 0, -1, 0, 1, 0)"
Node_01659,5,[. X . | . O O | X O .],4,0.2848,4,"[1, 3, 4, 9]",-0.2542,,-0.9205,0.2848,,,,,-0.7159,"(0, 1, 0, 0, -1, -1, 1, -1, 0)"
Node_01660,5,[. . O | O O X | . . X],7,0.2844,4,"[1, 2, 7, 8]",-0.988,-0.8272,,,,,0.2844,-0.6,,"(0, 0, -1, -1, -1, 1, 0, 0, 1)"
Node_01661,5,[O X O | . . O | X . .],9,0.2837,4,"[4, 5, 8, 9]",,,,-0.171,-0.19,,,-0.1,0.2837,"(-1, 1, -1, 0, 0, -1, 1, 0, 0)"
Node_01662,5,[. X X | O . . | O O .],9,0.2816,4,"[1, 5, 6, 9]",0.19,,,,-0.0583,0.0,,,0.2816,"(0, 1, 1, -1, 0, 0, -1, -1, 0)"
Node_01663,5,[. O . | . X . | O X O],6,0.2809,4,"[1, 3, 4, 6]",-0.1489,,-0.1401,0.0266,,0.2809,,,,"(0, -1, 0, 0, 1, 0, -1, 1, -1)"
Node_01664,5,[X . . | X . O | O . O],3,0.2801,4,"[2, 3, 5, 8]",,-0.0075,0.2801,,-0.4095,,,-0.1122,,"(1, 0, 0, 1, 0, -1, -1, 0, -1)"
Node_01665,5,[. X . | X O O | O . .],3,0.2774,4,"[1, 3, 8, 9]",-0.1195,,0.2774,,,,,-0.7458,-0.6781,"(0, 1, 0, 1, -1, -1, -1, 0, 0)"
Node_01666,5,[. O . | X . O | O . X],1,0.2735,4,"[1, 3, 5, 8]",0.2735,,-0.059,,0.1388,,,-0.09,,"(0, -1, 0, 1, 0, -1, -1, 0, 1)"
Node_01667,5,[. O X | . . X | O O .],9,0.271,4,"[1, 4, 5, 9]",-0.3169,,,-0.271,0.1286,,,,0.271,"(0, -1, 1, 0, 0, 1, -1, -1, 0)"
Node_01668,5,[. O X | O . X | O . .],9,0.271,4,"[1, 5, 8, 9]",-0.081,,,,-0.0838,,,-0.4095,0.271,"(0, -1, 1, -1, 0, 1, -1, 0, 0)"
Node_01669,5,[. . X | O . O | X . O],5,0.271,4,"[1, 2, 5, 8]",-0.018,-0.0238,,,0.271,,,0.1099,,"(0, 0, 1, -1, 0, -1, 1, 0, -1)"
Node_01670,5,[. O O | X . . | X O .],1,0.271,4,"[1, 5, 6, 9]",0.271,,,,-0.0848,-0.1615,,,-0.1025,"(0, -1, -1, 1, 0, 0, 1, -1, 0)"
Node_01671,5,[. . O | X . O | X O .],1,0.271,4,"[1, 2, 5, 9]",0.271,0.0252,,,-0.1,,,,-0.081,"(0, 0, -1, 1, 0, -1, 1, -1, 0)"
Node_01672,5,[O . . | X . X | O . O],5,0.271,4,"[2, 3, 5, 8]",,-0.2415,-0.19,,0.271,,,-0.1595,,"(-1, 0, 0, 1, 0, 1, -1, 0, -1)"
Node_01673,5,[O . . | O . O | . X X],7,0.271,4,"[2, 3, 5, 7]",,-0.0022,-0.0683,,-0.0909,,0.271,,,"(-1, 0, 0, -1, 0, -1, 0, 1, 1)"
Node_01674,5,[. O . | O . X | . O X],3,0.271,4,"[1, 3, 5, 7]",0.1217,,0.271,,0.0,,-0.1705,,,"(0, -1, 0, -1, 0, 1, 0, -1, 1)"
Node_01675,5,[. . . | X . O | O O X],5,0.2693,4,"[1, 2, 3, 5]",0.1314,-0.149,-0.0729,,0.2693,,,,,"(0, 0, 0, 1, 0, -1, -1, -1, 1)"
Node_01676,5,[. O X | . . O | . X O],5,0.2691,4,"[1, 4, 5, 7]",0.0,,,-0.09,0.2691,,-0.2634,,,"(0, -1, 1, 0, 0, -1, 0, 1, -1)"
Node_01677,5,[O . X | . . X | . O O],5,0.267,4,"[2, 4, 5, 7]",,-0.5217,,-0.1,0.267,,0.0189,,,"(-1, 0, 1, 0, 0, 1, 0, -1, -1)"
Node_01678,5,[. O . | X X O | O . .],9,0.2669,4,"[1, 3, 8, 9]",-0.4578,,-0.2714,,,,,-0.5039,0.2669,"(0, -1, 0, 1, 1, -1, -1, 0, 0)"
Node_01679,5,[. . X | . O . | O X O],1,0.2664,4,"[1, 2, 4, 6]",0.2664,-0.2455,,-0.1729,,-0.6126,,,,"(0, 0, 1, 0, -1, 0, -1, 1, -1)"
Node_01680,5,[. O X | . X O | O . .],1,0.266,4,"[1, 4, 8, 9]",0.266,,,-0.1697,,,,-0.2016,-0.1414,"(0, -1, 1, 0, 1, -1, -1, 0, 0)"
Node_01681,5,[. . O | X . O | O . X],5,0.2635,4,"[1, 2, 5, 8]",0.0602,-0.249,,,0.2635,,,-0.7176,,"(0, 0, -1, 1, 0, -1, -1, 0, 1)"
Node_01682,5,[. X O | O . . | . O X],1,0.2603,4,"[1, 5, 6, 7]",0.2603,,,,0.1148,-0.3439,0.0,,,"(0, 1, -1, -1, 0, 0, 0, -1, 1)"
Node_01683,5,[X X O | O . . | . O .],9,0.259,4,"[5, 6, 7, 9]",,,,,-0.0662,-0.19,-0.2539,,0.259,"(1, 1, -1, -1, 0, 0, 0, -1, 0)"
Node_01684,5,[O X . | . O X | . O .],9,0.2553,4,"[3, 4, 7, 9]",,,0.1709,-0.4095,,,-0.3876,,0.2553,"(-1, 1, 0, 0, -1, 1, 0, -1, 0)"
Node_01685,5,[X . O | O . . | X O .],5,0.2551,4,"[2, 5, 6, 9]",,-0.5695,,,0.2551,-0.1976,,,-0.0572,"(1, 0, -1, -1, 0, 0, 1, -1, 0)"
Node_01686,5,[. X . | O . O | X O .],5,0.2542,4,"[1, 3, 5, 9]",-0.3932,,0.0037,,0.2542,,,,-0.19,"(0, 1, 0, -1, 0, -1, 1, -1, 0)"
Node_01687,5,[X . . | O O X | . . O],2,0.2528,4,"[2, 3, 7, 8]",,0.2528,0.0423,,,,-0.0792,-0.1417,,"(1, 0, 0, -1, -1, 1, 0, 0, -1)"
Node_01688,5,[X O . | X . . | . O O],3,0.2524,4,"[3, 5, 6, 7]",,,0.2524,,-0.1,-0.19,0.19,,,"(1, -1, 0, 1, 0, 0, 0, -1, -1)"
Node_01689,5,[X . . | . . O | O X O],3,0.2454,4,"[2, 3, 4, 5]",,-0.1,0.2454,-0.1,-0.1025,,,,,"(1, 0, 0, 0, 0, -1, -1, 1, -1)"
Node_01690,5,[O . . | X X O | . . O],3,0.2436,4,"[2, 3, 7, 8]",,-0.5061,0.2436,,,,-0.7225,-0.4128,,"(-1, 0, 0, 1, 1, -1, 0, 0, -1)"
Node_01691,5,[. O . | O . X | X O .],5,0.2433,4,"[1, 3, 5, 9]",-0.2366,,-0.2645,,0.2433,,,,-0.0304,"(0, -1, 0, -1, 0, 1, 1, -1, 0)"
Node_01692,5,[. . X | O . . | O X O],1,0.2422,4,"[1, 2, 5, 6]",0.2422,0.1801,,,-0.2324,-0.4317,,,,"(0, 0, 1, -1, 0, 0, -1, 1, -1)"
Node_01693,5,[O . . | X . . | O O X],6,0.242,4,"[2, 3, 5, 6]",,-0.09,0.1753,,0.0,0.242,,,,"(-1, 0, 0, 1, 0, 0, -1, -1, 1)"
Node_01694,5,[O X O | . . X | O . .],5,0.241,4,"[4, 5, 8, 9]",,,,-0.1339,0.241,,,-0.271,-0.19,"(-1, 1, -1, 0, 0, 1, -1, 0, 0)"
Node_01695,5,[O O X | X . O | . . .],5,0.2399,4,"[5, 7, 8, 9]",,,,,0.2399,,-0.1,0.0,-0.1,"(-1, -1, 1, 1, 0, -1, 0, 0, 0)"
Node_01696,5,[O . X | O . . | . X O],5,0.2392,4,"[2, 5, 6, 7]",,-0.1,,,0.2392,-0.4686,0.0,,,"(-1, 0, 1, -1, 0, 0, 0, 1, -1)"
Node_01697,5,[. X . | O . O | . O X],1,0.2316,4,"[1, 3, 5, 7]",0.2316,,-0.4686,,-0.1571,,-0.1,,,"(0, 1, 0, -1, 0, -1, 0, -1, 1)"
Node_01698,5,[X O O | O . X | . . .],5,0.2307,4,"[5, 7, 8, 9]",,,,,0.2307,,-0.1,-0.2556,-0.2826,"(1, -1, -1, -1, 0, 1, 0, 0, 0)"
Node_01699,5,[. . . | O . X | X O O],5,0.2304,4,"[1, 2, 3, 5]",-0.171,0.0,0.0312,,0.2304,,,,,"(0, 0, 0, -1, 0, 1, 1, -1, -1)"
Node_01700,5,[. O . | . O X | O X .],3,0.2266,4,"[1, 3, 4, 9]",-0.5217,,0.2266,-0.3439,,,,,-0.2137,"(0, -1, 0, 0, -1, 1, -1, 1, 0)"
Node_01701,5,[. O O | O . X | X . .],8,0.224,4,"[1, 5, 8, 9]",-0.181,,,,-0.271,,,0.224,-0.2487,"(0, -1, -1, -1, 0, 1, 1, 0, 0)"
Node_01702,5,[O X X | O . . | . . O],5,0.2199,4,"[5, 6, 7, 8]",,,,,0.2199,-0.4095,-0.3092,-0.3332,,"(-1, 1, 1, -1, 0, 0, 0, 0, -1)"
Node_01703,5,[O X X | O . O | . . .],7,0.2193,4,"[5, 7, 8, 9]",,,,,-0.004,,0.2193,-0.1,-0.19,"(-1, 1, 1, -1, 0, -1, 0, 0, 0)"
Node_01704,5,[. O . | X X O | . . O],3,0.2189,4,"[1, 3, 7, 8]",-0.6374,,0.2189,,,,-0.6007,-0.5967,,"(0, -1, 0, 1, 1, -1, 0, 0, -1)"
Node_01705,5,[O X . | X . O | O . .],5,0.2185,4,"[3, 5, 8, 9]",,,-0.3439,,0.2185,,,-0.0493,0.0,"(-1, 1, 0, 1, 0, -1, -1, 0, 0)"
Node_01706,5,[O O . | . X O | . X .],3,0.2143,4,"[3, 4, 7, 9]",,,0.2143,-0.6491,,,-0.4242,,-0.8773,"(-1, -1, 0, 0, 1, -1, 0, 1, 0)"
Node_01707,5,[X . . | X . O | O O .],5,0.2128,4,"[2, 3, 5, 9]",,-0.2364,-0.4686,,0.2128,,,,-0.0232,"(1, 0, 0, 1, 0, -1, -1, -1, 0)"
Node_01708,5,[. O O | . . X | X . O],1,0.2128,4,"[1, 4, 5, 8]",0.2128,,,-0.1961,0.0,,,-0.2366,,"(0, -1, -1, 0, 0, 1, 1, 0, -1)"
Node_01709,5,[. O O | X . . | O . X],5,0.2103,4,"[1, 5, 6, 8]",-0.2113,,,,0.2103,-0.19,,-0.1,,"(0, -1, -1, 1, 0, 0, -1, 0, 1)"
Node_01710,5,[. X O | . X O | . O .],9,0.2092,4,"[1, 4, 7, 9]",-0.0725,,,-0.0729,,,-0.1319,,0.2092,"(0, 1, -1, 0, 1, -1, 0, -1, 0)"
Node_01711,5,[. . X | X O O | . O .],2,0.2063,4,"[1, 2, 7, 9]",-0.5294,0.2063,,,,,-0.7525,,-0.9387,"(0, 0, 1, 1, -1, -1, 0, -1, 0)"
Node_01712,5,[. O . | . X O | O X .],1,0.2037,4,"[1, 3, 4, 9]",0.2037,,-0.096,-0.829,,,,,-0.4101,"(0, -1, 0, 0, 1, -1, -1, 1, 0)"
Node_01713,5,[. . O | O X . | X O .],9,0.2036,4,"[1, 2, 6, 9]",-0.1579,-0.2456,,,,-0.1986,,,0.2036,"(0, 0, -1, -1, 1, 0, 1, -1, 0)"
Node_01714,5,[. . . | O X X | . O O],7,0.2027,4,"[1, 2, 3, 7]",0.0,-0.2629,0.1812,,,,0.2027,,,"(0, 0, 0, -1, 1, 1, 0, -1, -1)"
Node_01715,5,[X . O | . . X | . O O],7,0.2008,4,"[2, 4, 5, 7]",,-0.3366,,0.0276,0.0285,,0.2008,,,"(1, 0, -1, 0, 0, 1, 0, -1, -1)"
Node_01716,5,[O X . | O . O | . . X],7,0.1999,4,"[3, 5, 7, 8]",,,-0.271,,-0.19,,0.1999,-0.2398,,"(-1, 1, 0, -1, 0, -1, 0, 0, 1)"
Node_01717,5,[. . O | O O X | X . .],9,0.1987,4,"[1, 2, 8, 9]",-0.0478,-0.0818,,,,,,0.0762,0.1987,"(0, 0, -1, -1, -1, 1, 1, 0, 0)"
Node_01718,5,[X X O | . . . | O O .],5,0.1978,4,"[4, 5, 6, 9]",,,,-0.1,0.1978,-0.19,,,-0.3439,"(1, 1, -1, 0, 0, 0, -1, -1, 0)"
Node_01719,5,[X O X | . . . | O O .],5,0.1969,4,"[4, 5, 6, 9]",,,,-0.4686,0.1969,-0.271,,,-0.1,"(1, -1, 1, 0, 0, 0, -1, -1, 0)"
Node_01720,5,[. . X | O O X | . . O],1,0.1952,4,"[1, 2, 7, 8]",0.1952,-0.4741,,,,,-0.9691,-0.672,,"(0, 0, 1, -1, -1, 1, 0, 0, -1)"
Node_01721,5,[O . . | . . X | O X O],5,0.1941,4,"[2, 3, 4, 5]",,-0.1,-0.3439,-0.39,0.1941,,,,,"(-1, 0, 0, 0, 0, 1, -1, 1, -1)"
Node_01722,5,[. O O | . . X | . O X],5,0.1915,4,"[1, 4, 5, 7]",-0.1585,,,0.0317,0.1915,,0.0,,,"(0, -1, -1, 0, 0, 1, 0, -1, 1)"
Node_01723,5,[X O . | . . O | O . X],5,0.19,4,"[3, 4, 5, 8]",,,0.1152,0.0276,0.19,,,-0.0671,,"(1, -1, 0, 0, 0, -1, -1, 0, 1)"
Node_01724,5,[O O . | O . . | X X .],9,0.19,4,"[3, 5, 6, 9]",,,0.0565,,0.0053,0.0763,,,0.19,"(-1, -1, 0, -1, 0, 0, 1, 1, 0)"
Node_01725,5,[. . X | O . O | X O .],5,0.19,4,"[1, 2, 5, 9]",0.0095,0.0195,,,0.19,,,,0.0,"(0, 0, 1, -1, 0, -1, 1, -1, 0)"
Node_01726,5,[. O . | X . O | X . O],1,0.19,4,"[1, 3, 5, 8]",0.19,,0.1432,,-0.1763,,,-0.1946,,"(0, -1, 0, 1, 0, -1, 1, 0, -1)"
Node_01727,5,[. O O | . . X | O . X],5,0.1888,4,"[1, 4, 5, 8]",-0.0581,,,-0.3321,0.1888,,,-0.19,,"(0, -1, -1, 0, 0, 1, -1, 0, 1)"
Node_01728,5,[. O . | X O O | . . X],8,0.1877,4,"[1, 3, 7, 8]",-0.5403,,-0.6194,,,,-0.4387,0.1877,,"(0, -1, 0, 1, -1, -1, 0, 0, 1)"
Node_01729,5,[X . O | O . O | . X .],5,0.1854,4,"[2, 5, 7, 9]",,-0.3439,,,0.1854,,0.1496,,-0.1229,"(1, 0, -1, -1, 0, -1, 0, 1, 0)"
Node_01730,5,[. O . | . O . | X X O],1,0.1832,4,"[1, 3, 4, 6]",0.1832,,-0.9988,-0.9028,,-0.9215,,,,"(0, -1, 0, 0, -1, 0, 1, 1, -1)"
Node_01731,5,[. . O | O X X | . . O],2,0.1829,4,"[1, 2, 7, 8]",-0.2054,0.1829,,,,,-0.173,-0.2175,,"(0, 0, -1, -1, 1, 1, 0, 0, -1)"
Node_01732,5,[. . O | X . O | . O X],1,0.1818,4,"[1, 2, 5, 7]",0.1818,0.0,,,-0.0824,,0.0854,,,"(0, 0, -1, 1, 0, -1, 0, -1, 1)"
Node_01733,5,[X O O | O . . | . X .],7,0.1809,4,"[5, 6, 7, 9]",,,,,0.1684,-0.1,0.1809,,0.1549,"(1, -1, -1, -1, 0, 0, 0, 1, 0)"
Node_01734,5,[. O . | O O X | X . .],8,0.1797,4,"[1, 3, 8, 9]",-0.5681,,-0.7049,,,,,0.1797,-0.4345,"(0, -1, 0, -1, -1, 1, 1, 0, 0)"
Node_01735,5,[. O . | O X X | . . O],7,0.1779,4,"[1, 3, 7, 8]",-0.0915,,-0.7288,,,,0.1779,-0.8854,,"(0, -1, 0, -1, 1, 1, 0, 0, -1)"
Node_01736,5,[. O . | . . X | X O O],5,0.1769,4,"[1, 3, 4, 5]",0.0,,-0.0825,-0.1,0.1769,,,,,"(0, -1, 0, 0, 0, 1, 1, -1, -1)"
Node_01737,5,[O . X | O . O | . . X],7,0.1765,4,"[2, 5, 7, 8]",,-0.19,,,0.0,,0.1765,-0.19,,"(-1, 0, 1, -1, 0, -1, 0, 0, 1)"
Node_01738,5,[. X O | . . O | . O X],5,0.1762,4,"[1, 4, 5, 7]",-0.1643,,,-0.126,0.1762,,-0.19,,,"(0, 1, -1, 0, 0, -1, 0, -1, 1)"
Node_01739,5,[. O X | O O . | . X .],6,0.1756,4,"[1, 6, 7, 9]",-0.4594,,,,,0.1756,-0.4723,,-0.222,"(0, -1, 1, -1, -1, 0, 0, 1, 0)"
Node_01740,5,[O . . | X X O | O . .],8,0.1743,4,"[2, 3, 8, 9]",,-0.0881,-0.0817,,,,,0.1743,-0.0958,"(-1, 0, 0, 1, 1, -1, -1, 0, 0)"
Node_01741,5,[O O X | . . O | . X .],7,0.1704,4,"[4, 5, 7, 9]",,,,-0.1,0.0549,,0.1704,,0.0773,"(-1, -1, 1, 0, 0, -1, 0, 1, 0)"
Node_01742,5,[X . O | O . X | O . .],9,0.1695,4,"[2, 5, 8, 9]",,-0.4686,,,-0.0708,,,-0.271,0.1695,"(1, 0, -1, -1, 0, 1, -1, 0, 0)"
Node_01743,5,[. . O | O X X | O . .],1,0.1691,4,"[1, 2, 8, 9]",0.1691,-0.5867,,,,,,-0.4476,-0.3202,"(0, 0, -1, -1, 1, 1, -1, 0, 0)"
Node_01744,5,[X O . | O X . | . . O],3,0.168,4,"[3, 6, 7, 8]",,,0.168,,,-0.3294,-0.0343,-0.171,,"(1, -1, 0, -1, 1, 0, 0, 0, -1)"
Node_01745,5,[. X O | O X . | . O .],9,0.167,4,"[1, 6, 7, 9]",-0.6767,,,,,-0.7794,-0.2348,,0.167,"(0, 1, -1, -1, 1, 0, 0, -1, 0)"
Node_01746,5,[O X . | O . . | X O .],5,0.1656,4,"[3, 5, 6, 9]",,,-0.1025,,0.1656,-0.09,,,0.0,"(-1, 1, 0, -1, 0, 0, 1, -1, 0)"
Node_01747,5,[X . . | O . O | X . O],3,0.1624,4,"[2, 3, 5, 8]",,-0.1227,0.1624,,-0.212,,,-0.3439,,"(1, 0, 0, -1, 0, -1, 1, 0, -1)"
Node_01748,5,[. . O | X O . | . X O],1,0.1613,4,"[1, 2, 6, 7]",0.1613,-0.4095,,,,-0.271,-0.1762,,,"(0, 0, -1, 1, -1, 0, 0, 1, -1)"
Node_01749,5,[X O . | X . O | O . .],5,0.1596,4,"[3, 5, 8, 9]",,,-0.1629,,0.1596,,,-0.1,-0.0659,"(1, -1, 0, 1, 0, -1, -1, 0, 0)"
Node_01750,5,[X . . | O . . | O X O],3,0.157,4,"[2, 3, 5, 6]",,0.1519,0.157,,0.1521,-0.1,,,,"(1, 0, 0, -1, 0, 0, -1, 1, -1)"
Node_01751,5,[O . X | X . . | O O .],9,0.1561,4,"[2, 5, 6, 9]",,-0.2556,,,-0.4582,-0.0134,,,0.1561,"(-1, 0, 1, 1, 0, 0, -1, -1, 0)"
Node_01752,5,[. . O | . X O | X O .],9,0.1534,4,"[1, 2, 4, 9]",-0.1261,-0.4484,,-0.6248,,,,,0.1534,"(0, 0, -1, 0, 1, -1, 1, -1, 0)"
Node_01753,5,[. . . | O . O | O X X],2,0.1521,4,"[1, 2, 3, 5]",-0.1661,0.1521,-0.3439,,0.1097,,,,,"(0, 0, 0, -1, 0, -1, -1, 1, 1)"
Node_01754,5,[. O X | . O . | O X .],9,0.151,4,"[1, 4, 6, 9]",-0.257,,,-0.1682,,0.0601,,,0.151,"(0, -1, 1, 0, -1, 0, -1, 1, 0)"
Node_01755,5,[O O . | . . . | X O X],3,0.1504,4,"[3, 4, 5, 6]",,,0.1504,-0.3439,-0.3041,-0.0377,,,,"(-1, -1, 0, 0, 0, 0, 1, -1, 1)"
Node_01756,5,[O . X | X . O | . . O],5,0.1502,4,"[2, 5, 7, 8]",,-0.1,,,0.1502,,-0.0106,-0.271,,"(-1, 0, 1, 1, 0, -1, 0, 0, -1)"
Node_01757,5,[. O . | O . X | X . O],5,0.1495,4,"[1, 3, 5, 8]",-0.2195,,-0.1727,,0.1495,,,-0.3439,,"(0, -1, 0, -1, 0, 1, 1, 0, -1)"
Node_01758,5,[. . O | X . . | O X O],5,0.1462,4,"[1, 2, 5, 6]",-0.1,-0.1025,,,0.1462,-0.0246,,,,"(0, 0, -1, 1, 0, 0, -1, 1, -1)"
Node_01759,5,[. X O | O . X | . . O],5,0.1455,4,"[1, 5, 7, 8]",-0.081,,,,0.1455,,-0.1,-0.1,,"(0, 1, -1, -1, 0, 1, 0, 0, -1)"
Node_01760,5,[. O . | X . . | O X O],5,0.1417,4,"[1, 3, 5, 6]",-0.171,,0.0,,0.1417,-0.1064,,,,"(0, -1, 0, 1, 0, 0, -1, 1, -1)"
Node_01761,5,[. X . | O O . | . O X],6,0.1406,4,"[1, 3, 6, 7]",-0.3306,,-0.4603,,,0.1406,-0.5982,,,"(0, 1, 0, -1, -1, 0, 0, -1, 1)"
Node_01762,5,[O X O | . . X | . O .],5,0.1396,4,"[4, 5, 7, 9]",,,,-0.0335,0.1396,,-0.1,,-0.316,"(-1, 1, -1, 0, 0, 1, 0, -1, 0)"
Node_01763,5,[. O X | X . . | . O O],5,0.139,4,"[1, 5, 6, 7]",-0.3316,,,,0.139,-0.0769,-0.2568,,,"(0, -1, 1, 1, 0, 0, 0, -1, -1)"
Node_01764,5,[O . X | O . X | . . O],5,0.1386,4,"[2, 5, 7, 8]",,-0.1,,,0.1386,,-0.0914,-0.5695,,"(-1, 0, 1, -1, 0, 1, 0, 0, -1)"
Node_01765,5,[X X O | . . O | . O .],5,0.1354,4,"[4, 5, 7, 9]",,,,-0.3439,0.1354,,-0.1084,,-0.19,"(1, 1, -1, 0, 0, -1, 0, -1, 0)"
Node_01766,5,[O X . | . . X | O . O],5,0.134,4,"[3, 4, 5, 8]",,,-0.271,-0.2683,0.134,,,-0.3439,,"(-1, 1, 0, 0, 0, 1, -1, 0, -1)"
Node_01767,5,[X O O | . . X | . . O],7,0.1336,4,"[4, 5, 7, 8]",,,,-0.338,0.0295,,0.1336,-0.1539,,"(1, -1, -1, 0, 0, 1, 0, 0, -1)"
Node_01768,5,[O X . | O . X | . O .],9,0.1323,4,"[3, 5, 7, 9]",,,0.0,,0.0,,-0.1,,0.1323,"(-1, 1, 0, -1, 0, 1, 0, -1, 0)"
Node_01769,5,[O O . | . . . | X X O],3,0.131,4,"[3, 4, 5, 6]",,,0.131,-0.271,-0.1,-0.271,,,,"(-1, -1, 0, 0, 0, 0, 1, 1, -1)"
Node_01770,5,[X X O | . O . | . O .],7,0.1308,4,"[4, 6, 7, 9]",,,,-0.1471,,-0.8287,0.1308,,-0.9852,"(1, 1, -1, 0, -1, 0, 0, -1, 0)"
Node_01771,5,[O X . | . . . | X O O],5,0.1294,4,"[3, 4, 5, 6]",,,-0.2282,-0.3439,0.1294,-0.2319,,,,"(-1, 1, 0, 0, 0, 0, 1, -1, -1)"
Node_01772,5,[. O X | . . O | X O .],4,0.1275,4,"[1, 4, 5, 9]",0.0824,,,0.1275,0.0,,,,-0.1703,"(0, -1, 1, 0, 0, -1, 1, -1, 0)"
Node_01773,5,[. X . | O O X | . . O],1,0.1269,4,"[1, 3, 7, 8]",0.1269,,-0.2423,,,,-0.2285,-0.3439,,"(0, 1, 0, -1, -1, 1, 0, 0, -1)"
Node_01774,5,[. O X | . . O | O . X],5,0.1264,4,"[1, 4, 5, 8]",-0.3964,,,-0.3219,0.1264,,,-0.4262,,"(0, -1, 1, 0, 0, -1, -1, 0, 1)"
Node_01775,5,[O O X | . . . | . X O],5,0.1224,4,"[4, 5, 6, 7]",,,,-0.3439,0.1224,-0.5695,-0.2473,,,"(-1, -1, 1, 0, 0, 0, 0, 1, -1)"
Node_01776,5,[O X . | . O . | . O X],3,0.1204,4,"[3, 4, 6, 7]",,,0.1204,-0.0792,,0.1192,-0.1522,,,"(-1, 1, 0, 0, -1, 0, 0, -1, 1)"
Node_01777,5,[O X O | . X . | . O .],4,0.1134,4,"[4, 6, 7, 9]",,,,0.1134,,-0.0569,-0.1419,,-0.053,"(-1, 1, -1, 0, 1, 0, 0, -1, 0)"
Node_01778,5,[. X O | . X . | O O .],9,0.1131,4,"[1, 4, 6, 9]",-0.2658,,,-0.3931,,-0.7013,,,0.1131,"(0, 1, -1, 0, 1, 0, -1, -1, 0)"
Node_01779,5,[X O X | . . O | O . .],5,0.1112,4,"[4, 5, 8, 9]",,,,-0.2629,0.1112,,,-0.1607,-0.2641,"(1, -1, 1, 0, 0, -1, -1, 0, 0)"
Node_01780,5,[. O . | . . O | X X O],5,0.11,4,"[1, 3, 4, 5]",-0.1198,,-0.1602,-0.1525,0.11,,,,,"(0, -1, 0, 0, 0, -1, 1, 1, -1)"
Node_01781,5,[. X O | . . X | O . O],5,0.1067,4,"[1, 4, 5, 8]",-0.271,,,-0.0534,0.1067,,,-0.19,,"(0, 1, -1, 0, 0, 1, -1, 0, -1)"
Node_01782,5,[. O . | . O . | O X X],3,0.1056,4,"[1, 3, 4, 6]",-0.9576,,0.1056,-0.7209,,-0.3071,,,,"(0, -1, 0, 0, -1, 0, -1, 1, 1)"
Node_01783,5,[O O . | . . X | X . O],3,0.1028,4,"[3, 4, 5, 8]",,,0.1028,-0.2723,0.0674,,,-0.271,,"(-1, -1, 0, 0, 0, 1, 1, 0, -1)"
Node_01784,5,[O O . | X . . | X . O],5,0.1023,4,"[3, 5, 6, 8]",,,-0.2638,,0.1023,-0.2352,,-0.5217,,"(-1, -1, 0, 1, 0, 0, 1, 0, -1)"
Node_01785,5,[O . . | O X X | . . O],7,0.1016,4,"[2, 3, 7, 8]",,-0.535,-0.7213,,,,0.1016,-0.7347,,"(-1, 0, 0, -1, 1, 1, 0, 0, -1)"
Node_01786,5,[. O O | . . . | X X O],4,0.0985,4,"[1, 4, 5, 6]",-0.19,,,0.0985,-0.3439,-0.2366,,,,"(0, -1, -1, 0, 0, 0, 1, 1, -1)"
Node_01787,5,[O X . | . . O | X O .],5,0.0984,4,"[3, 4, 5, 9]",,,-0.1,0.0,0.0984,,,,0.0,"(-1, 1, 0, 0, 0, -1, 1, -1, 0)"
Node_01788,5,[O . . | X O O | . . X],7,0.094,4,"[2, 3, 7, 8]",,-0.149,-0.143,,,,0.094,-0.0293,,"(-1, 0, 0, 1, -1, -1, 0, 0, 1)"
Node_01789,5,[. . O | O . X | . X O],5,0.0933,4,"[1, 2, 5, 7]",0.0,0.0015,,,0.0933,,-0.181,,,"(0, 0, -1, -1, 0, 1, 0, 1, -1)"
Node_01790,5,[O . . | X O O | X . .],9,0.089,4,"[2, 3, 8, 9]",,-0.9312,-0.9903,,,,,-0.4448,0.089,"(-1, 0, 0, 1, -1, -1, 1, 0, 0)"
Node_01791,5,[. X . | X O . | . O O],1,0.0817,4,"[1, 3, 6, 7]",0.0817,,-0.0127,,,0.0,-0.1306,,,"(0, 1, 0, 1, -1, 0, 0, -1, -1)"
Node_01792,5,[. X . | X . O | O . O],8,0.0805,4,"[1, 3, 5, 8]",0.0317,,-0.0894,,-0.05,,,0.0805,,"(0, 1, 0, 1, 0, -1, -1, 0, -1)"
Node_01793,5,[O . O | X . . | . O X],5,0.0753,4,"[2, 5, 6, 7]",,0.0,,,0.0753,-0.19,-0.271,,,"(-1, 0, -1, 1, 0, 0, 0, -1, 1)"
Node_01794,5,[X O . | X . . | O O .],5,0.0729,4,"[3, 5, 6, 9]",,,-0.4095,,0.0729,-0.1344,,,-0.2438,"(1, -1, 0, 1, 0, 0, -1, -1, 0)"
Node_01795,5,[. X O | O . O | X . .],5,0.0717,4,"[1, 5, 8, 9]",-0.4095,,,,0.0717,,,-0.1,-0.0221,"(0, 1, -1, -1, 0, -1, 1, 0, 0)"
Node_01796,5,[. O X | O X . | O . .],1,0.0709,4,"[1, 6, 8, 9]",0.0709,,,,,-0.4622,,-0.4336,-0.1267,"(0, -1, 1, -1, 1, 0, -1, 0, 0)"
Node_01797,5,[O X O | X . . | . . O],5,0.0687,4,"[5, 6, 7, 8]",,,,,0.0687,-0.3312,-0.3439,-0.2293,,"(-1, 1, -1, 1, 0, 0, 0, 0, -1)"
Node_01798,5,[O O X | . X . | O . .],4,0.0681,4,"[4, 6, 8, 9]",,,,0.0681,,-0.0752,,-0.5611,-0.7652,"(-1, -1, 1, 0, 1, 0, -1, 0, 0)"
Node_01799,5,[. . O | X X O | . O .],9,0.0676,4,"[1, 2, 7, 9]",-0.7416,-0.2687,,,,,-0.6885,,0.0676,"(0, 0, -1, 1, 1, -1, 0, -1, 0)"
Node_01800,5,[O . O | . X O | . . X],2,0.0641,4,"[2, 4, 7, 8]",,0.0641,,-0.8134,,,-0.2867,-0.5698,,"(-1, 0, -1, 0, 1, -1, 0, 0, 1)"
Node_01801,5,[. O O | . X . | O X .],1,0.0539,4,"[1, 4, 6, 9]",0.0539,,,-0.8126,,-0.2766,,,-0.3272,"(0, -1, -1, 0, 1, 0, -1, 1, 0)"
Node_01802,5,[. . X | . X O | O O .],9,0.0515,4,"[1, 2, 4, 9]",-0.0968,-0.2022,,-0.4991,,,,,0.0515,"(0, 0, 1, 0, 1, -1, -1, -1, 0)"
Node_01803,5,[O . . | X O X | O . .],9,0.0493,4,"[2, 3, 8, 9]",,-0.8499,-0.0495,,,,,-0.6513,0.0493,"(-1, 0, 0, 1, -1, 1, -1, 0, 0)"
Node_01804,5,[O O X | . . . | O X .],9,0.0456,4,"[4, 5, 6, 9]",,,,-0.1531,-0.4095,-0.3439,,,0.0456,"(-1, -1, 1, 0, 0, 0, -1, 1, 0)"
Node_01805,5,[O . . | . X . | O O X],4,0.0433,4,"[2, 3, 4, 6]",,-0.7485,-0.5115,0.0433,,-0.2731,,,,"(-1, 0, 0, 0, 1, 0, -1, -1, 1)"
Node_01806,5,[O O . | . . X | X O .],9,0.0387,4,"[3, 4, 5, 9]",,,-0.1,-0.1302,-0.1683,,,,0.0387,"(-1, -1, 0, 0, 0, 1, 1, -1, 0)"
Node_01807,5,[. . X | O . O | O X .],1,0.0361,4,"[1, 2, 5, 9]",0.0361,-0.0028,,,-0.0996,,,,-0.4686,"(0, 0, 1, -1, 0, -1, -1, 1, 0)"
Node_01808,5,[O O . | . X . | . X O],3,0.0334,4,"[3, 4, 6, 7]",,,0.0334,-0.4357,,-0.5392,-0.6608,,,"(-1, -1, 0, 0, 1, 0, 0, 1, -1)"
Node_01809,5,[O . . | O X X | . O .],7,0.0332,4,"[2, 3, 7, 9]",,-0.2712,-0.0396,,,,0.0332,,-0.7533,"(-1, 0, 0, -1, 1, 1, 0, -1, 0)"
Node_01810,5,[. . O | X O O | . X .],7,0.0331,4,"[1, 2, 7, 9]",-0.271,-0.3439,,,,,0.0331,,-0.1058,"(0, 0, -1, 1, -1, -1, 0, 1, 0)"
Node_01811,5,[. X . | O X . | . O O],7,0.0312,4,"[1, 3, 6, 7]",-0.5238,,-0.1524,,,-0.638,0.0312,,,"(0, 1, 0, -1, 1, 0, 0, -1, -1)"
Node_01812,5,[X . . | O X . | . O O],7,0.0288,4,"[2, 3, 6, 7]",,-0.6126,-0.0774,,,-0.5306,0.0288,,,"(1, 0, 0, -1, 1, 0, 0, -1, -1)"
Node_01813,5,[O . . | X . O | X O .],5,0.0242,4,"[2, 3, 5, 9]",,-0.2129,0.0034,,0.0242,,,,-0.19,"(-1, 0, 0, 1, 0, -1, 1, -1, 0)"
Node_01814,5,[. . O | O . O | X X .],5,0.0239,4,"[1, 2, 5, 9]",-0.1229,0.0,,,0.0239,,,,0.0,"(0, 0, -1, -1, 0, -1, 1, 1, 0)"
Node_01815,5,[. . X | O . X | . O O],5,0.0165,4,"[1, 2, 5, 7]",-0.3244,-0.439,,,0.0165,,-0.2235,,,"(0, 0, 1, -1, 0, 1, 0, -1, -1)"
Node_01816,5,[. O . | O X . | . X O],3,0.0161,4,"[1, 3, 6, 7]",-0.1295,,0.0161,,,-0.881,-0.6037,,,"(0, -1, 0, -1, 1, 0, 0, 1, -1)"
Node_01817,5,[. X O | X . . | O . O],5,0.0148,4,"[1, 5, 6, 8]",-0.271,,,,0.0148,-0.19,,-0.065,,"(0, 1, -1, 1, 0, 0, -1, 0, -1)"
Node_01818,5,[X O . | O . . | X . O],5,0.011,4,"[3, 5, 6, 8]",,,-0.4596,,0.011,-0.1556,,-0.2998,,"(1, -1, 0, -1, 0, 0, 1, 0, -1)"
Node_01819,5,[. O . | O X X | O . .],1,0.0072,4,"[1, 3, 8, 9]",0.0072,,-0.2973,,,,,-0.7363,-0.3693,"(0, -1, 0, -1, 1, 1, -1, 0, 0)"
Node_01820,5,[O . . | X . O | . X O],5,0.0063,4,"[2, 3, 5, 7]",,-0.08,-0.1539,,0.0063,,-0.3439,,,"(-1, 0, 0, 1, 0, -1, 0, 1, -1)"
Node_01821,5,[. . X | . X O | O . O],8,0.0058,4,"[1, 2, 4, 8]",-0.6409,-0.7396,,-0.8724,,,,0.0058,,"(0, 0, 1, 0, 1, -1, -1, 0, -1)"
Node_01822,5,[X O . | . X O | . . O],3,0.0048,4,"[3, 4, 7, 8]",,,0.0048,-0.871,,,-0.6006,-0.8205,,"(1, -1, 0, 0, 1, -1, 0, 0, -1)"
Node_01823,5,[O O . | X . . | . O X],3,0.0037,4,"[3, 5, 6, 7]",,,0.0037,,0.0,-0.0967,-0.1,,,"(-1, -1, 0, 1, 0, 0, 0, -1, 1)"
Node_01824,5,[O X X | O . . | . O .],7,0.0033,4,"[5, 6, 7, 9]",,,,,-0.089,-0.1596,0.0033,,-0.3439,"(-1, 1, 1, -1, 0, 0, 0, -1, 0)"
Node_01825,5,[O . X | X . O | . O .],5,0.0033,4,"[2, 5, 7, 9]",,-0.19,,,0.0033,,-0.19,,-0.1,"(-1, 0, 1, 1, 0, -1, 0, -1, 0)"
Node_01826,5,[. . O | O . . | O X X],1,0.0019,4,"[1, 2, 5, 6]",0.0019,-0.19,,,-0.0018,-0.19,,,,"(0, 0, -1, -1, 0, 0, -1, 1, 1)"
Node_01827,5,[X . . | X O O | O . .],3,0.0018,4,"[2, 3, 8, 9]",,-0.8835,0.0018,,,,,-0.8396,-0.9576,"(1, 0, 0, 1, -1, -1, -1, 0, 0)"
Node_01828,5,[. . O | O . X | X O .],1,0.0,4,"[1, 2, 5, 9]",0.0,0.0,,,0.0,,,,-0.09,"(0, 0, -1, -1, 0, 1, 1, -1, 0)"
Node_01829,5,[X O . | O . . | O X .],5,0.0,4,"[3, 5, 6, 9]",,,-0.09,,0.0,-0.09,,,-0.1765,"(1, -1, 0, -1, 0, 0, -1, 1, 0)"
Node_01830,5,[. X . | X . O | O O .],5,0.0,4,"[1, 3, 5, 9]",-0.0393,,-0.2439,,0.0,,,,0.0,"(0, 1, 0, 1, 0, -1, -1, -1, 0)"
Node_01831,5,[O . X | X . O | O . .],9,0.0,4,"[2, 5, 8, 9]",,-0.271,,,-0.081,,,-0.0729,0.0,"(-1, 0, 1, 1, 0, -1, -1, 0, 0)"
Node_01832,5,[X . O | O . . | X . O],6,0.0,4,"[2, 5, 6, 8]",,-0.2876,,,-0.2673,0.0,,-0.3876,,"(1, 0, -1, -1, 0, 0, 1, 0, -1)"
Node_01833,5,[O . X | . . O | O . X],4,0.0,4,"[2, 4, 5, 8]",,-0.2466,,0.0,-0.2195,,,-0.1629,,"(-1, 0, 1, 0, 0, -1, -1, 0, 1)"
Node_01834,5,[. O X | . . O | O X .],4,0.0,4,"[1, 4, 5, 9]",-0.081,,,0.0,0.0,,,,0.0,"(0, -1, 1, 0, 0, -1, -1, 1, 0)"
Node_01835,5,[. O . | O . X | O X .],1,0.0,4,"[1, 3, 5, 9]",0.0,,-0.0805,,-0.181,,,,-0.19,"(0, -1, 0, -1, 0, 1, -1, 1, 0)"
Node_01836,5,[. O X | . . . | O X O],1,0.0,4,"[1, 4, 5, 6]",0.0,,,-0.081,-0.1,-0.1539,,,,"(0, -1, 1, 0, 0, 0, -1, 1, -1)"
Node_01837,5,[. X . | O . X | . O O],5,0.0,4,"[1, 3, 5, 7]",-0.1,,-0.0752,,0.0,,0.0,,,"(0, 1, 0, -1, 0, 1, 0, -1, -1)"
Node_01838,5,[X O X | . . . | O . O],8,0.0,4,"[4, 5, 6, 8]",,,,-0.19,-0.2247,-0.19,,0.0,,"(1, -1, 1, 0, 0, 0, -1, 0, -1)"
Node_01839,5,[. O . | . . X | O X O],1,0.0,4,"[1, 3, 4, 5]",0.0,,-0.1,-0.19,-0.0493,,,,,"(0, -1, 0, 0, 0, 1, -1, 1, -1)"
Node_01840,5,[O . O | . . . | X O X],2,0.0,4,"[2, 4, 5, 6]",,0.0,,-0.2727,-0.181,-0.1466,,,,"(-1, 0, -1, 0, 0, 0, 1, -1, 1)"
Node_01841,5,[X O . | . . . | O X O],3,0.0,4,"[3, 4, 5, 6]",,,0.0,-0.09,-0.19,-0.2129,,,,"(1, -1, 0, 0, 0, 0, -1, 1, -1)"
Node_01842,5,[O . . | X . O | O . X],3,0.0,4,"[2, 3, 5, 8]",,-0.1,0.0,,0.0,,,-0.271,,"(-1, 0, 0, 1, 0, -1, -1, 0, 1)"
Node_01843,5,[O . . | X . O | . O X],2,0.0,4,"[2, 3, 5, 7]",,0.0,-0.081,,-0.1,,-0.09,,,"(-1, 0, 0, 1, 0, -1, 0, -1, 1)"
Node_01844,5,[O X O | . . . | . O X],7,0.0,4,"[4, 5, 6, 7]",,,,-0.09,-0.081,-0.3786,0.0,,,"(-1, 1, -1, 0, 0, 0, 0, -1, 1)"
Node_01845,5,[O X O | . . . | X O .],9,0.0,4,"[4, 5, 6, 9]",,,,-0.5695,-0.3795,-0.0729,,,0.0,"(-1, 1, -1, 0, 0, 0, 1, -1, 0)"
Node_01846,5,[. O . | X . O | O X .],1,0.0,4,"[1, 3, 5, 9]",0.0,,0.0,,0.0,,,,0.0,"(0, -1, 0, 1, 0, -1, -1, 1, 0)"
Node_01847,5,[. O X | X . . | O O .],9,0.0,4,"[1, 5, 6, 9]",-0.1,,,,-0.0314,-0.2568,,,0.0,"(0, -1, 1, 1, 0, 0, -1, -1, 0)"
Node_01848,5,[O X . | . . O | . O X],4,0.0,4,"[3, 4, 5, 7]",,,-0.181,0.0,-0.081,,-0.2976,,,"(-1, 1, 0, 0, 0, -1, 0, -1, 1)"
Node_01849,5,[. X O | O . X | . O .],7,0.0,4,"[1, 5, 7, 9]",-0.19,,,,-0.1656,,0.0,,-0.2629,"(0, 1, -1, -1, 0, 1, 0, -1, 0)"
Node_01850,5,[. O . | O . X | . X O],1,0.0,4,"[1, 3, 5, 7]",0.0,,-0.19,,-0.09,,-0.1,,,"(0, -1, 0, -1, 0, 1, 0, 1, -1)"
Node_01851,5,[X O . | O . . | . X O],3,0.0,4,"[3, 5, 6, 7]",,,0.0,,-0.1,0.0,-0.3129,,,"(1, -1, 0, -1, 0, 0, 0, 1, -1)"
Node_01852,5,[. O O | . . X | . X O],7,0.0,4,"[1, 4, 5, 7]",-0.1629,,,-0.1,-0.19,,0.0,,,"(0, -1, -1, 0, 0, 1, 0, 1, -1)"
Node_01853,5,[. . O | O . X | X . O],1,0.0,4,"[1, 2, 5, 8]",0.0,-0.1,,,-0.09,,,-0.19,,"(0, 0, -1, -1, 0, 1, 1, 0, -1)"
Node_01854,5,[O X . | X . O | . O .],9,0.0,4,"[3, 5, 7, 9]",,,-0.1,,-0.3439,,-0.1,,0.0,"(-1, 1, 0, 1, 0, -1, 0, -1, 0)"
Node_01855,5,[O X . | X . . | O O .],9,0.0,4,"[3, 5, 6, 9]",,,-0.171,,-0.1377,-0.1889,,,0.0,"(-1, 1, 0, 1, 0, 0, -1, -1, 0)"
Node_01856,5,[. O X | X . O | O . .],8,0.0,4,"[1, 5, 8, 9]",-0.09,,,,-0.2195,,,0.0,0.0,"(0, -1, 1, 1, 0, -1, -1, 0, 0)"
Node_01857,5,[. X O | . . X | . O O],7,0.0,4,"[1, 4, 5, 7]",-0.2629,,,-0.271,-0.273,,0.0,,,"(0, 1, -1, 0, 0, 1, 0, -1, -1)"
Node_01858,5,[O X O | X . . | . O .],9,0.0,4,"[5, 6, 7, 9]",,,,,-0.0179,-0.5326,-0.181,,0.0,"(-1, 1, -1, 1, 0, 0, 0, -1, 0)"
Node_01859,5,[X . O | O . X | . . O],7,0.0,4,"[2, 5, 7, 8]",,-0.09,,,-0.0729,,0.0,0.0,,"(1, 0, -1, -1, 0, 1, 0, 0, -1)"
Node_01860,5,[. X O | O . . | X O .],6,0.0,4,"[1, 5, 6, 9]",-0.19,,,,-0.09,0.0,,,-0.19,"(0, 1, -1, -1, 0, 0, 1, -1, 0)"
Node_01861,5,[. . X | X . O | O O .],1,0.0,4,"[1, 2, 5, 9]",0.0,-0.0359,,,-0.271,,,,-0.1,"(0, 0, 1, 1, 0, -1, -1, -1, 0)"
Node_01862,5,[X O . | O . X | . . O],8,0.0,4,"[3, 5, 7, 8]",,,-0.2285,,-0.1,,-0.171,0.0,,"(1, -1, 0, -1, 0, 1, 0, 0, -1)"
Node_01863,5,[. O . | X . O | . X O],1,0.0,4,"[1, 3, 5, 7]",0.0,,0.0,,-0.1,,-0.0169,,,"(0, -1, 0, 1, 0, -1, 0, 1, -1)"
Node_01864,5,[X O . | . . X | O . O],5,0.0,4,"[3, 4, 5, 8]",,,-0.271,-0.19,0.0,,,-0.081,,"(1, -1, 0, 0, 0, 1, -1, 0, -1)"
Node_01865,5,[X . . | O O . | X . O],6,-0.0009,4,"[2, 3, 6, 8]",,-0.6965,-0.9539,,,-0.0009,,-0.9359,,"(1, 0, 0, -1, -1, 0, 1, 0, -1)"
Node_01866,5,[. . O | . O . | X O X],2,-0.0011,4,"[1, 2, 4, 6]",-0.9256,-0.0011,,-0.792,,-0.9435,,,,"(0, 0, -1, 0, -1, 0, 1, -1, 1)"
Node_01867,5,[. X O | . O . | . O X],7,-0.0015,4,"[1, 4, 6, 7]",-0.9419,,,-0.6936,,-0.7912,-0.0015,,,"(0, 1, -1, 0, -1, 0, 0, -1, 1)"
Node_01868,5,[X O . | . O . | O X .],3,-0.0024,4,"[3, 4, 6, 9]",,,-0.0024,-0.8212,,-0.596,,,-0.9691,"(1, -1, 0, 0, -1, 0, -1, 1, 0)"
Node_01869,5,[X O O | . . . | O X .],5,-0.0047,4,"[4, 5, 6, 9]",,,,-0.1,-0.0047,-0.3439,,,-0.178,"(1, -1, -1, 0, 0, 0, -1, 1, 0)"
Node_01870,5,[X O . | O O . | . X .],6,-0.0048,4,"[3, 6, 7, 9]",,,-0.8593,,,-0.0048,-0.7513,,-0.7922,"(1, -1, 0, -1, -1, 0, 0, 1, 0)"
Node_01871,5,[X O . | O O X | . . .],8,-0.0052,4,"[3, 7, 8, 9]",,,-0.8628,,,,-0.8333,-0.0052,-0.752,"(1, -1, 0, -1, -1, 1, 0, 0, 0)"
Node_01872,5,[. . . | X O O | . O X],2,-0.0061,4,"[1, 2, 3, 7]",-0.7494,-0.0061,-0.891,,,,-0.2904,,,"(0, 0, 0, 1, -1, -1, 0, -1, 1)"
Node_01873,5,[O X . | . O . | X O .],9,-0.0073,4,"[3, 4, 6, 9]",,,-0.9929,-0.9171,,-0.8745,,,-0.0073,"(-1, 1, 0, 0, -1, 0, 1, -1, 0)"
Node_01874,5,[X X O | O . O | . . .],9,-0.0076,4,"[5, 7, 8, 9]",,,,,-0.1012,,-0.3439,-0.1,-0.0076,"(1, 1, -1, -1, 0, -1, 0, 0, 0)"
Node_01875,5,[. . O | . O X | X O .],2,-0.008,4,"[1, 2, 4, 9]",-0.3855,-0.008,,-0.3475,,,,,-0.357,"(0, 0, -1, 0, -1, 1, 1, -1, 0)"
Node_01876,5,[. O X | X O O | . . .],8,-0.0081,4,"[1, 7, 8, 9]",-0.8943,,,,,,-0.9827,-0.0081,-0.9402,"(0, -1, 1, 1, -1, -1, 0, 0, 0)"
Node_01877,5,[. O X | . O O | . X .],4,-0.0082,4,"[1, 4, 7, 9]",-0.8272,,,-0.0082,,,-0.8909,,-0.6194,"(0, -1, 1, 0, -1, -1, 0, 1, 0)"
Node_01878,5,[O . X | X O O | . . .],9,-0.0089,4,"[2, 7, 8, 9]",,-0.6053,,,,,-0.9657,-0.7945,-0.0089,"(-1, 0, 1, 1, -1, -1, 0, 0, 0)"
Node_01879,5,[O . X | O . O | . X .],5,-0.0093,4,"[2, 5, 7, 9]",,-0.3439,,,-0.0093,,-0.0346,,-0.271,"(-1, 0, 1, -1, 0, -1, 0, 1, 0)"
Node_01880,5,[O X . | . . X | . O O],4,-0.0101,4,"[3, 4, 5, 7]",,,-0.5217,-0.0101,-0.4095,,-0.3095,,,"(-1, 1, 0, 0, 0, 1, 0, -1, -1)"
Node_01881,5,[. O O | X . . | O X .],6,-0.0114,4,"[1, 5, 6, 9]",-0.271,,,,-0.3284,-0.0114,,,-0.3439,"(0, -1, -1, 1, 0, 0, -1, 1, 0)"
Node_01882,5,[. X . | O O . | X O .],6,-0.0127,4,"[1, 3, 6, 9]",-0.6947,,-0.8084,,,-0.0127,,,-0.8522,"(0, 1, 0, -1, -1, 0, 1, -1, 0)"
Node_01883,5,[X O X | . O . | O . .],8,-0.0135,4,"[4, 6, 8, 9]",,,,-0.9573,,-0.967,,-0.0135,-0.945,"(1, -1, 1, 0, -1, 0, -1, 0, 0)"
Node_01884,5,[O . . | X X O | . O .],3,-0.0136,4,"[2, 3, 7, 9]",,-0.5647,-0.0136,,,,-0.2508,,-0.1124,"(-1, 0, 0, 1, 1, -1, 0, -1, 0)"
Node_01885,5,[X . O | O . O | X . .],9,-0.0138,4,"[2, 5, 8, 9]",,-0.271,,,-0.0771,,,-0.271,-0.0138,"(1, 0, -1, -1, 0, -1, 1, 0, 0)"
Node_01886,5,[O . X | . O O | . . X],4,-0.014,4,"[2, 4, 7, 8]",,-0.9603,,-0.014,,,-0.7567,-0.7967,,"(-1, 0, 1, 0, -1, -1, 0, 0, 1)"
Node_01887,5,[. . X | . O O | . X O],1,-0.0146,4,"[1, 2, 4, 7]",-0.0146,-0.4935,,-0.4813,,,-0.7176,,,"(0, 0, 1, 0, -1, -1, 0, 1, -1)"
Node_01888,5,[O . . | . . O | X X O],5,-0.0159,4,"[2, 3, 4, 5]",,-0.271,-0.0884,-0.4686,-0.0159,,,,,"(-1, 0, 0, 0, 0, -1, 1, 1, -1)"
Node_01889,5,[X . O | O O . | X . .],6,-0.018,4,"[2, 6, 8, 9]",,-0.8246,,,,-0.018,,-0.434,-0.7907,"(1, 0, -1, -1, -1, 0, 1, 0, 0)"
Node_01890,5,[. O X | . O . | . X O],1,-0.0199,4,"[1, 4, 6, 7]",-0.0199,,,-0.8446,,-0.9319,-0.9973,,,"(0, -1, 1, 0, -1, 0, 0, 1, -1)"
Node_01891,5,[. . O | O X X | . O .],7,-0.0203,4,"[1, 2, 7, 9]",-0.1096,-0.9299,,,,,-0.0203,,-0.6503,"(0, 0, -1, -1, 1, 1, 0, -1, 0)"
Node_01892,5,[X . O | . . X | O O .],9,-0.0224,4,"[2, 4, 5, 9]",,-0.271,,-0.1515,-0.1068,,,,-0.0224,"(1, 0, -1, 0, 0, 1, -1, -1, 0)"
Node_01893,5,[O O . | . X O | . . X],3,-0.0236,4,"[3, 4, 7, 8]",,,-0.0236,-0.5479,,,-0.4715,-0.8332,,"(-1, -1, 0, 0, 1, -1, 0, 0, 1)"
Node_01894,5,[. . . | O O X | X . O],1,-0.0243,4,"[1, 2, 3, 8]",-0.0243,-0.808,-0.9818,,,,,-0.7677,,"(0, 0, 0, -1, -1, 1, 1, 0, -1)"
Node_01895,5,[. O . | X . O | . O X],1,-0.0244,4,"[1, 3, 5, 7]",-0.0244,,-0.5217,,-0.132,,-0.4686,,,"(0, -1, 0, 1, 0, -1, 0, -1, 1)"
Node_01896,5,[. . X | . O O | O . X],4,-0.0245,4,"[1, 2, 4, 8]",-0.8857,-0.8464,,-0.0245,,,,-0.8295,,"(0, 0, 1, 0, -1, -1, -1, 0, 1)"
Node_01897,5,[O . O | . X . | X O .],2,-0.0258,4,"[2, 4, 6, 9]",,-0.0258,,-0.6903,,-0.4968,,,-0.8136,"(-1, 0, -1, 0, 1, 0, 1, -1, 0)"
Node_01898,5,[O X . | . X O | . O .],7,-0.0259,4,"[3, 4, 7, 9]",,,-0.5598,-0.6767,,,-0.0259,,-0.1355,"(-1, 1, 0, 0, 1, -1, 0, -1, 0)"
Node_01899,5,[O X . | X . O | . . O],5,-0.0261,4,"[3, 5, 7, 8]",,,-0.19,,-0.0261,,-0.5695,-0.1198,,"(-1, 1, 0, 1, 0, -1, 0, 0, -1)"
Node_01900,5,[O . . | . X O | . O X],7,-0.0271,4,"[2, 3, 4, 7]",,-0.1942,-0.074,-0.1395,,,-0.0271,,,"(-1, 0, 0, 0, 1, -1, 0, -1, 1)"
Node_01901,5,[O X X | . . . | . O O],5,-0.0277,4,"[4, 5, 6, 7]",,,,-0.271,-0.0277,-0.271,-0.2396,,,"(-1, 1, 1, 0, 0, 0, 0, -1, -1)"
Node_01902,5,[. . X | O X . | O O .],1,-0.0278,4,"[1, 2, 6, 9]",-0.0278,-0.2775,,,,-0.4599,,,-0.2527,"(0, 0, 1, -1, 1, 0, -1, -1, 0)"
Node_01903,5,[O X . | O . X | . . O],5,-0.029,4,"[3, 5, 7, 8]",,,-0.271,,-0.029,,-0.3285,-0.271,,"(-1, 1, 0, -1, 0, 1, 0, 0, -1)"
Node_01904,5,[. . . | X O O | O . X],3,-0.0311,4,"[1, 2, 3, 8]",-0.9989,-0.8824,-0.0311,,,,,-0.8892,,"(0, 0, 0, 1, -1, -1, -1, 0, 1)"
Node_01905,5,[O . O | X . O | . X .],9,-0.0373,4,"[2, 5, 7, 9]",,-0.0486,,,-0.19,,-0.4095,,-0.0373,"(-1, 0, -1, 1, 0, -1, 0, 1, 0)"
Node_01906,5,[. . O | O . X | O X .],2,-0.0421,4,"[1, 2, 5, 9]",-0.2385,-0.0421,,,-0.2539,,,,-0.1,"(0, 0, -1, -1, 0, 1, -1, 1, 0)"
Node_01907,5,[X . O | O O X | . . .],7,-0.0455,4,"[2, 7, 8, 9]",,-0.9204,,,,,-0.0455,-0.8126,-0.9836,"(1, 0, -1, -1, -1, 1, 0, 0, 0)"
Node_01908,5,[. X O | . O . | X . O],4,-0.0458,4,"[1, 4, 6, 8]",-0.3863,,,-0.0458,,-0.3984,,-0.7712,,"(0, 1, -1, 0, -1, 0, 1, 0, -1)"
Node_01909,5,[O . O | X . . | X . O],6,-0.0458,4,"[2, 5, 6, 8]",,-0.4686,,,-0.3439,-0.0458,,-0.4095,,"(-1, 0, -1, 1, 0, 0, 1, 0, -1)"
Node_01910,5,[X O . | . O X | . . O],8,-0.0478,4,"[3, 4, 7, 8]",,,-0.6083,-0.0948,,,-0.1545,-0.0478,,"(1, -1, 0, 0, -1, 1, 0, 0, -1)"
Node_01911,5,[. . X | X . O | O . O],8,-0.0511,4,"[1, 2, 5, 8]",-0.325,-0.5734,,,-0.2439,,,-0.0511,,"(0, 0, 1, 1, 0, -1, -1, 0, -1)"
Node_01912,5,[. O O | X . O | . X .],1,-0.0534,4,"[1, 5, 7, 9]",-0.0534,,,,-0.4095,,-0.1756,,-0.1379,"(0, -1, -1, 1, 0, -1, 0, 1, 0)"
Node_01913,5,[. X . | . O O | . O X],4,-0.0574,4,"[1, 3, 4, 7]",-0.8126,,-0.6659,-0.0574,,,-0.8962,,,"(0, 1, 0, 0, -1, -1, 0, -1, 1)"
Node_01914,5,[O X . | . . O | O . X],4,-0.059,4,"[3, 4, 5, 8]",,,-0.2385,-0.059,-0.2652,,,-0.2136,,"(-1, 1, 0, 0, 0, -1, -1, 0, 1)"
Node_01915,5,[O . O | X . O | . . X],2,-0.059,4,"[2, 5, 7, 8]",,-0.059,,,-0.19,,-0.19,-0.2683,,"(-1, 0, -1, 1, 0, -1, 0, 0, 1)"
Node_01916,5,[. . . | X . O | O X O],5,-0.0603,4,"[1, 2, 3, 5]",-0.2539,-0.4095,-0.19,,-0.0603,,,,,"(0, 0, 0, 1, 0, -1, -1, 1, -1)"
Node_01917,5,[X O . | . O O | . X .],4,-0.0627,4,"[3, 4, 7, 9]",,,-0.6191,-0.0627,,,-0.492,,-0.8455,"(1, -1, 0, 0, -1, -1, 0, 1, 0)"
Node_01918,5,[O . O | . X . | . O X],2,-0.0632,4,"[2, 4, 6, 7]",,-0.0632,,-0.5389,,-0.7406,-0.8694,,,"(-1, 0, -1, 0, 1, 0, 0, -1, 1)"
Node_01919,5,[. O O | . . . | X O X],5,-0.0654,4,"[1, 4, 5, 6]",-0.0994,,,-0.2171,-0.0654,-0.3439,,,,"(0, -1, -1, 0, 0, 0, 1, -1, 1)"
Node_01920,5,[O O . | X . O | . X .],3,-0.0656,4,"[3, 5, 7, 9]",,,-0.0656,,-0.1319,,-0.271,,-0.2564,"(-1, -1, 0, 1, 0, -1, 0, 1, 0)"
Node_01921,5,[. X O | X O . | . O .],7,-0.0667,4,"[1, 6, 7, 9]",-0.156,,,,,-0.19,-0.0667,,-0.3366,"(0, 1, -1, 1, -1, 0, 0, -1, 0)"
Node_01922,5,[X X O | . . . | . O O],7,-0.0671,4,"[4, 5, 6, 7]",,,,-0.3439,-0.7176,-0.2539,-0.0671,,,"(1, 1, -1, 0, 0, 0, 0, -1, -1)"
Node_01923,5,[O . . | X . O | O X .],5,-0.0672,4,"[2, 3, 5, 9]",,-0.1547,-0.09,,-0.0672,,,,-0.19,"(-1, 0, 0, 1, 0, -1, -1, 1, 0)"
Node_01924,5,[X . O | O X . | . . O],6,-0.0733,4,"[2, 6, 7, 8]",,-0.6248,,,,-0.0733,-0.4915,-0.618,,"(1, 0, -1, -1, 1, 0, 0, 0, -1)"
Node_01925,5,[X O . | O . O | . X .],7,-0.0756,4,"[3, 5, 7, 9]",,,-0.09,,-0.1669,,-0.0756,,-0.1308,"(1, -1, 0, -1, 0, -1, 0, 1, 0)"
Node_01926,5,[. O O | O X . | . X .],1,-0.0764,4,"[1, 6, 7, 9]",-0.0764,,,,,-0.5999,-0.5501,,-0.6593,"(0, -1, -1, -1, 1, 0, 0, 1, 0)"
Node_01927,5,[O . . | . O . | X O X],2,-0.0777,4,"[2, 3, 4, 6]",,-0.0777,-0.863,-0.8884,,-0.7595,,,,"(-1, 0, 0, 0, -1, 0, 1, -1, 1)"
Node_01928,5,[X O X | O . . | . . O],8,-0.0779,4,"[5, 6, 7, 8]",,,,,-0.266,-0.271,-0.5217,-0.0779,,"(1, -1, 1, -1, 0, 0, 0, 0, -1)"
Node_01929,5,[. O O | O . X | . . X],1,-0.0785,4,"[1, 5, 7, 8]",-0.0785,,,,-0.3302,,-0.3236,-0.3381,,"(0, -1, -1, -1, 0, 1, 0, 0, 1)"
Node_01930,5,[O . O | . . X | . X O],5,-0.0804,4,"[2, 4, 5, 7]",,-0.084,,-0.4432,-0.0804,,-0.19,,,"(-1, 0, -1, 0, 0, 1, 0, 1, -1)"
Node_01931,5,[. X O | . . O | X O .],9,-0.081,4,"[1, 4, 5, 9]",-0.1,,,-0.09,-0.1,,,,-0.081,"(0, 1, -1, 0, 0, -1, 1, -1, 0)"
Node_01932,5,[. X O | X . O | . O .],9,-0.0818,4,"[1, 5, 7, 9]",-0.3026,,,,-0.26,,-0.2511,,-0.0818,"(0, 1, -1, 1, 0, -1, 0, -1, 0)"
Node_01933,5,[O . . | O . X | X . O],5,-0.0825,4,"[2, 3, 5, 8]",,-0.181,-0.0838,,-0.0825,,,-0.271,,"(-1, 0, 0, -1, 0, 1, 1, 0, -1)"
Node_01934,5,[. O O | X . . | . X O],5,-0.0846,4,"[1, 5, 6, 7]",-0.19,,,,-0.0846,-0.1,-0.0902,,,"(0, -1, -1, 1, 0, 0, 0, 1, -1)"
Node_01935,5,[X O . | O . X | . O .],7,-0.09,4,"[3, 5, 7, 9]",,,-0.1628,,-0.1033,,-0.09,,-0.1605,"(1, -1, 0, -1, 0, 1, 0, -1, 0)"
Node_01936,5,[O . . | . . O | O X X],4,-0.09,4,"[2, 3, 4, 5]",,-0.1521,-0.2195,-0.09,-0.1368,,,,,"(-1, 0, 0, 0, 0, -1, -1, 1, 1)"
Node_01937,5,[. X O | . O X | . O .],7,-0.091,4,"[1, 4, 7, 9]",-0.2778,,,-0.5695,,,-0.091,,-0.5695,"(0, 1, -1, 0, -1, 1, 0, -1, 0)"
Node_01938,5,[. O X | X . . | O . O],8,-0.0919,4,"[1, 5, 6, 8]",-0.5217,,,,-0.2783,-0.4237,,-0.0919,,"(0, -1, 1, 1, 0, 0, -1, 0, -1)"
Node_01939,5,[O . O | X . O | X . .],9,-0.0922,4,"[2, 5, 8, 9]",,-0.3678,,,-0.19,,,-0.338,-0.0922,"(-1, 0, -1, 1, 0, -1, 1, 0, 0)"
Node_01940,5,[. X O | X . O | O . .],5,-0.0923,4,"[1, 5, 8, 9]",-0.1,,,,-0.0923,,,-0.1,-0.19,"(0, 1, -1, 1, 0, -1, -1, 0, 0)"
Node_01941,5,[X O . | . . O | . X O],7,-0.0928,4,"[3, 4, 5, 7]",,,-0.1,-0.1629,-0.3876,,-0.0928,,,"(1, -1, 0, 0, 0, -1, 0, 1, -1)"
Node_01942,5,[X . . | O O . | . X O],6,-0.0958,4,"[2, 3, 6, 7]",,-0.4059,-0.4165,,,-0.0958,-0.6287,,,"(1, 0, 0, -1, -1, 0, 0, 1, -1)"
Node_01943,5,[. . X | O . O | O . X],1,-0.1,4,"[1, 2, 5, 8]",-0.1,-0.1841,,,-0.1254,,,-0.1,,"(0, 0, 1, -1, 0, -1, -1, 0, 1)"
Node_01944,5,[X . . | O . O | . X O],7,-0.1,4,"[2, 3, 5, 7]",,-0.2657,-0.1317,,-0.187,,-0.1,,,"(1, 0, 0, -1, 0, -1, 0, 1, -1)"
Node_01945,5,[O X X | . . O | O . .],8,-0.1,4,"[4, 5, 8, 9]",,,,-0.2439,-0.273,,,-0.1,-0.1,"(-1, 1, 1, 0, 0, -1, -1, 0, 0)"
Node_01946,5,[. X . | X . O | . O O],1,-0.1,4,"[1, 3, 5, 7]",-0.1,,-0.1,,-0.1,,-0.1649,,,"(0, 1, 0, 1, 0, -1, 0, -1, -1)"
Node_01947,5,[X O . | . . X | . O O],4,-0.1,4,"[3, 4, 5, 7]",,,-0.19,-0.1,-0.1,,-0.14,,,"(1, -1, 0, 0, 0, 1, 0, -1, -1)"
Node_01948,5,[. O X | . X . | O . O],8,-0.1004,4,"[1, 4, 6, 8]",-0.7697,,,-0.6463,,-0.626,,-0.1004,,"(0, -1, 1, 0, 1, 0, -1, 0, -1)"
Node_01949,5,[. O X | . . X | . O O],5,-0.1007,4,"[1, 4, 5, 7]",-0.4686,,,-0.3439,-0.1007,,-0.3316,,,"(0, -1, 1, 0, 0, 1, 0, -1, -1)"
Node_01950,5,[X O X | . . . | . O O],7,-0.1035,4,"[4, 5, 6, 7]",,,,-0.3468,-0.2386,-0.5695,-0.1035,,,"(1, -1, 1, 0, 0, 0, 0, -1, -1)"
Node_01951,5,[. . . | O O X | X O .],2,-0.1057,4,"[1, 2, 3, 9]",-0.805,-0.1057,-0.7034,,,,,,-0.6032,"(0, 0, 0, -1, -1, 1, 1, -1, 0)"
Node_01952,5,[. X O | X . . | . O O],1,-0.1085,4,"[1, 5, 6, 7]",-0.1085,,,,-0.271,-0.233,-0.168,,,"(0, 1, -1, 1, 0, 0, 0, -1, -1)"
Node_01953,5,[X . . | . O O | . X O],3,-0.1095,4,"[2, 3, 4, 7]",,-0.6126,-0.1095,-0.1191,,,-0.414,,,"(1, 0, 0, 0, -1, -1, 0, 1, -1)"
Node_01954,5,[O X . | X O . | . O .],9,-0.1159,4,"[3, 6, 7, 9]",,,-0.2831,,,-0.271,-0.2786,,-0.1159,"(-1, 1, 0, 1, -1, 0, 0, -1, 0)"
Node_01955,5,[X O . | . X . | O . O],8,-0.117,4,"[3, 4, 6, 8]",,,-0.6559,-0.3441,,-0.5032,,-0.117,,"(1, -1, 0, 0, 1, 0, -1, 0, -1)"
Node_01956,5,[. X . | . X O | O O .],9,-0.118,4,"[1, 3, 4, 9]",-0.133,,-0.7165,-0.1843,,,,,-0.118,"(0, 1, 0, 0, 1, -1, -1, -1, 0)"
Node_01957,5,[. X O | O O . | X . .],6,-0.1184,4,"[1, 6, 8, 9]",-0.5601,,,,,-0.1184,,-0.3354,-0.2579,"(0, 1, -1, -1, -1, 0, 1, 0, 0)"
Node_01958,5,[O X . | X . . | . O O],5,-0.1194,4,"[3, 5, 6, 7]",,,-0.3439,,-0.1194,-0.4686,-0.3439,,,"(-1, 1, 0, 1, 0, 0, 0, -1, -1)"
Node_01959,5,[. . . | X X O | . O O],1,-0.1213,4,"[1, 2, 3, 7]",-0.1213,-0.271,-0.1977,,,,-0.203,,,"(0, 0, 0, 1, 1, -1, 0, -1, -1)"
Node_01960,5,[O X . | X . . | O . O],8,-0.1214,4,"[3, 5, 6, 8]",,,-0.271,,-0.1708,-0.19,,-0.1214,,"(-1, 1, 0, 1, 0, 0, -1, 0, -1)"
Node_01961,5,[. X . | O X . | O O .],9,-0.1293,4,"[1, 3, 6, 9]",-0.4755,,-0.3667,,,-0.5217,,,-0.1293,"(0, 1, 0, -1, 1, 0, -1, -1, 0)"
Node_01962,5,[. . . | O . X | O X O],1,-0.1341,4,"[1, 2, 3, 5]",-0.1341,-0.2212,-0.3817,,-0.2229,,,,,"(0, 0, 0, -1, 0, 1, -1, 1, -1)"
Node_01963,5,[O . O | X . . | O X .],5,-0.1363,4,"[2, 5, 6, 9]",,-0.3809,,,-0.1363,-0.3263,,,-0.4095,"(-1, 0, -1, 1, 0, 0, -1, 1, 0)"
Node_01964,5,[X . . | O . X | . O O],7,-0.1431,4,"[2, 3, 5, 7]",,-0.2453,-0.2459,,-0.3439,,-0.1431,,,"(1, 0, 0, -1, 0, 1, 0, -1, -1)"
Node_01965,5,[O X O | O . X | . . .],7,-0.1466,4,"[5, 7, 8, 9]",,,,,-0.2916,,-0.1466,-0.3032,-0.19,"(-1, 1, -1, -1, 0, 1, 0, 0, 0)"
Node_01966,5,[O . . | X O . | . O X],2,-0.1468,4,"[2, 3, 6, 7]",,-0.1468,-0.2597,,,-0.5173,-0.4295,,,"(-1, 0, 0, 1, -1, 0, 0, -1, 1)"
Node_01967,5,[X O O | . . . | . X O],7,-0.1477,4,"[4, 5, 6, 7]",,,,-0.3623,-0.3779,-0.188,-0.1477,,,"(1, -1, -1, 0, 0, 0, 0, 1, -1)"
Node_01968,5,[O X X | . . . | O O .],9,-0.151,4,"[4, 5, 6, 9]",,,,-0.3688,-0.5695,-0.2573,,,-0.151,"(-1, 1, 1, 0, 0, 0, -1, -1, 0)"
Node_01969,5,[O . X | . X O | O . .],4,-0.1511,4,"[2, 4, 8, 9]",,-0.7566,,-0.1511,,,,-0.444,-0.4786,"(-1, 0, 1, 0, 1, -1, -1, 0, 0)"
Node_01970,5,[. . . | X X O | O . O],8,-0.1518,4,"[1, 2, 3, 8]",-0.5695,-0.271,-0.2539,,,,,-0.1518,,"(0, 0, 0, 1, 1, -1, -1, 0, -1)"
Node_01971,5,[O X . | . . . | O O X],4,-0.1539,4,"[3, 4, 5, 6]",,,-0.4095,-0.1539,-0.3366,-0.412,,,,"(-1, 1, 0, 0, 0, 0, -1, -1, 1)"
Node_01972,5,[. O O | X O X | . . .],7,-0.1571,4,"[1, 7, 8, 9]",-0.4203,,,,,,-0.1571,-0.3439,-0.4095,"(0, -1, -1, 1, -1, 1, 0, 0, 0)"
Node_01973,5,[. O . | O . . | O X X],3,-0.1576,4,"[1, 3, 5, 6]",-0.2046,,-0.1576,,-0.1827,-0.4686,,,,"(0, -1, 0, -1, 0, 0, -1, 1, 1)"
Node_01974,5,[O . O | . . X | . O X],7,-0.1656,4,"[2, 4, 5, 7]",,-0.3439,,-0.2266,-0.365,,-0.1656,,,"(-1, 0, -1, 0, 0, 1, 0, -1, 1)"
Node_01975,5,[. X O | O O X | . . .],7,-0.1676,4,"[1, 7, 8, 9]",-0.6258,,,,,,-0.1676,-0.6126,-0.4627,"(0, 1, -1, -1, -1, 1, 0, 0, 0)"
Node_01976,5,[O . O | O . X | X . .],2,-0.171,4,"[2, 5, 8, 9]",,-0.171,,,-0.376,,,-0.2518,-0.2156,"(-1, 0, -1, -1, 0, 1, 1, 0, 0)"
Node_01977,5,[. X O | O . . | X . O],6,-0.1725,4,"[1, 5, 6, 8]",-0.24,,,,-0.2546,-0.1725,,-0.3457,,"(0, 1, -1, -1, 0, 0, 1, 0, -1)"
Node_01978,5,[X X O | O . . | . . O],6,-0.1729,4,"[5, 6, 7, 8]",,,,,-0.3029,-0.1729,-0.2431,-0.2177,,"(1, 1, -1, -1, 0, 0, 0, 0, -1)"
Node_01979,5,[. O O | . X . | X . O],1,-0.1732,4,"[1, 4, 6, 8]",-0.1732,,,-0.5826,,-0.5659,,-0.6862,,"(0, -1, -1, 0, 1, 0, 1, 0, -1)"
Node_01980,5,[O X . | . . X | O O .],3,-0.1749,4,"[3, 4, 5, 9]",,,-0.1749,-0.3439,-0.3244,,,,-0.2453,"(-1, 1, 0, 0, 0, 1, -1, -1, 0)"
Node_01981,5,[X . O | . . . | O X O],5,-0.1756,4,"[2, 4, 5, 6]",,-0.385,,-0.4686,-0.1756,-0.2385,,,,"(1, 0, -1, 0, 0, 0, -1, 1, -1)"
Node_01982,5,[O . . | . O X | X O .],9,-0.1774,4,"[2, 3, 4, 9]",,-0.4229,-0.4686,-0.5695,,,,,-0.1774,"(-1, 0, 0, 0, -1, 1, 1, -1, 0)"
Node_01983,5,[. O O | O . X | . X .],1,-0.1804,4,"[1, 5, 7, 9]",-0.1804,,,,-0.2466,,-0.271,,-0.2677,"(0, -1, -1, -1, 0, 1, 0, 1, 0)"
Node_01984,5,[. O X | O . . | O X .],1,-0.181,4,"[1, 5, 6, 9]",-0.181,,,,-0.216,-0.1865,,,-0.3439,"(0, -1, 1, -1, 0, 0, -1, 1, 0)"
Node_01985,5,[. . . | O O X | . X O],1,-0.1859,4,"[1, 2, 3, 7]",-0.1859,-0.4686,-0.4636,,,,-0.5004,,,"(0, 0, 0, -1, -1, 1, 0, 1, -1)"
Node_01986,5,[. . O | X X O | O . .],9,-0.1879,4,"[1, 2, 8, 9]",-0.3297,-0.3442,,,,,,-0.7941,-0.1879,"(0, 0, -1, 1, 1, -1, -1, 0, 0)"
Node_01987,5,[. O X | O . X | . . O],5,-0.188,4,"[1, 5, 7, 8]",-0.2466,,,,-0.188,,-0.3102,-0.3619,,"(0, -1, 1, -1, 0, 1, 0, 0, -1)"
Node_01988,5,[. O . | O . . | X X O],1,-0.19,4,"[1, 3, 5, 6]",-0.19,,-0.2604,,-0.2305,-0.19,,,,"(0, -1, 0, -1, 0, 0, 1, 1, -1)"
Node_01989,5,[X . O | O . . | . X O],6,-0.19,4,"[2, 5, 6, 7]",,-0.3117,,,-0.2511,-0.19,-0.3366,,,"(1, 0, -1, -1, 0, 0, 0, 1, -1)"
Node_01990,5,[O O . | . . X | . X O],7,-0.19,4,"[3, 4, 5, 7]",,,-0.271,-0.271,-0.271,,-0.19,,,"(-1, -1, 0, 0, 0, 1, 0, 1, -1)"
Node_01991,5,[O O . | X . . | O X .],3,-0.19,4,"[3, 5, 6, 9]",,,-0.19,,-0.19,-0.1923,,,-0.19,"(-1, -1, 0, 1, 0, 0, -1, 1, 0)"
Node_01992,5,[. . O | O . X | . O X],7,-0.19,4,"[1, 2, 5, 7]",-0.3439,-0.2629,,,-0.2193,,-0.19,,,"(0, 0, -1, -1, 0, 1, 0, -1, 1)"
Node_01993,5,[O . O | . . X | O X .],2,-0.19,4,"[2, 4, 5, 9]",,-0.19,,-0.19,-0.2313,,,,-0.271,"(-1, 0, -1, 0, 0, 1, -1, 1, 0)"
Node_01994,5,[O O . | X . O | X . .],8,-0.19,4,"[3, 5, 8, 9]",,,-0.212,,-0.2349,,,-0.19,-0.2469,"(-1, -1, 0, 1, 0, -1, 1, 0, 0)"
Node_01995,5,[O . X | X . . | . O O],6,-0.1923,4,"[2, 5, 6, 7]",,-0.271,,,-0.5159,-0.1923,-0.2362,,,"(-1, 0, 1, 1, 0, 0, 0, -1, -1)"
Node_01996,5,[. X O | . . . | X O O],6,-0.1925,4,"[1, 4, 5, 6]",-0.3471,,,-0.4686,-0.5695,-0.1925,,,,"(0, 1, -1, 0, 0, 0, 1, -1, -1)"
Node_01997,5,[X . . | O O . | . O X],3,-0.1952,4,"[2, 3, 6, 7]",,-0.2907,-0.1952,,,-0.6513,-0.4686,,,"(1, 0, 0, -1, -1, 0, 0, -1, 1)"
Node_01998,5,[X . . | . O X | O O .],9,-0.1964,4,"[2, 3, 4, 9]",,-0.4306,-0.496,-0.4686,,,,,-0.1964,"(1, 0, 0, 0, -1, 1, -1, -1, 0)"
Node_01999,5,[O . . | O O X | . X .],9,-0.1991,4,"[2, 3, 7, 9]",,-0.3439,-0.2077,,,,-0.2733,,-0.1991,"(-1, 0, 0, -1, -1, 1, 0, 1, 0)"
Node_02000,5,[. . X | . O O | O X .],4,-0.2073,4,"[1, 2, 4, 9]",-0.4193,-0.4086,,-0.2073,,,,,-0.4105,"(0, 0, 1, 0, -1, -1, -1, 1, 0)"
Node_02001,5,[. X . | . O O | X . O],4,-0.2078,4,"[1, 3, 4, 8]",-0.2653,,-0.3258,-0.2078,,,,-0.271,,"(0, 1, 0, 0, -1, -1, 1, 0, -1)"
Node_02002,5,[O O . | O X . | . . X],3,-0.2115,4,"[3, 6, 7, 8]",,,-0.2115,,,-0.4674,-0.259,-0.2149,,"(-1, -1, 0, -1, 1, 0, 0, 0, 1)"
Node_02003,5,[. O . | X O . | O X .],3,-0.2121,4,"[1, 3, 6, 9]",-0.3832,,-0.2121,,,-0.5695,,,-0.3876,"(0, -1, 0, 1, -1, 0, -1, 1, 0)"
Node_02004,5,[O . O | . O X | X . .],9,-0.2123,4,"[2, 4, 8, 9]",,-0.8972,,-0.9477,,,,-0.9226,-0.2123,"(-1, 0, -1, 0, -1, 1, 1, 0, 0)"
Node_02005,5,[. X . | O . X | O . O],1,-0.2138,4,"[1, 3, 5, 8]",-0.2138,,-0.4913,,-0.271,,,-0.2534,,"(0, 1, 0, -1, 0, 1, -1, 0, -1)"
Node_02006,5,[. . O | O X . | X . O],6,-0.2143,4,"[1, 2, 6, 8]",-0.4975,-0.6475,,,,-0.2143,,-0.678,,"(0, 0, -1, -1, 1, 0, 1, 0, -1)"
Node_02007,5,[. O O | O X . | X . .],8,-0.2149,4,"[1, 6, 8, 9]",-0.2449,,,,,-0.3366,,-0.2149,-0.2205,"(0, -1, -1, -1, 1, 0, 1, 0, 0)"
Node_02008,5,[. O O | . . . | O X X],1,-0.2162,4,"[1, 4, 5, 6]",-0.2162,,,-0.5695,-0.4282,-0.6126,,,,"(0, -1, -1, 0, 0, 0, -1, 1, 1)"
Node_02009,5,[O X . | X O O | . . .],9,-0.2164,4,"[3, 7, 8, 9]",,,-0.3095,,,,-0.271,-0.7176,-0.2164,"(-1, 1, 0, 1, -1, -1, 0, 0, 0)"
Node_02010,5,[. X . | . O X | O O .],1,-0.2201,4,"[1, 3, 4, 9]",-0.2201,,-0.4505,-0.6862,,,,,-0.4713,"(0, 1, 0, 0, -1, 1, -1, -1, 0)"
Node_02011,5,[O X O | X . O | . . .],8,-0.2252,4,"[5, 7, 8, 9]",,,,,-0.4574,,-0.2629,-0.2252,-0.2307,"(-1, 1, -1, 1, 0, -1, 0, 0, 0)"
Node_02012,5,[O . X | . . O | O X .],4,-0.226,4,"[2, 4, 5, 9]",,-0.271,,-0.226,-0.2949,,,,-0.3965,"(-1, 0, 1, 0, 0, -1, -1, 1, 0)"
Node_02013,5,[X O X | . O . | . . O],8,-0.2284,4,"[4, 6, 7, 8]",,,,-0.8168,,-0.7729,-0.862,-0.2284,,"(1, -1, 1, 0, -1, 0, 0, 0, -1)"
Node_02014,5,[. . . | X O O | O X .],3,-0.2288,4,"[1, 2, 3, 9]",-0.5943,-0.6513,-0.2288,,,,,,-0.5503,"(0, 0, 0, 1, -1, -1, -1, 1, 0)"
Node_02015,5,[. O X | X O . | O . .],8,-0.2343,4,"[1, 6, 8, 9]",-0.6098,,,,,-0.5363,,-0.2343,-0.7783,"(0, -1, 1, 1, -1, 0, -1, 0, 0)"
Node_02016,5,[X . . | . O O | O X .],2,-0.2359,4,"[2, 3, 4, 9]",,-0.2359,-0.5557,-0.6874,,,,,-0.8147,"(1, 0, 0, 0, -1, -1, -1, 1, 0)"
Node_02017,5,[. O O | . . X | X O .],1,-0.2385,4,"[1, 4, 5, 9]",-0.2385,,,-0.2762,-0.2556,,,,-0.271,"(0, -1, -1, 0, 0, 1, 1, -1, 0)"
Node_02018,5,[O . . | O . X | . X O],2,-0.2422,4,"[2, 3, 5, 7]",,-0.2422,-0.4686,,-0.4686,,-0.4095,,,"(-1, 0, 0, -1, 0, 1, 0, 1, -1)"
Node_02019,5,[. O X | . . X | O . O],1,-0.2439,4,"[1, 4, 5, 8]",-0.2439,,,-0.271,-0.3283,,,-0.271,,"(0, -1, 1, 0, 0, 1, -1, 0, -1)"
Node_02020,5,[O X X | . . O | . O .],7,-0.2442,4,"[4, 5, 7, 9]",,,,-0.2876,-0.5456,,-0.2442,,-0.3876,"(-1, 1, 1, 0, 0, -1, 0, -1, 0)"
Node_02021,5,[O . X | O O . | . X .],7,-0.2474,4,"[2, 6, 7, 9]",,-0.5217,,,,-0.2835,-0.2474,,-0.2771,"(-1, 0, 1, -1, -1, 0, 0, 1, 0)"
Node_02022,5,[. X . | X O O | . . O],1,-0.2551,4,"[1, 3, 7, 8]",-0.2551,,-0.7021,,,,-0.6474,-0.7176,,"(0, 1, 0, 1, -1, -1, 0, 0, -1)"
Node_02023,5,[O X O | . O . | . X .],7,-0.258,4,"[4, 6, 7, 9]",,,,-0.6126,,-0.7176,-0.258,,-0.2926,"(-1, 1, -1, 0, -1, 0, 0, 1, 0)"
Node_02024,5,[O . O | . . X | X O .],5,-0.2596,4,"[2, 4, 5, 9]",,-0.3535,,-0.3495,-0.2596,,,,-0.4684,"(-1, 0, -1, 0, 0, 1, 1, -1, 0)"
Node_02025,5,[. O . | . O X | . X O],1,-0.2597,4,"[1, 3, 4, 7]",-0.2597,,-0.4095,-0.5695,,,-0.3786,,,"(0, -1, 0, 0, -1, 1, 0, 1, -1)"
Node_02026,5,[. X . | . X O | . O O],1,-0.2611,4,"[1, 3, 4, 7]",-0.2611,,-0.3334,-0.5695,,,-0.2982,,,"(0, 1, 0, 0, 1, -1, 0, -1, -1)"
Node_02027,5,[X . O | . O O | . X .],7,-0.262,4,"[2, 4, 7, 9]",,-0.6126,,-0.5936,,,-0.262,,-0.5456,"(1, 0, -1, 0, -1, -1, 0, 1, 0)"
Node_02028,5,[O O . | X . O | . . X],7,-0.2644,4,"[3, 5, 7, 8]",,,-0.3016,,-0.5542,,-0.2644,-0.2679,,"(-1, -1, 0, 1, 0, -1, 0, 0, 1)"
Node_02029,5,[O O . | . O X | X . .],8,-0.2697,4,"[3, 4, 8, 9]",,,-0.4546,-0.6513,,,,-0.2697,-0.4635,"(-1, -1, 0, 0, -1, 1, 1, 0, 0)"
Node_02030,5,[O O . | X . . | . X O],7,-0.271,4,"[3, 5, 6, 7]",,,-0.3366,,-0.2994,-0.2781,-0.271,,,"(-1, -1, 0, 1, 0, 0, 0, 1, -1)"
Node_02031,5,[O O . | O . X | . X .],3,-0.271,4,"[3, 5, 7, 9]",,,-0.271,,-0.271,,-0.271,,-0.271,"(-1, -1, 0, -1, 0, 1, 0, 1, 0)"
Node_02032,5,[. X . | O . X | O O .],1,-0.271,4,"[1, 3, 5, 9]",-0.271,,-0.3158,,-0.5217,,,,-0.3439,"(0, 1, 0, -1, 0, 1, -1, -1, 0)"
Node_02033,5,[. X . | . O X | . O O],3,-0.271,4,"[1, 3, 4, 7]",-0.2948,,-0.271,-0.4686,,,-0.3751,,,"(0, 1, 0, 0, -1, 1, 0, -1, -1)"
Node_02034,5,[O O . | . . X | O X .],5,-0.271,4,"[3, 4, 5, 9]",,,-0.3621,-0.4095,-0.271,,,,-0.271,"(-1, -1, 0, 0, 0, 1, -1, 1, 0)"
Node_02035,5,[. X O | O . X | O . .],1,-0.271,4,"[1, 5, 8, 9]",-0.271,,,,-0.271,,,-0.2885,-0.3439,"(0, 1, -1, -1, 0, 1, -1, 0, 0)"
Node_02036,5,[. X O | . . X | O O .],1,-0.271,4,"[1, 4, 5, 9]",-0.271,,,-0.273,-0.271,,,,-0.4095,"(0, 1, -1, 0, 0, 1, -1, -1, 0)"
Node_02037,5,[X . O | . . O | O X .],5,-0.2728,4,"[2, 4, 5, 9]",,-0.3201,,-0.3439,-0.2728,,,,-0.3072,"(1, 0, -1, 0, 0, -1, -1, 1, 0)"
Node_02038,5,[. . X | O . X | O . O],2,-0.273,4,"[1, 2, 5, 8]",-0.3036,-0.273,,,-0.4095,,,-0.3107,,"(0, 0, 1, -1, 0, 1, -1, 0, -1)"
Node_02039,5,[. O O | . X O | X . .],1,-0.2765,4,"[1, 4, 8, 9]",-0.2765,,,-0.6126,,,,-0.6513,-0.54,"(0, -1, -1, 0, 1, -1, 1, 0, 0)"
Node_02040,5,[O . . | X . O | X . O],5,-0.2794,4,"[2, 3, 5, 8]",,-0.4686,-0.2958,,-0.2794,,,-0.3439,,"(-1, 0, 0, 1, 0, -1, 1, 0, -1)"
Node_02041,5,[. X . | X O . | O . O],1,-0.2871,4,"[1, 3, 6, 8]",-0.2871,,-0.3283,,,-0.3439,,-0.3439,,"(0, 1, 0, 1, -1, 0, -1, 0, -1)"
Node_02042,5,[. . . | O . O | X X O],5,-0.2918,4,"[1, 2, 3, 5]",-0.4686,-0.3244,-0.3652,,-0.2918,,,,,"(0, 0, 0, -1, 0, -1, 1, 1, -1)"
Node_02043,5,[. O O | . . X | O X .],1,-0.2957,4,"[1, 4, 5, 9]",-0.2957,,,-0.3457,-0.3876,,,,-0.5695,"(0, -1, -1, 0, 0, 1, -1, 1, 0)"
Node_02044,5,[. O O | X O . | . . X],1,-0.3022,4,"[1, 6, 7, 8]",-0.3022,,,,,-0.4686,-0.3946,-0.5217,,"(0, -1, -1, 1, -1, 0, 0, 0, 1)"
Node_02045,5,[. . O | O . X | O . X],1,-0.3091,4,"[1, 2, 5, 8]",-0.3091,-0.4686,,,-0.4686,,,-0.4686,,"(0, 0, -1, -1, 0, 1, -1, 0, 1)"
Node_02046,5,[O O . | X . . | X O .],5,-0.3104,4,"[3, 5, 6, 9]",,,-0.5059,,-0.3104,-0.3791,,,-0.3439,"(-1, -1, 0, 1, 0, 0, 1, -1, 0)"
Node_02047,5,[O . O | X . . | X O .],6,-0.3127,4,"[2, 5, 6, 9]",,-0.3366,,,-0.3439,-0.3127,,,-0.4865,"(-1, 0, -1, 1, 0, 0, 1, -1, 0)"
Node_02048,5,[. X O | X O . | . . O],1,-0.3192,4,"[1, 6, 7, 8]",-0.3192,,,,,-0.7176,-0.5695,-0.4686,,"(0, 1, -1, 1, -1, 0, 0, 0, -1)"
Node_02049,5,[O X . | . . O | X . O],3,-0.3193,4,"[3, 4, 5, 8]",,,-0.3193,-0.3439,-0.379,,,-0.4347,,"(-1, 1, 0, 0, 0, -1, 1, 0, -1)"
Node_02050,5,[O . X | . X . | O O .],4,-0.3253,4,"[2, 4, 6, 9]",,-0.6513,,-0.3253,,-0.3642,,,-0.3511,"(-1, 0, 1, 0, 1, 0, -1, -1, 0)"
Node_02051,5,[. . . | X O X | O O .],9,-0.331,4,"[1, 2, 3, 9]",-0.7458,-0.5695,-0.418,,,,,,-0.331,"(0, 0, 0, 1, -1, 1, -1, -1, 0)"
Node_02052,5,[O . O | . X . | X . O],6,-0.3325,4,"[2, 4, 6, 8]",,-0.5758,,-0.776,,-0.3325,,-0.6578,,"(-1, 0, -1, 0, 1, 0, 1, 0, -1)"
Node_02053,5,[. O O | . O X | . . X],7,-0.3368,4,"[1, 4, 7, 8]",-0.8906,,,-0.8499,,,-0.3368,-0.7188,,"(0, -1, -1, 0, -1, 1, 0, 0, 1)"
Node_02054,5,[O O . | X O . | . X .],7,-0.3439,4,"[3, 6, 7, 9]",,,-0.4409,,,-0.5695,-0.3439,,-0.4005,"(-1, -1, 0, 1, -1, 0, 0, 1, 0)"
Node_02055,5,[. . O | X . O | O X .],1,-0.3439,4,"[1, 2, 5, 9]",-0.3439,-0.3439,,,-0.3439,,,,-0.4686,"(0, 0, -1, 1, 0, -1, -1, 1, 0)"
Node_02056,5,[. O O | . O X | . X .],7,-0.3467,4,"[1, 4, 7, 9]",-0.4047,,,-0.5695,,,-0.3467,,-0.3494,"(0, -1, -1, 0, -1, 1, 0, 1, 0)"
Node_02057,5,[O . O | X O . | . X .],9,-0.3552,4,"[2, 6, 7, 9]",,-0.6513,,,,-0.7458,-0.6215,,-0.3552,"(-1, 0, -1, 1, -1, 0, 0, 1, 0)"
Node_02058,5,[O X . | . O O | . . X],3,-0.3565,4,"[3, 4, 7, 8]",,,-0.3565,-0.3983,,,-0.4668,-0.5236,,"(-1, 1, 0, 0, -1, -1, 0, 0, 1)"
Node_02059,5,[. . X | . O . | X O O],1,-0.3587,4,"[1, 2, 4, 6]",-0.3587,-0.3852,,-0.7482,,-0.8147,,,,"(0, 0, 1, 0, -1, 0, 1, -1, -1)"
Node_02060,5,[. X . | . O O | O X .],3,-0.3653,4,"[1, 3, 4, 9]",-0.4081,,-0.3653,-0.5217,,,,,-0.5217,"(0, 1, 0, 0, -1, -1, -1, 1, 0)"
Node_02061,5,[O . X | O O . | X . .],6,-0.3662,4,"[2, 6, 8, 9]",,-0.7176,,,,-0.3662,,-0.4719,-0.4337,"(-1, 0, 1, -1, -1, 0, 1, 0, 0)"
Node_02062,5,[X . O | X . O | O . .],5,-0.3674,4,"[2, 5, 8, 9]",,-0.6513,,,-0.3674,,,-0.6126,-0.4245,"(1, 0, -1, 1, 0, -1, -1, 0, 0)"
Node_02063,5,[X . . | O . X | O . O],8,-0.3695,4,"[2, 3, 5, 8]",,-0.4396,-0.3978,,-0.4627,,,-0.3695,,"(1, 0, 0, -1, 0, 1, -1, 0, -1)"
Node_02064,5,[O . . | X O X | . O .],3,-0.3726,4,"[2, 3, 7, 9]",,-0.5217,-0.3726,,,,-0.5217,,-0.4832,"(-1, 0, 0, 1, -1, 1, 0, -1, 0)"
Node_02065,5,[X O . | O O . | . . X],3,-0.3818,4,"[3, 6, 7, 8]",,,-0.3818,,,-0.6175,-0.5541,-0.7458,,"(1, -1, 0, -1, -1, 0, 0, 0, 1)"
Node_02066,5,[X . . | . O O | . O X],7,-0.3819,4,"[2, 3, 4, 7]",,-0.3978,-0.5065,-0.7458,,,-0.3819,,,"(1, 0, 0, 0, -1, -1, 0, -1, 1)"
Node_02067,5,[O X . | . X . | O O .],6,-0.3824,4,"[3, 4, 6, 9]",,,-0.8147,-0.6933,,-0.3824,,,-0.6916,"(-1, 1, 0, 0, 1, 0, -1, -1, 0)"
Node_02068,5,[O X . | . O . | O . X],3,-0.3835,4,"[3, 4, 6, 8]",,,-0.3835,-0.5802,,-0.5512,,-0.9354,,"(-1, 1, 0, 0, -1, 0, -1, 0, 1)"
Node_02069,5,[. X . | . O . | O X O],1,-0.3871,4,"[1, 3, 4, 6]",-0.3871,,-0.4017,-0.6126,,-0.7176,,,,"(0, 1, 0, 0, -1, 0, -1, 1, -1)"
Node_02070,5,[. X O | X . . | O O .],6,-0.3958,4,"[1, 5, 6, 9]",-0.5695,,,,-0.4071,-0.3958,,,-0.4004,"(0, 1, -1, 1, 0, 0, -1, -1, 0)"
Node_02071,5,[O X . | O O X | . . .],9,-0.3969,4,"[3, 7, 8, 9]",,,-0.4887,,,,-0.4452,-0.7176,-0.3969,"(-1, 1, 0, -1, -1, 1, 0, 0, 0)"
Node_02072,5,[X . . | . O . | O O X],6,-0.4008,4,"[2, 3, 4, 6]",,-0.5435,-0.4565,-0.8906,,-0.4008,,,,"(1, 0, 0, 0, -1, 0, -1, -1, 1)"
Node_02073,5,[O X . | O O . | . X .],7,-0.4043,4,"[3, 6, 7, 9]",,,-0.4095,,,-0.4095,-0.4043,,-0.4335,"(-1, 1, 0, -1, -1, 0, 0, 1, 0)"
Node_02074,5,[O . . | . X O | O . X],4,-0.4044,4,"[2, 3, 4, 8]",,-0.4327,-0.4108,-0.4044,,,,-0.4936,,"(-1, 0, 0, 0, 1, -1, -1, 0, 1)"
Node_02075,5,[. . X | X O . | O O .],9,-0.4068,4,"[1, 2, 6, 9]",-0.612,-0.627,,,,-0.6411,,,-0.4068,"(0, 0, 1, 1, -1, 0, -1, -1, 0)"
Node_02076,5,[X . . | . X O | . O O],3,-0.4073,4,"[2, 3, 4, 7]",,-0.4267,-0.4073,-0.4502,,,-0.4291,,,"(1, 0, 0, 0, 1, -1, 0, -1, -1)"
Node_02077,5,[. X . | . O O | . X O],7,-0.4095,4,"[1, 3, 4, 7]",-0.4686,,-0.4483,-0.4686,,,-0.4095,,,"(0, 1, 0, 0, -1, -1, 0, 1, -1)"
Node_02078,5,[. . O | X O X | . . O],1,-0.4102,4,"[1, 2, 7, 8]",-0.4102,-0.7941,,,,,-0.4875,-0.7941,,"(0, 0, -1, 1, -1, 1, 0, 0, -1)"
Node_02079,5,[O . O | . X O | X . .],8,-0.4111,4,"[2, 4, 8, 9]",,-0.4416,,-0.9015,,,,-0.4111,-0.4619,"(-1, 0, -1, 0, 1, -1, 1, 0, 0)"
Node_02080,5,[O X . | . O O | . X .],7,-0.4144,4,"[3, 4, 7, 9]",,,-0.4686,-0.6513,,,-0.4144,,-0.7176,"(-1, 1, 0, 0, -1, -1, 0, 1, 0)"
Node_02081,5,[X O O | . O . | . . X],7,-0.4171,4,"[4, 6, 7, 8]",,,,-0.462,,-0.8332,-0.4171,-0.4547,,"(1, -1, -1, 0, -1, 0, 0, 0, 1)"
Node_02082,5,[. O X | . O O | . . X],8,-0.4179,4,"[1, 4, 7, 8]",-0.9867,,,-0.8904,,,-0.9618,-0.4179,,"(0, -1, 1, 0, -1, -1, 0, 0, 1)"
Node_02083,5,[. . . | X O X | . O O],1,-0.4316,4,"[1, 2, 3, 7]",-0.4316,-0.6513,-0.6126,,,,-0.5003,,,"(0, 0, 0, 1, -1, 1, 0, -1, -1)"
Node_02084,5,[O O . | . O X | . X .],7,-0.4474,4,"[3, 4, 7, 9]",,,-0.4524,-0.4686,,,-0.4474,,-0.4685,"(-1, -1, 0, 0, -1, 1, 0, 1, 0)"
Node_02085,5,[O . X | . O O | X . .],9,-0.4483,4,"[2, 4, 8, 9]",,-0.7712,,-0.5217,,,,-0.4977,-0.4483,"(-1, 0, 1, 0, -1, -1, 1, 0, 0)"
Node_02086,5,[. . X | O O . | X O .],9,-0.4613,4,"[1, 2, 6, 9]",-0.4894,-0.5713,,,,-0.4944,,,-0.4613,"(0, 0, 1, -1, -1, 0, 1, -1, 0)"
Node_02087,5,[O X . | . O O | X . .],9,-0.4629,4,"[3, 4, 8, 9]",,,-0.6126,-0.4936,,,,-0.5033,-0.4629,"(-1, 1, 0, 0, -1, -1, 1, 0, 0)"
Node_02088,5,[X X O | . . . | O . O],4,-0.4686,4,"[4, 5, 6, 8]",,,,-0.4686,-0.4686,-0.5217,,-0.5217,,"(1, 1, -1, 0, 0, 0, -1, 0, -1)"
Node_02089,5,[O . O | . . . | X X O],4,-0.4686,4,"[2, 4, 5, 6]",,-0.497,,-0.4686,-0.5277,-0.5217,,,,"(-1, 0, -1, 0, 0, 0, 1, 1, -1)"
Node_02090,5,[O O . | O X X | . . .],7,-0.4686,4,"[3, 7, 8, 9]",,,-0.4827,,,,-0.4686,-0.5695,-0.4997,"(-1, -1, 0, -1, 1, 1, 0, 0, 0)"
Node_02091,5,[O . O | X O . | . . X],7,-0.4785,4,"[2, 6, 7, 8]",,-0.8086,,,,-0.9419,-0.4785,-0.9252,,"(-1, 0, -1, 1, -1, 0, 0, 0, 1)"
Node_02092,5,[O . X | . . . | O X O],2,-0.4879,4,"[2, 4, 5, 6]",,-0.4879,,-0.5422,-0.5396,-0.7458,,,,"(-1, 0, 1, 0, 0, 0, -1, 1, -1)"
Node_02093,5,[. . O | . O X | . X O],7,-0.4881,4,"[1, 2, 4, 7]",-0.5354,-0.6126,,-0.5695,,,-0.4881,,,"(0, 0, -1, 0, -1, 1, 0, 1, -1)"
Node_02094,5,[X . . | . O X | . O O],2,-0.4913,4,"[2, 3, 4, 7]",,-0.4913,-0.713,-0.5411,,,-0.5755,,,"(1, 0, 0, 0, -1, 1, 0, -1, -1)"
Node_02095,5,[. X O | O O . | . X .],7,-0.4919,4,"[1, 6, 7, 9]",-0.5217,,,,,-0.5217,-0.4919,,-0.5426,"(0, 1, -1, -1, -1, 0, 0, 1, 0)"
Node_02096,5,[. X O | . O O | . . X],7,-0.4931,4,"[1, 4, 7, 8]",-0.5217,,,-0.7144,,,-0.4931,-0.5174,,"(0, 1, -1, 0, -1, -1, 0, 0, 1)"
Node_02097,5,[X O O | . O X | . . .],4,-0.5001,4,"[4, 7, 8, 9]",,,,-0.5001,,,-0.5249,-0.5936,-0.9114,"(1, -1, -1, 0, -1, 1, 0, 0, 0)"
Node_02098,5,[. . O | O . . | X X O],2,-0.5036,4,"[1, 2, 5, 6]",-0.507,-0.5036,,,-0.5178,-0.5371,,,,"(0, 0, -1, -1, 0, 0, 1, 1, -1)"
Node_02099,5,[. X O | . O X | . . O],1,-0.5044,4,"[1, 4, 7, 8]",-0.5044,,,-0.7941,,,-0.5381,-0.8499,,"(0, 1, -1, 0, -1, 1, 0, 0, -1)"
Node_02100,5,[. . . | X O . | O O X],2,-0.5055,4,"[1, 2, 3, 6]",-0.5217,-0.5055,-0.5309,,,-0.5217,,,,"(0, 0, 0, 1, -1, 0, -1, -1, 1)"
Node_02101,5,[O . O | O . X | . . X],2,-0.5068,4,"[2, 5, 7, 8]",,-0.5068,,,-0.5217,,-0.5594,-0.6003,,"(-1, 0, -1, -1, 0, 1, 0, 0, 1)"
Node_02102,5,[. O O | X O . | . X .],7,-0.5068,4,"[1, 6, 7, 9]",-0.5472,,,,,-0.7458,-0.5068,,-0.5491,"(0, -1, -1, 1, -1, 0, 0, 1, 0)"
Node_02103,5,[O . O | X . . | O . X],2,-0.5075,4,"[2, 5, 6, 8]",,-0.5075,,,-0.5318,-0.628,,-0.6513,,"(-1, 0, -1, 1, 0, 0, -1, 0, 1)"
Node_02104,5,[X O . | X . . | O . O],8,-0.5113,4,"[3, 5, 6, 8]",,,-0.5654,,-0.5447,-0.5552,,-0.5113,,"(1, -1, 0, 1, 0, 0, -1, 0, -1)"
Node_02105,5,[O . O | O . X | . X .],7,-0.5217,4,"[2, 5, 7, 9]",,-0.5251,,,-0.5228,,-0.5217,,-0.5804,"(-1, 0, -1, -1, 0, 1, 0, 1, 0)"
Node_02106,5,[O O . | X O X | . . .],8,-0.5217,4,"[3, 7, 8, 9]",,,-0.5461,,,,-0.6513,-0.5217,-0.5432,"(-1, -1, 0, 1, -1, 1, 0, 0, 0)"
Node_02107,5,[O . O | X . . | . X O],5,-0.5217,4,"[2, 5, 6, 7]",,-0.5695,,,-0.5217,-0.5319,-0.5217,,,"(-1, 0, -1, 1, 0, 0, 0, 1, -1)"
Node_02108,5,[O X O | . . . | O . X],5,-0.5217,4,"[4, 5, 6, 8]",,,,-0.5403,-0.5217,-0.5217,,-0.5568,,"(-1, 1, -1, 0, 0, 0, -1, 0, 1)"
Node_02109,5,[. . X | . O O | X . O],4,-0.5252,4,"[1, 2, 4, 8]",-0.5305,-0.5362,,-0.5252,,,,-0.6126,,"(0, 0, 1, 0, -1, -1, 1, 0, -1)"
Node_02110,5,[X . . | . X O | O . O],3,-0.5286,4,"[2, 3, 4, 8]",,-0.5472,-0.5286,-0.5695,,,,-0.5315,,"(1, 0, 0, 0, 1, -1, -1, 0, -1)"
Node_02111,5,[O O X | . O . | X . .],8,-0.5298,4,"[4, 6, 8, 9]",,,,-0.7712,,-0.5561,,-0.5298,-0.7088,"(-1, -1, 1, 0, -1, 0, 1, 0, 0)"
Node_02112,5,[O O X | X O . | . . .],9,-0.5308,4,"[6, 7, 8, 9]",,,,,,-0.7122,-0.8147,-0.7175,-0.5308,"(-1, -1, 1, 1, -1, 0, 0, 0, 0)"
Node_02113,5,[X . O | . O O | . . X],4,-0.5356,4,"[2, 4, 7, 8]",,-0.7458,,-0.5356,,,-0.5692,-0.5572,,"(1, 0, -1, 0, -1, -1, 0, 0, 1)"
Node_02114,5,[. O . | X O X | . . O],1,-0.5367,4,"[1, 3, 7, 8]",-0.5367,,-0.5695,,,,-0.5377,-0.5695,,"(0, -1, 0, 1, -1, 1, 0, 0, -1)"
Node_02115,5,[X . . | O O . | O . X],3,-0.5371,4,"[2, 3, 6, 8]",,-0.6333,-0.5371,,,-0.5841,,-0.8499,,"(1, 0, 0, -1, -1, 0, -1, 0, 1)"
Node_02116,5,[O . . | . O . | O X X],3,-0.5376,4,"[2, 3, 4, 6]",,-0.9691,-0.5376,-0.8297,,-0.6548,,,,"(-1, 0, 0, 0, -1, 0, -1, 1, 1)"
Node_02117,5,[O . X | . X . | O . O],8,-0.5518,4,"[2, 4, 6, 8]",,-0.5868,,-0.5892,,-0.6133,,-0.5518,,"(-1, 0, 1, 0, 1, 0, -1, 0, -1)"
Node_02118,5,[. O O | X X O | . . .],1,-0.5597,4,"[1, 7, 8, 9]",-0.5597,,,,,,-0.7117,-0.7458,-0.7037,"(0, -1, -1, 1, 1, -1, 0, 0, 0)"
Node_02119,5,[O O . | X O . | . . X],6,-0.5659,4,"[3, 6, 7, 8]",,,-0.6177,,,-0.5659,-0.6071,-0.5788,,"(-1, -1, 0, 1, -1, 0, 0, 0, 1)"
Node_02120,5,[X . . | . O O | O . X],4,-0.5695,4,"[2, 3, 4, 8]",,-0.5992,-0.6079,-0.5695,,,,-0.6126,,"(1, 0, 0, 0, -1, -1, -1, 0, 1)"
Node_02121,5,[X X O | . O . | . . O],7,-0.5794,4,"[4, 6, 7, 8]",,,,-0.9125,,-0.9118,-0.5794,-0.9202,,"(1, 1, -1, 0, -1, 0, 0, 0, -1)"
Node_02122,5,[O . X | . O O | . X .],4,-0.5827,4,"[2, 4, 7, 9]",,-0.7176,,-0.5827,,,-0.6546,,-0.6584,"(-1, 0, 1, 0, -1, -1, 0, 1, 0)"
Node_02123,5,[. O O | . O X | X . .],4,-0.5862,4,"[1, 4, 8, 9]",-0.6229,,,-0.5862,,,,-0.6518,-0.5991,"(0, -1, -1, 0, -1, 1, 1, 0, 0)"
Node_02124,5,[. . X | O X . | O . O],8,-0.5892,4,"[1, 2, 6, 8]",-0.7016,-0.5897,,,,-0.7941,,-0.5892,,"(0, 0, 1, -1, 1, 0, -1, 0, -1)"
Node_02125,5,[X . O | . X . | O . O],4,-0.5909,4,"[2, 4, 6, 8]",,-0.7598,,-0.5909,,-0.7657,,-0.7489,,"(1, 0, -1, 0, 1, 0, -1, 0, -1)"
Node_02126,5,[. O X | . O O | X . .],8,-0.6001,4,"[1, 4, 8, 9]",-0.602,,,-0.6255,,,,-0.6001,-0.7176,"(0, -1, 1, 0, -1, -1, 1, 0, 0)"
Node_02127,5,[O . O | . O X | . X .],7,-0.6078,4,"[2, 4, 7, 9]",,-0.8784,,-0.9015,,,-0.6078,,-0.6525,"(-1, 0, -1, 0, -1, 1, 0, 1, 0)"
Node_02128,5,[. . O | X O . | . O X],2,-0.6091,4,"[1, 2, 6, 7]",-0.7071,-0.6091,,,,-0.7458,-0.7201,,,"(0, 0, -1, 1, -1, 0, 0, -1, 1)"
Node_02129,5,[. . X | . O X | . O O],2,-0.6108,4,"[1, 2, 4, 7]",-0.6232,-0.6108,,-0.8784,,,-0.8147,,,"(0, 0, 1, 0, -1, 1, 0, -1, -1)"
Node_02130,5,[. X . | X O . | O O .],9,-0.6126,4,"[1, 3, 6, 9]",-0.6139,,-0.643,,,-0.6862,,,-0.6126,"(0, 1, 0, 1, -1, 0, -1, -1, 0)"
Node_02131,5,[. . . | X O O | . X O],2,-0.6126,4,"[1, 2, 3, 7]",-0.6128,-0.6126,-0.6126,,,,-0.642,,,"(0, 0, 0, 1, -1, -1, 0, 1, -1)"
Node_02132,5,[. O X | . O . | X . O],1,-0.6234,4,"[1, 4, 6, 8]",-0.6234,,,-0.9129,,-0.9202,,-0.9202,,"(0, -1, 1, 0, -1, 0, 1, 0, -1)"
Node_02133,5,[. . . | O O X | O X .],3,-0.6308,4,"[1, 2, 3, 9]",-0.7502,-0.8147,-0.6308,,,,,,-0.7743,"(0, 0, 0, -1, -1, 1, -1, 1, 0)"
Node_02134,5,[. . X | O O . | O X .],1,-0.6375,4,"[1, 2, 6, 9]",-0.6375,-0.8846,,,,-0.863,,,-0.9217,"(0, 0, 1, -1, -1, 0, -1, 1, 0)"
Node_02135,5,[. O . | X O X | O . .],9,-0.6492,4,"[1, 3, 8, 9]",-0.8499,,-0.8363,,,,,-0.8649,-0.6492,"(0, -1, 0, 1, -1, 1, -1, 0, 0)"
Node_02136,5,[X . O | . . X | O . O],5,-0.6504,4,"[2, 4, 5, 8]",,-0.6513,,-0.6513,-0.6504,,,-0.6796,,"(1, 0, -1, 0, 0, 1, -1, 0, -1)"
Node_02137,5,[O . O | . X . | O . X],4,-0.6504,4,"[2, 4, 6, 8]",,-0.7044,,-0.6504,,-0.678,,-0.6598,,"(-1, 0, -1, 0, 1, 0, -1, 0, 1)"
Node_02138,5,[. O O | . X O | . X .],7,-0.6507,4,"[1, 4, 7, 9]",-0.6765,,,-0.7458,,,-0.6507,,-0.6633,"(0, -1, -1, 0, 1, -1, 0, 1, 0)"
Node_02139,5,[O X X | O O . | . . .],9,-0.6512,4,"[6, 7, 8, 9]",,,,,,-0.8635,-0.8499,-0.8332,-0.6512,"(-1, 1, 1, -1, -1, 0, 0, 0, 0)"
Node_02140,5,[. X . | O O . | . X O],6,-0.6513,4,"[1, 3, 6, 7]",-0.6667,,-0.6576,,,-0.6513,-0.6513,,,"(0, 1, 0, -1, -1, 0, 0, 1, -1)"
Node_02141,5,[O X . | O O . | X . .],9,-0.6548,4,"[3, 6, 8, 9]",,,-0.8332,,,-0.813,,-0.7083,-0.6548,"(-1, 1, 0, -1, -1, 0, 1, 0, 0)"
Node_02142,5,[O . X | X O . | . O .],2,-0.658,4,"[2, 6, 7, 9]",,-0.658,,,,-0.7145,-0.7176,,-0.7161,"(-1, 0, 1, 1, -1, 0, 0, -1, 0)"
Node_02143,5,[O . O | . . X | X . O],4,-0.6585,4,"[2, 4, 5, 8]",,-0.6913,,-0.6585,-0.6951,,,-0.7176,,"(-1, 0, -1, 0, 0, 1, 1, 0, -1)"
Node_02144,5,[. O X | X O . | . . O],1,-0.6599,4,"[1, 6, 7, 8]",-0.6599,,,,,-0.6862,-0.6735,-0.6798,,"(0, -1, 1, 1, -1, 0, 0, 0, -1)"
Node_02145,5,[. . X | O O . | . X O],1,-0.665,4,"[1, 2, 6, 7]",-0.665,-0.6878,,,,-0.6948,-0.6862,,,"(0, 0, 1, -1, -1, 0, 0, 1, -1)"
Node_02146,5,[. . X | . O O | . O X],1,-0.6653,4,"[1, 2, 4, 7]",-0.6653,-0.9216,,-0.9182,,,-0.9797,,,"(0, 0, 1, 0, -1, -1, 0, -1, 1)"
Node_02147,5,[. . O | . O . | X X O],1,-0.6668,4,"[1, 2, 4, 6]",-0.6668,-0.9618,,-0.7378,,-0.7402,,,,"(0, 0, -1, 0, -1, 0, 1, 1, -1)"
Node_02148,5,[X . O | . X . | . O O],6,-0.6763,4,"[2, 4, 6, 7]",,-0.8906,,-0.7208,,-0.6763,-0.7183,,,"(1, 0, -1, 0, 1, 0, 0, -1, -1)"
Node_02149,5,[. O X | O O . | X . .],8,-0.6858,4,"[1, 6, 8, 9]",-0.8332,,,,,-0.7046,,-0.6858,-0.719,"(0, -1, 1, -1, -1, 0, 1, 0, 0)"
Node_02150,5,[O X O | . . . | X . O],5,-0.686,4,"[4, 5, 6, 8]",,,,-0.8332,-0.686,-0.7109,,-0.6862,,"(-1, 1, -1, 0, 0, 0, 1, 0, -1)"
Node_02151,5,[. . X | X O . | . O O],6,-0.6862,4,"[1, 2, 6, 7]",-0.6941,-0.6927,,,,-0.6862,-0.6895,,,"(0, 0, 1, 1, -1, 0, 0, -1, -1)"
Node_02152,5,[. . . | O O . | X O X],6,-0.6868,4,"[1, 2, 3, 6]",-0.9657,-0.8932,-0.9206,,,-0.6868,,,,"(0, 0, 0, -1, -1, 0, 1, -1, 1)"
Node_02153,5,[O . O | . . X | O . X],4,-0.687,4,"[2, 4, 5, 8]",,-0.7176,,-0.687,-0.7458,,,-0.7176,,"(-1, 0, -1, 0, 0, 1, -1, 0, 1)"
Node_02154,5,[. O O | . X . | . X O],1,-0.6933,4,"[1, 4, 6, 7]",-0.6933,,,-0.7491,,-0.7057,-0.7176,,,"(0, -1, -1, 0, 1, 0, 0, 1, -1)"
Node_02155,5,[O X O | X O . | . . .],7,-0.6941,4,"[6, 7, 8, 9]",,,,,,-0.7176,-0.6941,-0.8906,-0.722,"(-1, 1, -1, 1, -1, 0, 0, 0, 0)"
Node_02156,5,[X . . | O O . | X O .],3,-0.7024,4,"[2, 3, 6, 9]",,-0.8509,-0.7024,,,-0.8266,,,-0.9797,"(1, 0, 0, -1, -1, 0, 1, -1, 0)"
Node_02157,5,[. X O | . X . | . O O],7,-0.7079,4,"[1, 4, 6, 7]",-0.8332,,,-0.8862,,-0.9187,-0.7079,,,"(0, 1, -1, 0, 1, 0, 0, -1, -1)"
Node_02158,5,[O O . | . X . | O . X],6,-0.7106,4,"[3, 4, 6, 8]",,,-0.7446,-0.7122,,-0.7106,,-0.7176,,"(-1, -1, 0, 0, 1, 0, -1, 0, 1)"
Node_02159,5,[. . . | O X X | O . O],3,-0.7176,4,"[1, 2, 3, 8]",-0.7417,-0.7355,-0.7176,,,,,-0.7351,,"(0, 0, 0, -1, 1, 1, -1, 0, -1)"
Node_02160,5,[. . O | X O X | . O .],9,-0.7176,4,"[1, 2, 7, 9]",-0.7249,-0.7458,,,,,-0.7458,,-0.7176,"(0, 0, -1, 1, -1, 1, 0, -1, 0)"
Node_02161,5,[O . X | . . X | O . O],8,-0.7176,4,"[2, 4, 5, 8]",,-0.7458,,-0.7295,-0.7214,,,-0.7176,,"(-1, 0, 1, 0, 0, 1, -1, 0, -1)"
Node_02162,5,[O . O | X O . | X . .],8,-0.7258,4,"[2, 6, 8, 9]",,-0.7374,,,,-0.7712,,-0.7258,-0.7746,"(-1, 0, -1, 1, -1, 0, 1, 0, 0)"
Node_02163,5,[. X . | O O . | X . O],6,-0.7262,4,"[1, 3, 6, 8]",-0.7333,,-0.8526,,,-0.7262,,-0.9419,,"(0, 1, 0, -1, -1, 0, 1, 0, -1)"
Node_02164,5,[O O . | . X . | O X .],4,-0.7342,4,"[3, 4, 6, 9]",,,-0.7751,-0.7342,,-0.8289,,,-0.7941,"(-1, -1, 0, 0, 1, 0, -1, 1, 0)"
Node_02165,5,[O . X | . O . | O X .],9,-0.7369,4,"[2, 4, 6, 9]",,-0.9836,,-0.8461,,-0.8562,,,-0.7369,"(-1, 0, 1, 0, -1, 0, -1, 1, 0)"
Node_02166,5,[. X . | O O . | O X .],1,-0.741,4,"[1, 3, 6, 9]",-0.741,,-0.7828,,,-0.7458,,,-0.7941,"(0, 1, 0, -1, -1, 0, -1, 1, 0)"
Node_02167,5,[. . X | O O . | X . O],2,-0.7412,4,"[1, 2, 6, 8]",-0.8307,-0.7412,,,,-0.9529,,-0.8906,,"(0, 0, 1, -1, -1, 0, 1, 0, -1)"
Node_02168,5,[O . O | O X X | . . .],8,-0.7412,4,"[2, 7, 8, 9]",,-0.9181,,,,,-0.9163,-0.7412,-0.9114,"(-1, 0, -1, -1, 1, 1, 0, 0, 0)"
Node_02169,5,[X O . | . O X | O . .],3,-0.7466,4,"[3, 4, 8, 9]",,,-0.7466,-0.9282,,,,-0.8477,-0.8454,"(1, -1, 0, 0, -1, 1, -1, 0, 0)"
Node_02170,5,[O . O | O X . | . . X],7,-0.749,4,"[2, 6, 7, 8]",,-0.7533,,,,-0.8499,-0.749,-0.7553,,"(-1, 0, -1, -1, 1, 0, 0, 0, 1)"
Node_02171,5,[. X O | . O O | . X .],7,-0.7493,4,"[1, 4, 7, 9]",-0.8649,,,-0.8147,,,-0.7493,,-0.7709,"(0, 1, -1, 0, -1, -1, 0, 1, 0)"
Node_02172,5,[. . . | . O O | X X O],1,-0.7495,4,"[1, 2, 3, 4]",-0.7495,-0.8147,-0.8906,-0.7628,,,,,,"(0, 0, 0, 0, -1, -1, 1, 1, -1)"
Node_02173,5,[O X . | X O . | O . .],9,-0.7529,4,"[3, 6, 8, 9]",,,-0.9316,,,-0.9477,,-0.9419,-0.7529,"(-1, 1, 0, 1, -1, 0, -1, 0, 0)"
Node_02174,5,[X . O | O O . | . X .],6,-0.7591,4,"[2, 6, 7, 9]",,-0.9775,,,,-0.7591,-0.8589,,-0.8475,"(1, 0, -1, -1, -1, 0, 0, 1, 0)"
Node_02175,5,[. . . | . O X | X O O],2,-0.76,4,"[1, 2, 3, 4]",-0.8411,-0.76,-0.8499,-0.8075,,,,,,"(0, 0, 0, 0, -1, 1, 1, -1, -1)"
Node_02176,5,[O X X | . . . | O . O],8,-0.7628,4,"[4, 5, 6, 8]",,,,-0.7712,-0.7839,-0.7712,,-0.7628,,"(-1, 1, 1, 0, 0, 0, -1, 0, -1)"
Node_02177,5,[X X O | O O . | . . .],7,-0.7636,4,"[6, 7, 8, 9]",,,,,,-0.9768,-0.7636,-0.988,-0.9797,"(1, 1, -1, -1, -1, 0, 0, 0, 0)"
Node_02178,5,[O X X | . O . | O . .],4,-0.7668,4,"[4, 6, 8, 9]",,,,-0.7668,,-0.8299,,-0.9114,-0.8541,"(-1, 1, 1, 0, -1, 0, -1, 0, 0)"
Node_02179,5,[O . . | . O X | O X .],9,-0.767,4,"[2, 3, 4, 9]",,-0.8332,-0.8622,-0.8649,,,,,-0.767,"(-1, 0, 0, 0, -1, 1, -1, 1, 0)"
Node_02180,5,[X O X | . O O | . . .],4,-0.768,4,"[4, 7, 8, 9]",,,,-0.768,,,-0.9204,-0.9274,-0.9477,"(1, -1, 1, 0, -1, -1, 0, 0, 0)"
Node_02181,5,[O . X | X . . | O . O],5,-0.7754,4,"[2, 5, 6, 8]",,-0.7941,,,-0.7754,-0.7878,,-0.7836,,"(-1, 0, 1, 1, 0, 0, -1, 0, -1)"
Node_02182,5,[O X . | O O . | . . X],8,-0.7798,4,"[3, 6, 7, 8]",,,-0.8009,,,-0.8062,-0.8208,-0.7798,,"(-1, 1, 0, -1, -1, 0, 0, 0, 1)"
Node_02183,5,[X . . | X O . | O . O],2,-0.7809,4,"[2, 3, 6, 8]",,-0.7809,-0.832,,,-0.8332,,-0.8018,,"(1, 0, 0, 1, -1, 0, -1, 0, -1)"
Node_02184,5,[. X O | . O . | . X O],1,-0.7941,4,"[1, 4, 6, 7]",-0.7941,,,-0.7941,,-0.8147,-0.8147,,,"(0, 1, -1, 0, -1, 0, 0, 1, -1)"
Node_02185,5,[O . O | . . . | O X X],5,-0.8014,4,"[2, 4, 5, 6]",,-0.8138,,-0.8147,-0.8014,-0.8147,,,,"(-1, 0, -1, 0, 0, 0, -1, 1, 1)"
Node_02186,5,[. . O | . O X | . O X],7,-0.8021,4,"[1, 2, 4, 7]",-0.9722,-0.928,,-0.9691,,,-0.8021,,,"(0, 0, -1, 0, -1, 1, 0, -1, 1)"
Node_02187,5,[X . O | . O X | . O .],2,-0.8043,4,"[2, 4, 7, 9]",,-0.8043,,-0.8613,,,-0.8538,,-0.8906,"(1, 0, -1, 0, -1, 1, 0, -1, 0)"
Node_02188,5,[. X O | O O . | . . X],6,-0.8119,4,"[1, 6, 7, 8]",-0.8147,,,,,-0.8119,-0.8221,-0.8167,,"(0, 1, -1, -1, -1, 0, 0, 0, 1)"
Node_02189,5,[X O . | . O . | O . X],3,-0.8122,4,"[3, 4, 6, 8]",,,-0.8122,-0.9576,,-0.9597,,-0.9576,,"(1, -1, 0, 0, -1, 0, -1, 0, 1)"
Node_02190,5,[X . . | O O . | O X .],6,-0.8126,4,"[2, 3, 6, 9]",,-0.8288,-0.8362,,,-0.8126,,,-0.8147,"(1, 0, 0, -1, -1, 0, -1, 1, 0)"
Node_02191,5,[. X . | O O . | O . X],6,-0.8147,4,"[1, 3, 6, 8]",-0.8175,,-0.8292,,,-0.8147,,-0.8147,,"(0, 1, 0, -1, -1, 0, -1, 0, 1)"
Node_02192,5,[X X O | . O O | . . .],4,-0.8164,4,"[4, 7, 8, 9]",,,,-0.8164,,,-0.8212,-0.8906,-0.9114,"(1, 1, -1, 0, -1, -1, 0, 0, 0)"
Node_02193,5,[X . O | X . . | O . O],5,-0.8169,4,"[2, 5, 6, 8]",,-0.8332,,,-0.8169,-0.8277,,-0.8332,,"(1, 0, -1, 1, 0, 0, -1, 0, -1)"
Node_02194,5,[. X O | . O O | X . .],8,-0.833,4,"[1, 4, 8, 9]",-0.8413,,,-0.838,,,,-0.833,-0.8364,"(0, 1, -1, 0, -1, -1, 1, 0, 0)"
Node_02195,5,[X . O | . O . | . X O],2,-0.8332,4,"[2, 4, 6, 7]",,-0.8332,,-0.8411,,-0.8342,-0.8431,,,"(1, 0, -1, 0, -1, 0, 0, 1, -1)"
Node_02196,5,[. . . | . O X | O X O],3,-0.834,4,"[1, 2, 3, 4]",-0.8428,-0.8499,-0.834,-0.8499,,,,,,"(0, 0, 0, 0, -1, 1, -1, 1, -1)"
Node_02197,5,[. X . | . O X | O . O],1,-0.8386,4,"[1, 3, 4, 8]",-0.8386,,-0.8516,-0.8499,,,,-0.9202,,"(0, 1, 0, 0, -1, 1, -1, 0, -1)"
Node_02198,5,[O . O | . O X | . . X],8,-0.8429,4,"[2, 4, 7, 8]",,-0.8545,,-0.9202,,,-0.8435,-0.8429,,"(-1, 0, -1, 0, -1, 1, 0, 0, 1)"
Node_02199,5,[. . . | . O O | O X X],3,-0.8442,4,"[1, 2, 3, 4]",-0.9477,-0.9282,-0.8442,-0.8769,,,,,,"(0, 0, 0, 0, -1, -1, -1, 1, 1)"
Node_02200,5,[. X O | X O O | . . .],8,-0.8499,4,"[1, 7, 8, 9]",-0.8628,,,,,,-0.8613,-0.8499,-0.8648,"(0, 1, -1, 1, -1, -1, 0, 0, 0)"
Node_02201,5,[. . . | X O X | O . O],1,-0.8499,4,"[1, 2, 3, 8]",-0.8499,-0.8649,-0.8649,,,,,-0.8649,,"(0, 0, 0, 1, -1, 1, -1, 0, -1)"
Node_02202,5,[. X . | . O O | O . X],1,-0.8501,4,"[1, 3, 4, 8]",-0.8501,,-0.8567,-0.8612,,,,-0.8649,,"(0, 1, 0, 0, -1, -1, -1, 0, 1)"
Node_02203,5,[X O . | X O . | O . .],8,-0.8583,4,"[3, 6, 8, 9]",,,-0.9032,,,-0.9477,,-0.8583,-0.9797,"(1, -1, 0, 1, -1, 0, -1, 0, 0)"
Node_02204,5,[O O . | X O . | X . .],9,-0.8594,4,"[3, 6, 8, 9]",,,-0.8649,,,-0.8649,,-0.8602,-0.8594,"(-1, -1, 0, 1, -1, 0, 1, 0, 0)"
Node_02205,5,[. . . | O O . | X X O],6,-0.8608,4,"[1, 2, 3, 6]",-0.9159,-0.988,-0.9958,,,-0.8608,,,,"(0, 0, 0, -1, -1, 0, 1, 1, -1)"
Node_02206,5,[. . X | . O O | X O .],2,-0.8611,4,"[1, 2, 4, 9]",-0.9501,-0.8611,,-0.9467,,,,,-0.9477,"(0, 0, 1, 0, -1, -1, 1, -1, 0)"
Node_02207,5,[. . . | . O O | X O X],4,-0.8639,4,"[1, 2, 3, 4]",-0.9721,-0.8938,-0.9892,-0.8639,,,,,,"(0, 0, 0, 0, -1, -1, 1, -1, 1)"
Node_02208,5,[. . . | X O . | O X O],3,-0.8656,4,"[1, 2, 3, 6]",-0.8682,-0.8784,-0.8656,,,-0.8784,,,,"(0, 0, 0, 1, -1, 0, -1, 1, -1)"
Node_02209,5,[X . O | . O . | . O X],7,-0.8706,4,"[2, 4, 6, 7]",,-0.8784,,-0.8812,,-0.8784,-0.8706,,,"(1, 0, -1, 0, -1, 0, 0, -1, 1)"
Node_02210,5,[. . X | X O . | O . O],8,-0.8746,4,"[1, 2, 6, 8]",-0.887,-0.9026,,,,-0.9282,,-0.8746,,"(0, 0, 1, 1, -1, 0, -1, 0, -1)"
Node_02211,5,[O . . | X O . | O X .],3,-0.8881,4,"[2, 3, 6, 9]",,-0.9114,-0.8881,,,-0.8906,,,-0.8948,"(-1, 0, 0, 1, -1, 0, -1, 1, 0)"
Node_02212,5,[. O X | . O X | . . O],4,-0.8906,4,"[1, 4, 7, 8]",-0.8956,,,-0.8906,,,-0.8906,-0.9002,,"(0, -1, 1, 0, -1, 1, 0, 0, -1)"
Node_02213,5,[O . X | . O . | X O .],6,-0.8948,4,"[2, 4, 6, 9]",,-0.9722,,-0.9477,,-0.8948,,,-0.9419,"(-1, 0, 1, 0, -1, 0, 1, -1, 0)"
Node_02214,5,[O X . | . O X | O . .],8,-0.9015,4,"[3, 4, 8, 9]",,,-0.9099,-0.9114,,,,-0.9015,-0.9085,"(-1, 1, 0, 0, -1, 1, -1, 0, 0)"
Node_02215,5,[O . O | X X O | . . .],7,-0.9015,4,"[2, 7, 8, 9]",,-0.9095,,,,,-0.9015,-0.9092,-0.9178,"(-1, 0, -1, 1, 1, -1, 0, 0, 0)"
Node_02216,5,[X O X | O O . | . . .],7,-0.9015,4,"[6, 7, 8, 9]",,,,,,-0.9043,-0.9015,-0.904,-0.9185,"(1, -1, 1, -1, -1, 0, 0, 0, 0)"
Node_02217,5,[. . . | O O . | O X X],6,-0.9042,4,"[1, 2, 3, 6]",-0.9354,-0.9354,-0.9316,,,-0.9042,,,,"(0, 0, 0, -1, -1, 0, -1, 1, 1)"
Node_02218,5,[. O . | . O X | X . O],1,-0.9047,4,"[1, 3, 4, 8]",-0.9047,,-0.9691,-0.9324,,,,-0.934,,"(0, -1, 0, 0, -1, 1, 1, 0, -1)"
Node_02219,5,[. . X | . O X | O . O],8,-0.9169,4,"[1, 2, 4, 8]",-0.9214,-0.9216,,-0.9354,,,,-0.9169,,"(0, 0, 1, 0, -1, 1, -1, 0, -1)"
Node_02220,5,[X . . | . O X | O . O],4,-0.9202,4,"[2, 3, 4, 8]",,-0.9254,-0.9217,-0.9202,,,,-0.9245,,"(1, 0, 0, 0, -1, 1, -1, 0, -1)"
Node_02221,5,[O . . | X O . | X O .],9,-0.9215,4,"[2, 3, 6, 9]",,-0.9497,-0.9948,,,-0.9943,,,-0.9215,"(-1, 0, 0, 1, -1, 0, 1, -1, 0)"
Node_02222,5,[O X X | . O O | . . .],9,-0.9251,4,"[4, 7, 8, 9]",,,,-0.9578,,,-0.9892,-0.9576,-0.9251,"(-1, 1, 1, 0, -1, -1, 0, 0, 0)"
Node_02223,5,[. O . | X O . | O . X],3,-0.9264,4,"[1, 3, 6, 8]",-0.9852,,-0.9264,,,-0.9743,,-0.9283,,"(0, -1, 0, 1, -1, 0, -1, 0, 1)"
Node_02224,5,[X . O | O O . | . . X],6,-0.9282,4,"[2, 6, 7, 8]",,-0.9477,,,,-0.9282,-0.9352,-0.9351,,"(1, 0, -1, -1, -1, 0, 0, 0, 1)"
Node_02225,5,[X O . | . O O | . . X],3,-0.9354,4,"[3, 4, 7, 8]",,,-0.9354,-0.9407,,,-0.9411,-0.9407,,"(1, -1, 0, 0, -1, -1, 0, 0, 1)"
Node_02226,5,[O X O | . O X | . . .],4,-0.9419,4,"[4, 7, 8, 9]",,,,-0.9419,,,-0.9468,-0.9477,-0.9439,"(-1, 1, -1, 0, -1, 1, 0, 0, 0)"
Node_02227,5,[X O . | O O . | X . .],9,-0.942,4,"[3, 6, 8, 9]",,,-0.9943,,,-0.9463,,-0.9444,-0.942,"(1, -1, 0, -1, -1, 0, 1, 0, 0)"
Node_02228,5,[X . . | X O . | O O .],6,-0.9576,4,"[2, 3, 6, 9]",,-0.9583,-0.9617,,,-0.9576,,,-0.9618,"(1, 0, 0, 1, -1, 0, -1, -1, 0)"
Node_02229,5,[O X . | . O . | O X .],3,-0.9657,4,"[3, 4, 6, 9]",,,-0.9657,-0.9722,,-0.9657,,,-0.9657,"(-1, 1, 0, 0, -1, 0, -1, 1, 0)"
Node_02230,5,[O . O | X O X | . . .],2,-0.9936,4,"[2, 7, 8, 9]",,-0.9936,,,,,-0.9943,-0.9936,-0.9943,"(-1, 0, -1, 1, -1, 1, 0, 0, 0)"
Node_02231,6,[O X O | . X . | O . X],4,1.8,3,"[4, 6, 8]",,,,1.8,,-0.4406,,0.9202,,"(-1, 1, -1, 0, 1, 0, -1, 0, 1)"
Node_02232,6,[O . X | X X . | O . O],8,1.8,3,"[2, 6, 8]",,-0.2726,,,,0.9015,,1.8,,"(-1, 0, 1, 1, 1, 0, -1, 0, -1)"
Node_02233,6,[O X O | . X . | X . O],6,1.7999,3,"[4, 6, 8]",,,,-0.7358,,1.7999,,0.9477,,"(-1, 1, -1, 0, 1, 0, 1, 0, -1)"
Node_02234,6,[. O O | . X X | O X .],1,1.7999,3,"[1, 4, 9]",1.7999,,,0.6862,,,,,-0.2446,"(0, -1, -1, 0, 1, 1, -1, 1, 0)"
Node_02235,6,[. X O | . X . | O O X],6,1.7999,3,"[1, 4, 6]",0.8784,,,1.6892,,1.7999,,,,"(0, 1, -1, 0, 1, 0, -1, -1, 1)"
Node_02236,6,[X . O | . X . | O X O],6,1.7999,3,"[2, 4, 6]",,0.9529,,-0.3547,,1.7999,,,,"(1, 0, -1, 0, 1, 0, -1, 1, -1)"
Node_02237,6,[X O O | . X . | O X .],4,1.7997,3,"[4, 6, 9]",,,,1.7997,,1.4536,,,0.8147,"(1, -1, -1, 0, 1, 0, -1, 1, 0)"
Node_02238,6,[O . X | . X . | O X O],4,1.7995,3,"[2, 4, 6]",,0.7458,,1.7995,,-0.421,,,,"(-1, 0, 1, 0, 1, 0, -1, 1, -1)"
Node_02239,6,[O . O | . X X | X . O],2,1.7993,3,"[2, 4, 8]",,1.7993,,0.8649,,,,-0.1444,,"(-1, 0, -1, 0, 1, 1, 1, 0, -1)"
Node_02240,6,[O X . | O X X | . . O],7,1.7992,3,"[3, 7, 8]",,,-0.3259,,,,1.7992,0.8147,,"(-1, 1, 0, -1, 1, 1, 0, 0, -1)"
Node_02241,6,[O . X | X X O | . . O],2,1.7992,3,"[2, 7, 8]",,1.7992,,,,,0.8332,1.418,,"(-1, 0, 1, 1, 1, -1, 0, 0, -1)"
Node_02242,6,[. . O | X X O | O . X],8,1.7989,3,"[1, 2, 8]",0.8147,1.317,,,,,,1.7989,,"(0, 0, -1, 1, 1, -1, -1, 0, 1)"
Node_02243,6,[O . O | X X . | O . X],2,1.7989,3,"[2, 6, 8]",,1.7989,,,,0.8784,,-0.3717,,"(-1, 0, -1, 1, 1, 0, -1, 0, 1)"
Node_02244,6,[X . O | . X X | O . O],8,1.7988,3,"[2, 4, 8]",,-0.2395,,0.5217,,,,1.7988,,"(1, 0, -1, 0, 1, 1, -1, 0, -1)"
Node_02245,6,[. . O | O X X | O X .],1,1.7988,3,"[1, 2, 9]",1.7988,0.5217,,,,,,,0.1106,"(0, 0, -1, -1, 1, 1, -1, 1, 0)"
Node_02246,6,[O X . | . X X | . O O],7,1.7987,3,"[3, 4, 7]",,,-0.4373,0.9282,,,1.7987,,,"(-1, 1, 0, 0, 1, 1, 0, -1, -1)"
Node_02247,6,[. . O | . X X | O X O],1,1.7987,3,"[1, 2, 4]",1.7987,0.8784,,0.8499,,,,,,"(0, 0, -1, 0, 1, 1, -1, 1, -1)"
Node_02248,6,[O . . | O X X | X . O],8,1.7987,3,"[2, 3, 8]",,1.3333,0.8784,,,,,1.7987,,"(-1, 0, 0, -1, 1, 1, 1, 0, -1)"
Node_02249,6,[O X O | . X X | . . O],7,1.7982,3,"[4, 7, 8]",,,,0.7458,,,1.7982,0.8147,,"(-1, 1, -1, 0, 1, 1, 0, 0, -1)"
Node_02250,6,[O X . | O X . | X . O],6,1.7976,3,"[3, 6, 8]",,,0.7941,,,1.7976,,0.9529,,"(-1, 1, 0, -1, 1, 0, 1, 0, -1)"
Node_02251,6,[. X O | O X X | O . .],1,1.7972,3,"[1, 8, 9]",1.7972,,,,,,,0.8499,0.511,"(0, 1, -1, -1, 1, 1, -1, 0, 0)"
Node_02252,6,[X . O | O X X | O . .],8,1.7972,3,"[2, 8, 9]",,1.1855,,,,,,1.7972,0.6513,"(1, 0, -1, -1, 1, 1, -1, 0, 0)"
Node_02253,6,[X . O | O X . | O X .],6,1.7971,3,"[2, 6, 9]",,0.6513,,,,1.7971,,,0.8499,"(1, 0, -1, -1, 1, 0, -1, 1, 0)"
Node_02254,6,[X . X | O X O | . . O],8,1.7966,3,"[2, 7, 8]",,0.8784,,,,,0.8649,1.7966,,"(1, 0, 1, -1, 1, -1, 0, 0, -1)"
Node_02255,6,[O X O | X X . | O . .],9,1.796,3,"[6, 8, 9]",,,,,,0.8332,,0.7176,1.796,"(-1, 1, -1, 1, 1, 0, -1, 0, 0)"
Node_02256,6,[X . X | O X O | O . .],8,1.796,3,"[2, 8, 9]",,0.7941,,,,,,1.796,0.8332,"(1, 0, 1, -1, 1, -1, -1, 0, 0)"
Node_02257,6,[. . O | X X . | O O X],2,1.7958,3,"[1, 2, 6]",0.7176,1.7958,,,,0.7458,,,,"(0, 0, -1, 1, 1, 0, -1, -1, 1)"
Node_02258,6,[. . O | X X O | O X .],9,1.7955,3,"[1, 2, 9]",-0.5168,0.5217,,,,,,,1.7955,"(0, 0, -1, 1, 1, -1, -1, 1, 0)"
Node_02259,6,[O O X | . X . | . X O],6,1.7954,3,"[4, 6, 7]",,,,1.3776,,1.7954,0.7941,,,"(-1, -1, 1, 0, 1, 0, 0, 1, -1)"
Node_02260,6,[O O X | X X . | . O .],9,1.7953,3,"[6, 7, 9]",,,,,,0.7941,0.7458,,1.7953,"(-1, -1, 1, 1, 1, 0, 0, -1, 0)"
Node_02261,6,[X O . | . X . | X O O],6,1.7951,3,"[3, 4, 6]",,,0.6862,0.9114,,1.7951,,,,"(1, -1, 0, 0, 1, 0, 1, -1, -1)"
Node_02262,6,[X O X | O X O | . . .],8,1.7946,3,"[7, 8, 9]",,,,,,,0.8784,1.7946,0.6513,"(1, -1, 1, -1, 1, -1, 0, 0, 0)"
Node_02263,6,[X O O | . X . | X O .],6,1.7944,3,"[4, 6, 9]",,,,0.8906,,1.7944,,,0.8499,"(1, -1, -1, 0, 1, 0, 1, -1, 0)"
Node_02264,6,[O X . | X X O | . . O],3,1.7943,3,"[3, 7, 8]",,,1.7943,,,,-0.5192,0.6513,,"(-1, 1, 0, 1, 1, -1, 0, 0, -1)"
Node_02265,6,[O X . | . X . | X O O],4,1.7934,3,"[3, 4, 6]",,,0.9015,1.7934,,1.4487,,,,"(-1, 1, 0, 0, 1, 0, 1, -1, -1)"
Node_02266,6,[O . . | X X . | O X O],3,1.7905,3,"[2, 3, 6]",,0.6862,1.7905,,,0.7458,,,,"(-1, 0, 0, 1, 1, 0, -1, 1, -1)"
Node_02267,6,[. . O | O X O | X . X],2,1.7852,3,"[1, 2, 8]",0.4686,1.7852,,,,,,0.8499,,"(0, 0, -1, -1, 1, -1, 1, 0, 1)"
Node_02268,6,[O X . | O O X | . . X],7,1.7842,3,"[3, 7, 8]",,,0.8649,,,,1.7842,-0.3984,,"(-1, 1, 0, -1, -1, 1, 0, 0, 1)"
Node_02269,6,[. X . | X O O | . O X],1,1.7838,3,"[1, 3, 7]",1.7838,,0.0,,,,0.3076,,,"(0, 1, 0, 1, -1, -1, 0, -1, 1)"
Node_02270,6,[O X . | O X O | X . .],9,1.7837,3,"[3, 8, 9]",,,0.7176,,,,,0.7458,1.7837,"(-1, 1, 0, -1, 1, -1, 1, 0, 0)"
Node_02271,6,[O O X | X X . | . . O],8,1.7835,3,"[6, 7, 8]",,,,,,0.7941,0.8906,1.7835,,"(-1, -1, 1, 1, 1, 0, 0, 0, -1)"
Node_02272,6,[O . . | O X . | X X O],6,1.7818,3,"[2, 3, 6]",,0.5217,0.5695,,,1.7818,,,,"(-1, 0, 0, -1, 1, 0, 1, 1, -1)"
Node_02273,6,[. O X | X O O | . X .],7,1.7792,3,"[1, 7, 9]",0.0687,,,,,,1.7792,,0.7053,"(0, -1, 1, 1, -1, -1, 0, 1, 0)"
Node_02274,6,[. X O | X X O | O . .],9,1.7791,3,"[1, 8, 9]",-0.4159,,,,,,,0.7941,1.7791,"(0, 1, -1, 1, 1, -1, -1, 0, 0)"
Node_02275,6,[O . . | O X X | . X O],7,1.7785,3,"[2, 3, 7]",,0.8147,0.0865,,,,1.7785,,,"(-1, 0, 0, -1, 1, 1, 0, 1, -1)"
Node_02276,6,[O . X | . X O | . X O],4,1.7782,3,"[2, 4, 7]",,0.7941,,1.7782,,,0.8499,,,"(-1, 0, 1, 0, 1, -1, 0, 1, -1)"
Node_02277,6,[. O . | X X . | O O X],3,1.7781,3,"[1, 3, 6]",0.7712,,1.7781,,,0.9015,,,,"(0, -1, 0, 1, 1, 0, -1, -1, 1)"
Node_02278,6,[. X O | X X . | O O .],9,1.7722,3,"[1, 6, 9]",-0.2122,,,,,0.6513,,,1.7722,"(0, 1, -1, 1, 1, 0, -1, -1, 0)"
Node_02279,6,[. O X | . X . | O O X],4,1.7719,3,"[1, 4, 6]",0.5695,,,1.7719,,0.7458,,,,"(0, -1, 1, 0, 1, 0, -1, -1, 1)"
Node_02280,6,[. X O | . X O | O . X],4,1.77,3,"[1, 4, 8]",0.7712,,,1.77,,,,0.9282,,"(0, 1, -1, 0, 1, -1, -1, 0, 1)"
Node_02281,6,[X O . | O X O | X . .],8,1.7687,3,"[3, 8, 9]",,,0.7176,,,,,1.7687,0.8332,"(1, -1, 0, -1, 1, -1, 1, 0, 0)"
Node_02282,6,[O . . | O X O | X . X],2,1.7687,3,"[2, 3, 8]",,1.7687,0.6126,,,,,0.6862,,"(-1, 0, 0, -1, 1, -1, 1, 0, 1)"
Node_02283,6,[O O X | X O . | . X .],9,1.7683,3,"[6, 7, 9]",,,,,,-0.5695,0.0742,,1.7683,"(-1, -1, 1, 1, -1, 0, 0, 1, 0)"
Node_02284,6,[. X O | O X O | X . .],9,1.7674,3,"[1, 8, 9]",-0.4504,,,,,,,0.7176,1.7674,"(0, 1, -1, -1, 1, -1, 1, 0, 0)"
Node_02285,6,[O O . | . X X | . X O],3,1.7629,3,"[3, 4, 7]",,,1.7629,0.6513,,,0.3087,,,"(-1, -1, 0, 0, 1, 1, 0, 1, -1)"
Node_02286,6,[X . . | O X O | O X .],3,1.762,3,"[2, 3, 9]",,0.7458,1.762,,,,,,0.7712,"(1, 0, 0, -1, 1, -1, -1, 1, 0)"
Node_02287,6,[. O O | X X . | O X .],1,1.7617,3,"[1, 6, 9]",1.7617,,,,,0.8784,,,0.1286,"(0, -1, -1, 1, 1, 0, -1, 1, 0)"
Node_02288,6,[. X . | X O . | O O X],3,1.7611,3,"[1, 3, 6]",-0.4095,,1.7611,,,-0.2106,,,,"(0, 1, 0, 1, -1, 0, -1, -1, 1)"
Node_02289,6,[. X O | . X X | O O .],9,1.7587,3,"[1, 4, 9]",-0.0958,,,0.6862,,,,,1.7587,"(0, 1, -1, 0, 1, 1, -1, -1, 0)"
Node_02290,6,[X O . | O X . | X O .],6,1.7535,3,"[3, 6, 9]",,,0.975,,,1.7535,,,0.7712,"(1, -1, 0, -1, 1, 0, 1, -1, 0)"
Node_02291,6,[. . X | X O O | . X O],1,1.753,3,"[1, 2, 7]",1.753,-0.4073,,,,,0.5108,,,"(0, 0, 1, 1, -1, -1, 0, 1, -1)"
Node_02292,6,[O X . | X X . | . O O],7,1.7526,3,"[3, 6, 7]",,,-0.3392,,,0.5695,1.7526,,,"(-1, 1, 0, 1, 1, 0, 0, -1, -1)"
Node_02293,6,[. . X | O X O | . X O],1,1.7469,3,"[1, 2, 7]",1.7469,0.7176,,,,,0.7176,,,"(0, 0, 1, -1, 1, -1, 0, 1, -1)"
Node_02294,6,[O . . | . X X | X O O],2,1.7464,3,"[2, 3, 4]",,1.7464,0.5695,0.6862,,,,,,"(-1, 0, 0, 0, 1, 1, 1, -1, -1)"
Node_02295,6,[X O X | . X O | . O .],4,1.7433,3,"[4, 7, 9]",,,,1.7433,,,0.7176,,0.7712,"(1, -1, 1, 0, 1, -1, 0, -1, 0)"
Node_02296,6,[X . X | X O O | . . O],8,1.7423,3,"[2, 7, 8]",,0.4095,,,,,0.6126,1.7423,,"(1, 0, 1, 1, -1, -1, 0, 0, -1)"
Node_02297,6,[O O X | . X . | . O X],4,1.7412,3,"[4, 6, 7]",,,,1.7412,,0.6862,0.7176,,,"(-1, -1, 1, 0, 1, 0, 0, -1, 1)"
Node_02298,6,[X . X | . O O | . X O],4,1.7394,3,"[2, 4, 7]",,0.5217,,1.7394,,,-0.0856,,,"(1, 0, 1, 0, -1, -1, 0, 1, -1)"
Node_02299,6,[X X . | . O X | . O O],7,1.731,3,"[3, 4, 7]",,,0.5695,0.1118,,,1.731,,,"(1, 1, 0, 0, -1, 1, 0, -1, -1)"
Node_02300,6,[. O . | . X O | X O X],4,1.7309,3,"[1, 3, 4]",0.7712,,0.5217,1.7309,,,,,,"(0, -1, 0, 0, 1, -1, 1, -1, 1)"
Node_02301,6,[. X O | O X O | . . X],7,1.7283,3,"[1, 7, 8]",0.4095,,,,,,1.7283,0.3439,,"(0, 1, -1, -1, 1, -1, 0, 0, 1)"
Node_02302,6,[. . O | . X O | O X X],4,1.7256,3,"[1, 2, 4]",0.7176,0.5217,,1.7256,,,,,,"(0, 0, -1, 0, 1, -1, -1, 1, 1)"
Node_02303,6,[. O . | . X X | X O O],1,1.724,3,"[1, 3, 4]",1.724,,0.6862,0.6126,,,,,,"(0, -1, 0, 0, 1, 1, 1, -1, -1)"
Node_02304,6,[X O O | . X X | . O .],7,1.722,3,"[4, 7, 9]",,,,0.6513,,,1.722,,0.5695,"(1, -1, -1, 0, 1, 1, 0, -1, 0)"
Node_02305,6,[X O O | X X . | O . .],8,1.7168,3,"[6, 8, 9]",,,,,,0.4686,,1.7168,0.6126,"(1, -1, -1, 1, 1, 0, -1, 0, 0)"
Node_02306,6,[X X O | O X . | O . .],6,1.7155,3,"[6, 8, 9]",,,,,,1.7155,,0.5695,0.6862,"(1, 1, -1, -1, 1, 0, -1, 0, 0)"
Node_02307,6,[O O . | X X . | . O X],3,1.7095,3,"[3, 6, 7]",,,1.7095,,,0.6513,-0.3462,,,"(-1, -1, 0, 1, 1, 0, 0, -1, 1)"
Node_02308,6,[X O O | . X X | O . .],8,1.704,3,"[4, 8, 9]",,,,0.9015,,,,1.704,0.8147,"(1, -1, -1, 0, 1, 1, -1, 0, 0)"
Node_02309,6,[X O O | . O X | . X .],7,1.704,3,"[4, 7, 9]",,,,-0.3439,,,1.704,,-0.0215,"(1, -1, -1, 0, -1, 1, 0, 1, 0)"
Node_02310,6,[. X O | . O O | X . X],4,1.6974,3,"[1, 4, 8]",0.0124,,,1.6974,,,,0.3439,,"(0, 1, -1, 0, -1, -1, 1, 0, 1)"
Node_02311,6,[O X X | . X O | . . O],4,1.6928,3,"[4, 7, 8]",,,,1.6928,,,0.8784,0.7712,,"(-1, 1, 1, 0, 1, -1, 0, 0, -1)"
Node_02312,6,[O O X | X O . | . . X],8,1.6924,3,"[6, 7, 8]",,,,,,0.4095,-0.4095,1.6924,,"(-1, -1, 1, 1, -1, 0, 0, 0, 1)"
Node_02313,6,[. . X | O O X | O X .],1,1.6852,3,"[1, 2, 9]",1.6852,0.027,,,,,,,0.5695,"(0, 0, 1, -1, -1, 1, -1, 1, 0)"
Node_02314,6,[O . . | X X . | X O O],2,1.6817,3,"[2, 3, 6]",,1.6817,0.9282,,,0.6126,,,,"(-1, 0, 0, 1, 1, 0, 1, -1, -1)"
Node_02315,6,[O O X | . X X | . . O],8,1.672,3,"[4, 7, 8]",,,,0.4686,,,0.6862,1.672,,"(-1, -1, 1, 0, 1, 1, 0, 0, -1)"
Node_02316,6,[. X . | O O X | X O .],3,1.6702,3,"[1, 3, 9]",0.3052,,1.6702,,,,,,0.1974,"(0, 1, 0, -1, -1, 1, 1, -1, 0)"
Node_02317,6,[X . X | O O X | O . .],8,1.6673,3,"[2, 8, 9]",,0.6126,,,,,,1.6673,0.6862,"(1, 0, 1, -1, -1, 1, -1, 0, 0)"
Node_02318,6,[O O . | X X . | . X O],3,1.6632,3,"[3, 6, 7]",,,1.6632,,,0.3439,-0.0895,,,"(-1, -1, 0, 1, 1, 0, 0, 1, -1)"
Node_02319,6,[X . . | O X O | . X O],3,1.6599,3,"[2, 3, 7]",,0.6126,1.6599,,,,-0.4686,,,"(1, 0, 0, -1, 1, -1, 0, 1, -1)"
Node_02320,6,[. . O | . X X | O O X],2,1.6488,3,"[1, 2, 4]",0.6126,1.6488,,0.5695,,,,,,"(0, 0, -1, 0, 1, 1, -1, -1, 1)"
Node_02321,6,[O X . | O O . | X . X],6,1.6393,3,"[3, 6, 8]",,,-0.2242,,,1.6393,,0.6513,,"(-1, 1, 0, -1, -1, 0, 1, 0, 1)"
Node_02322,6,[. . X | X O . | O O X],2,1.6382,3,"[1, 2, 6]",0.1361,1.6382,,,,0.5217,,,,"(0, 0, 1, 1, -1, 0, -1, -1, 1)"
Node_02323,6,[. X O | X O O | X . .],9,1.6358,3,"[1, 8, 9]",0.5217,,,,,,,-0.3809,1.6358,"(0, 1, -1, 1, -1, -1, 1, 0, 0)"
Node_02324,6,[. O X | . O O | X X .],4,1.6344,3,"[1, 4, 9]",0.009,,,1.6344,,,,,0.5695,"(0, -1, 1, 0, -1, -1, 1, 1, 0)"
Node_02325,6,[X . X | O O . | O X .],6,1.6343,3,"[2, 6, 9]",,0.4095,,,,1.6343,,,-0.066,"(1, 0, 1, -1, -1, 0, -1, 1, 0)"
Node_02326,6,[. O X | . X O | . O X],4,1.6334,3,"[1, 4, 7]",0.6126,,,1.6334,,,0.6513,,,"(0, -1, 1, 0, 1, -1, 0, -1, 1)"
Node_02327,6,[O X . | O O X | X . .],9,1.6272,3,"[3, 8, 9]",,,-0.5217,,,,,-0.19,1.6272,"(-1, 1, 0, -1, -1, 1, 1, 0, 0)"
Node_02328,6,[. . X | O O X | X O .],2,1.6256,3,"[1, 2, 9]",-0.1,1.6256,,,,,,,0.5695,"(0, 0, 1, -1, -1, 1, 1, -1, 0)"
Node_02329,6,[. X X | . O . | O O X],4,1.6165,3,"[1, 4, 6]",0.271,,,1.6165,,0.1,,,,"(0, 1, 1, 0, -1, 0, -1, -1, 1)"
Node_02330,6,[X . . | O X O | X O .],2,1.6081,3,"[2, 3, 9]",,1.6081,0.8784,,,,,,0.5695,"(1, 0, 0, -1, 1, -1, 1, -1, 0)"
Node_02331,6,[. O . | O X . | X O X],6,1.6068,3,"[1, 3, 6]",0.271,,0.5217,,,1.6068,,,,"(0, -1, 0, -1, 1, 0, 1, -1, 1)"
Node_02332,6,[. X . | . O X | X O O],1,1.5982,3,"[1, 3, 4]",1.5982,,-0.1469,-0.271,,,,,,"(0, 1, 0, 0, -1, 1, 1, -1, -1)"
Node_02333,6,[. X O | X O O | . . X],7,1.5946,3,"[1, 7, 8]",0.0153,,,,,,1.5946,0.0774,,"(0, 1, -1, 1, -1, -1, 0, 0, 1)"
Node_02334,6,[O . . | X X O | . X O],3,1.5876,3,"[2, 3, 7]",,0.4095,1.5876,,,,0.5059,,,"(-1, 0, 0, 1, 1, -1, 0, 1, -1)"
Node_02335,6,[X O . | O O X | . X .],9,1.5839,3,"[3, 7, 9]",,,0.342,,,,0.1209,,1.5839,"(1, -1, 0, -1, -1, 1, 0, 1, 0)"
Node_02336,6,[X O O | . O X | X . .],8,1.5837,3,"[4, 8, 9]",,,,0.5695,,,,1.5837,-0.2425,"(1, -1, -1, 0, -1, 1, 1, 0, 0)"
Node_02337,6,[X . . | . O X | X O O],2,1.5783,3,"[2, 3, 4]",,1.5783,-0.1776,0.5217,,,,,,"(1, 0, 0, 0, -1, 1, 1, -1, -1)"
Node_02338,6,[X O O | O . . | X . X],6,1.5753,3,"[5, 6, 8]",,,,,0.5217,1.5753,,0.3439,,"(1, -1, -1, -1, 0, 0, 1, 0, 1)"
Node_02339,6,[. O X | X X . | O O .],9,1.5669,3,"[1, 6, 9]",-0.1372,,,,,0.3439,,,1.5669,"(0, -1, 1, 1, 1, 0, -1, -1, 0)"
Node_02340,6,[X . O | . . O | X O X],2,1.5628,3,"[2, 4, 5]",,1.5628,,0.3439,0.4095,,,,,"(1, 0, -1, 0, 0, -1, 1, -1, 1)"
Node_02341,6,[O O . | X . O | X . X],3,1.5577,3,"[3, 5, 8]",,,1.5577,,-0.3033,,,0.4686,,"(-1, -1, 0, 1, 0, -1, 1, 0, 1)"
Node_02342,6,[X . . | X O O | . X O],3,1.5452,3,"[2, 3, 7]",,0.0079,1.5452,,,,0.6513,,,"(1, 0, 0, 1, -1, -1, 0, 1, -1)"
Node_02343,6,[. O X | O X O | . . X],8,1.5393,3,"[1, 7, 8]",0.7176,,,,,,0.6513,1.5393,,"(0, -1, 1, -1, 1, -1, 0, 0, 1)"
Node_02344,6,[. X X | X O . | O O .],9,1.5385,3,"[1, 6, 9]",0.4686,,,,,-0.255,,,1.5385,"(0, 1, 1, 1, -1, 0, -1, -1, 0)"
Node_02345,6,[. X . | O X O | X O .],9,1.5326,3,"[1, 3, 9]",0.9057,,0.4095,,,,,,1.5326,"(0, 1, 0, -1, 1, -1, 1, -1, 0)"
Node_02346,6,[X X . | . O O | . O X],4,1.5306,3,"[3, 4, 7]",,,0.6126,1.5306,,,-0.4095,,,"(1, 1, 0, 0, -1, -1, 0, -1, 1)"
Node_02347,6,[X . . | O O X | O X .],3,1.5104,3,"[2, 3, 9]",,-0.3,1.5104,,,,,,-0.3439,"(1, 0, 0, -1, -1, 1, -1, 1, 0)"
Node_02348,6,[. O X | O X X | . O .],1,1.5033,3,"[1, 7, 9]",1.5033,,,,,,0.5695,,0.6862,"(0, -1, 1, -1, 1, 1, 0, -1, 0)"
Node_02349,6,[. . X | O X O | O X .],1,1.4944,3,"[1, 2, 9]",1.4944,0.271,,,,,,,0.111,"(0, 0, 1, -1, 1, -1, -1, 1, 0)"
Node_02350,6,[. X X | O X O | . O .],9,1.4896,3,"[1, 7, 9]",0.271,,,,,,0.3439,,1.4896,"(0, 1, 1, -1, 1, -1, 0, -1, 0)"
Node_02351,6,[X X . | . O . | X O O],6,1.4861,3,"[3, 4, 6]",,,0.5695,0.4095,,1.4861,,,,"(1, 1, 0, 0, -1, 0, 1, -1, -1)"
Node_02352,6,[. O . | O X X | X O .],1,1.4801,3,"[1, 3, 9]",1.4801,,0.5217,,,,,,0.7848,"(0, -1, 0, -1, 1, 1, 1, -1, 0)"
Node_02353,6,[O O . | X O . | . X X],3,1.4587,3,"[3, 6, 7]",,,1.4587,,,0.0446,0.5695,,,"(-1, -1, 0, 1, -1, 0, 0, 1, 1)"
Node_02354,6,[X O . | O X X | . O .],7,1.4477,3,"[3, 7, 9]",,,0.6914,,,,1.4477,,0.5217,"(1, -1, 0, -1, 1, 1, 0, -1, 0)"
Node_02355,6,[. O X | O X O | . X .],1,1.4422,3,"[1, 7, 9]",1.4422,,,,,,0.3439,,0.4596,"(0, -1, 1, -1, 1, -1, 0, 1, 0)"
Node_02356,6,[. O . | O X O | X X .],1,1.435,3,"[1, 3, 9]",1.435,,0.4686,,,,,,0.5695,"(0, -1, 0, -1, 1, -1, 1, 1, 0)"
Node_02357,6,[. O . | X X O | X O .],9,1.4195,3,"[1, 3, 9]",0.4686,,0.6862,,,,,,1.4195,"(0, -1, 0, 1, 1, -1, 1, -1, 0)"
Node_02358,6,[. . X | O X O | . O X],2,1.4166,3,"[1, 2, 7]",0.4095,1.4166,,,,,0.4686,,,"(0, 0, 1, -1, 1, -1, 0, -1, 1)"
Node_02359,6,[. O X | X X O | . O .],9,1.4132,3,"[1, 7, 9]",0.7818,,,,,,0.5217,,1.4132,"(0, -1, 1, 1, 1, -1, 0, -1, 0)"
Node_02360,6,[X O O | . . X | O X .],5,1.3835,3,"[4, 5, 9]",,,,-0.4435,1.3835,,,,0.1648,"(1, -1, -1, 0, 0, 1, -1, 1, 0)"
Node_02361,6,[O X O | X . . | O . X],5,1.3769,3,"[5, 6, 8]",,,,,1.3769,-0.05,,0.1375,,"(-1, 1, -1, 1, 0, 0, -1, 0, 1)"
Node_02362,6,[X . X | X . O | O O .],9,1.374,3,"[2, 5, 9]",,0.3439,,,-0.271,,,,1.374,"(1, 0, 1, 1, 0, -1, -1, -1, 0)"
Node_02363,6,[. O O | . X X | X O .],1,1.3637,3,"[1, 4, 9]",1.3637,,,0.7458,,,,,-0.0227,"(0, -1, -1, 0, 1, 1, 1, -1, 0)"
Node_02364,6,[. O . | X X O | . O X],7,1.3566,3,"[1, 3, 7]",0.3439,,0.3414,,,,1.3566,,,"(0, -1, 0, 1, 1, -1, 0, -1, 1)"
Node_02365,6,[O . X | O . . | X O X],2,1.3478,3,"[2, 5, 6]",,1.3478,,,0.4095,0.4095,,,,"(-1, 0, 1, -1, 0, 0, 1, -1, 1)"
Node_02366,6,[O . . | O . X | X X O],5,1.3359,3,"[2, 3, 5]",,-0.4771,-0.271,,1.3359,,,,,"(-1, 0, 0, -1, 0, 1, 1, 1, -1)"
Node_02367,6,[X O X | . . O | X . O],8,1.3165,3,"[4, 5, 8]",,,,0.4686,0.19,,,1.3165,,"(1, -1, 1, 0, 0, -1, 1, 0, -1)"
Node_02368,6,[X O . | . . O | X X O],3,1.294,3,"[3, 4, 5]",,,1.294,0.5217,-0.2738,,,,,"(1, -1, 0, 0, 0, -1, 1, 1, -1)"
Node_02369,6,[O X O | . . O | . X X],4,1.2924,3,"[4, 5, 7]",,,,1.2924,0.19,,0.1,,,"(-1, 1, -1, 0, 0, -1, 0, 1, 1)"
Node_02370,6,[O X . | O X O | . . X],7,1.2889,3,"[3, 7, 8]",,,-0.0276,,,,1.2889,0.5217,,"(-1, 1, 0, -1, 1, -1, 0, 0, 1)"
Node_02371,6,[. O X | X O O | X . .],8,1.2739,3,"[1, 8, 9]",0.7176,,,,,,,1.2739,-0.0641,"(0, -1, 1, 1, -1, -1, 1, 0, 0)"
Node_02372,6,[X O X | O . . | O . X],8,1.2645,3,"[5, 6, 8]",,,,,0.4686,0.6126,,1.2645,,"(1, -1, 1, -1, 0, 0, -1, 0, 1)"
Node_02373,6,[. O X | O . . | O X X],1,1.2312,3,"[1, 5, 6]",1.2312,,,,-0.271,0.4095,,,,"(0, -1, 1, -1, 0, 0, -1, 1, 1)"
Node_02374,6,[. . X | O . X | X O O],1,1.2218,3,"[1, 2, 5]",1.2218,0.7739,,,0.3439,,,,,"(0, 0, 1, -1, 0, 1, 1, -1, -1)"
Node_02375,6,[. O O | X . X | . X O],1,1.205,3,"[1, 5, 7]",1.205,,,,0.271,,-0.1,,,"(0, -1, -1, 1, 0, 1, 0, 1, -1)"
Node_02376,6,[X O X | O . . | O X .],9,1.2007,3,"[5, 6, 9]",,,,,0.2724,0.1589,,,1.2007,"(1, -1, 1, -1, 0, 0, -1, 1, 0)"
Node_02377,6,[. O . | X O O | X X .],3,1.1874,3,"[1, 3, 9]",0.4686,,1.1874,,,,,,0.271,"(0, -1, 0, 1, -1, -1, 1, 1, 0)"
Node_02378,6,[X . O | . . X | O X O],5,1.1829,3,"[2, 4, 5]",,0.1091,,0.4106,1.1829,,,,,"(1, 0, -1, 0, 0, 1, -1, 1, -1)"
Node_02379,6,[O . X | X . . | O X O],5,1.1724,3,"[2, 5, 6]",,-0.19,,,1.1724,-0.2458,,,,"(-1, 0, 1, 1, 0, 0, -1, 1, -1)"
Node_02380,6,[O X O | . . X | X . O],5,1.1693,3,"[4, 5, 8]",,,,0.1934,1.1693,,,0.078,,"(-1, 1, -1, 0, 0, 1, 1, 0, -1)"
Node_02381,6,[X X . | O . X | O . O],8,1.164,3,"[3, 5, 8]",,,0.4095,,-0.271,,,1.164,,"(1, 1, 0, -1, 0, 1, -1, 0, -1)"
Node_02382,6,[X . X | O . O | . X O],5,1.155,3,"[2, 5, 7]",,0.19,,,1.155,,-0.1671,,,"(1, 0, 1, -1, 0, -1, 0, 1, -1)"
Node_02383,6,[. X X | . . O | X O O],4,1.1508,3,"[1, 4, 5]",0.4095,,,1.1508,0.3439,,,,,"(0, 1, 1, 0, 0, -1, 1, -1, -1)"
Node_02384,6,[X X O | O . X | O . .],5,1.1502,3,"[5, 8, 9]",,,,,1.1502,,,-0.271,-0.19,"(1, 1, -1, -1, 0, 1, -1, 0, 0)"
Node_02385,6,[. X O | . . X | O O X],5,1.1453,3,"[1, 4, 5]",-0.0752,,,-0.271,1.1453,,,,,"(0, 1, -1, 0, 0, 1, -1, -1, 1)"
Node_02386,6,[. O O | X . O | . X X],1,1.1367,3,"[1, 5, 7]",1.1367,,,,-0.271,,0.3439,,,"(0, -1, -1, 1, 0, -1, 0, 1, 1)"
Node_02387,6,[X X O | . . O | . O X],7,1.1288,3,"[4, 5, 7]",,,,0.0,0.271,,1.1288,,,"(1, 1, -1, 0, 0, -1, 0, -1, 1)"
Node_02388,6,[. X O | X . . | O O X],5,1.124,3,"[1, 5, 6]",0.1619,,,,1.124,0.1781,,,,"(0, 1, -1, 1, 0, 0, -1, -1, 1)"
Node_02389,6,[O X . | O . . | X O X],3,1.1148,3,"[3, 5, 6]",,,1.1148,,0.0,0.1417,,,,"(-1, 1, 0, -1, 0, 0, 1, -1, 1)"
Node_02390,6,[O O X | X . . | O X .],6,1.0981,3,"[5, 6, 9]",,,,,0.3002,1.0981,,,0.1152,"(-1, -1, 1, 1, 0, 0, -1, 1, 0)"
Node_02391,6,[O X . | O . O | X . X],5,1.0967,3,"[3, 5, 8]",,,0.169,,1.0967,,,0.271,,"(-1, 1, 0, -1, 0, -1, 1, 0, 1)"
Node_02392,6,[. . X | X . O | O O X],1,1.0893,3,"[1, 2, 5]",1.0893,0.5103,,,0.3258,,,,,"(0, 0, 1, 1, 0, -1, -1, -1, 1)"
Node_02393,6,[. O . | X . O | X O X],5,1.0837,3,"[1, 3, 5]",0.19,,-0.2391,,1.0837,,,,,"(0, -1, 0, 1, 0, -1, 1, -1, 1)"
Node_02394,6,[X O . | O X O | . X .],3,1.081,3,"[3, 7, 9]",,,1.081,,,,0.4787,,0.271,"(1, -1, 0, -1, 1, -1, 0, 1, 0)"
Node_02395,6,[. X . | O X O | . O X],3,1.0771,3,"[1, 3, 7]",0.4686,,1.0771,,,,0.6129,,,"(0, 1, 0, -1, 1, -1, 0, -1, 1)"
Node_02396,6,[X O O | X . . | O X .],5,1.074,3,"[5, 6, 9]",,,,,1.074,0.0488,,,-0.3439,"(1, -1, -1, 1, 0, 0, -1, 1, 0)"
Node_02397,6,[. O X | X . . | O O X],5,1.0675,3,"[1, 5, 6]",0.0254,,,,1.0675,0.271,,,,"(0, -1, 1, 1, 0, 0, -1, -1, 1)"
Node_02398,6,[O X O | X . O | . . X],8,1.0629,3,"[5, 7, 8]",,,,,0.0,,0.0,1.0629,,"(-1, 1, -1, 1, 0, -1, 0, 0, 1)"
Node_02399,6,[X O X | . . O | . X O],7,1.0472,3,"[4, 5, 7]",,,,0.3304,0.1784,,1.0472,,,"(1, -1, 1, 0, 0, -1, 0, 1, -1)"
Node_02400,6,[X . X | O . O | O X .],5,1.0358,3,"[2, 5, 9]",,0.3439,,,1.0358,,,,-0.0973,"(1, 0, 1, -1, 0, -1, -1, 1, 0)"
Node_02401,6,[X X . | X . O | O O .],9,1.0315,3,"[3, 5, 9]",,,0.3439,,-0.2053,,,,1.0315,"(1, 1, 0, 1, 0, -1, -1, -1, 0)"
Node_02402,6,[. . O | X . O | O X X],5,1.0147,3,"[1, 2, 5]",0.2186,-0.072,,,1.0147,,,,,"(0, 0, -1, 1, 0, -1, -1, 1, 1)"
Node_02403,6,[X X O | . . O | X O .],9,1.0112,3,"[4, 5, 9]",,,,0.19,0.5963,,,,1.0112,"(1, 1, -1, 0, 0, -1, 1, -1, 0)"
Node_02404,6,[. X O | O . O | X . X],5,1.0073,3,"[1, 5, 8]",0.0053,,,,1.0073,,,0.1,,"(0, 1, -1, -1, 0, -1, 1, 0, 1)"
Node_02405,6,[O O X | X X O | . . .],7,1.0,3,"[7, 8, 9]",,,,,,,1.0,0.0945,0.4097,"(-1, -1, 1, 1, 1, -1, 0, 0, 0)"
Node_02406,6,[X O . | O X . | O X .],9,1.0,3,"[3, 6, 9]",,,0.3952,,,0.3213,,,1.0,"(1, -1, 0, -1, 1, 0, -1, 1, 0)"
Node_02407,6,[. X O | O X . | X . O],8,1.0,3,"[1, 6, 8]",-0.6451,,,,,0.3633,,1.0,,"(0, 1, -1, -1, 1, 0, 1, 0, -1)"
Node_02408,6,[O X . | X X . | O O .],6,1.0,3,"[3, 6, 9]",,,-0.7455,,,1.0,,,0.3955,"(-1, 1, 0, 1, 1, 0, -1, -1, 0)"
Node_02409,6,[O O X | X X . | O . .],6,1.0,3,"[6, 8, 9]",,,,,,1.0,,0.3083,0.315,"(-1, -1, 1, 1, 1, 0, -1, 0, 0)"
Node_02410,6,[X O O | O X X | . . .],9,1.0,3,"[7, 8, 9]",,,,,,,0.3823,0.3368,1.0,"(1, -1, -1, -1, 1, 1, 0, 0, 0)"
Node_02411,6,[O . O | X X . | X O .],6,1.0,3,"[2, 6, 9]",,0.0596,,,,1.0,,,-0.7198,"(-1, 0, -1, 1, 1, 0, 1, -1, 0)"
Node_02412,6,[O X O | . X O | X . .],8,1.0,3,"[4, 8, 9]",,,,-0.7984,,,,1.0,0.6221,"(-1, 1, -1, 0, 1, -1, 1, 0, 0)"
Node_02413,6,[. . . | X X O | O X O],2,1.0,3,"[1, 2, 3]",-0.7802,1.0,0.2485,,,,,,,"(0, 0, 0, 1, 1, -1, -1, 1, -1)"
Node_02414,6,[X O O | . X X | . . O],4,1.0,3,"[4, 7, 8]",,,,1.0,,,0.3953,0.3558,,"(1, -1, -1, 0, 1, 1, 0, 0, -1)"
Node_02415,6,[O X O | O X . | X . .],8,1.0,3,"[6, 8, 9]",,,,,,0.5617,,1.0,0.4128,"(-1, 1, -1, -1, 1, 0, 1, 0, 0)"
Node_02416,6,[. . X | . X O | O X O],2,1.0,3,"[1, 2, 4]",0.3808,1.0,,0.2728,,,,,,"(0, 0, 1, 0, 1, -1, -1, 1, -1)"
Node_02417,6,[. . O | . X X | X O O],4,1.0,3,"[1, 2, 4]",0.1452,0.4263,,1.0,,,,,,"(0, 0, -1, 0, 1, 1, 1, -1, -1)"
Node_02418,6,[X . . | O X . | O X O],2,1.0,3,"[2, 3, 6]",,1.0,0.5634,,,0.2386,,,,"(1, 0, 0, -1, 1, 0, -1, 1, -1)"
Node_02419,6,[. O O | . X X | . X O],4,1.0,3,"[1, 4, 7]",0.2216,,,1.0,,,-0.694,,,"(0, -1, -1, 0, 1, 1, 0, 1, -1)"
Node_02420,6,[. O . | . X X | O X O],4,1.0,3,"[1, 3, 4]",0.3828,,0.0957,1.0,,,,,,"(0, -1, 0, 0, 1, 1, -1, 1, -1)"
Node_02421,6,[O . O | . X O | X . X],8,1.0,3,"[2, 4, 8]",,0.4138,,-0.6862,,,,1.0,,"(-1, 0, -1, 0, 1, -1, 1, 0, 1)"
Node_02422,6,[O . O | O X . | X . X],8,1.0,3,"[2, 6, 8]",,0.2874,,,,-0.8071,,1.0,,"(-1, 0, -1, -1, 1, 0, 1, 0, 1)"
Node_02423,6,[O X . | X X O | O . .],8,1.0,3,"[3, 8, 9]",,,0.4344,,,,,1.0,0.2612,"(-1, 1, 0, 1, 1, -1, -1, 0, 0)"
Node_02424,6,[X . O | . X . | X O O],4,1.0,3,"[2, 4, 6]",,-0.8099,,1.0,,0.6145,,,,"(1, 0, -1, 0, 1, 0, 1, -1, -1)"
Node_02425,6,[X . X | . X O | O . O],2,1.0,3,"[2, 4, 8]",,1.0,,-0.7609,,,,0.0288,,"(1, 0, 1, 0, 1, -1, -1, 0, -1)"
Node_02426,6,[O X O | O X X | . . .],8,1.0,3,"[7, 8, 9]",,,,,,,0.4216,1.0,-0.8611,"(-1, 1, -1, -1, 1, 1, 0, 0, 0)"
Node_02427,6,[O O . | X X . | O X .],6,1.0,3,"[3, 6, 9]",,,0.4043,,,1.0,,,-0.7768,"(-1, -1, 0, 1, 1, 0, -1, 1, 0)"
Node_02428,6,[O . X | X X . | . O O],6,1.0,3,"[2, 6, 7]",,-0.1311,,,,1.0,0.7941,,,"(-1, 0, 1, 1, 1, 0, 0, -1, -1)"
Node_02429,6,[X O O | O X . | X . .],9,1.0,3,"[6, 8, 9]",,,,,,0.232,,0.3157,1.0,"(1, -1, -1, -1, 1, 0, 1, 0, 0)"
Node_02430,6,[X . O | . X X | . O O],4,1.0,3,"[2, 4, 7]",,-0.8735,,1.0,,,0.6436,,,"(1, 0, -1, 0, 1, 1, 0, -1, -1)"
Node_02431,6,[. . . | O X X | O X O],2,1.0,3,"[1, 2, 3]",0.4774,1.0,-0.7396,,,,,,,"(0, 0, 0, -1, 1, 1, -1, 1, -1)"
Node_02432,6,[O O X | . X X | O . .],9,1.0,3,"[4, 8, 9]",,,,0.9354,,,,-0.5113,1.0,"(-1, -1, 1, 0, 1, 1, -1, 0, 0)"
Node_02433,6,[O X O | X X O | . . .],8,1.0,3,"[7, 8, 9]",,,,,,,-0.6548,1.0,0.4611,"(-1, 1, -1, 1, 1, -1, 0, 0, 0)"
Node_02434,6,[O O . | X X . | O . X],6,1.0,3,"[3, 6, 8]",,,0.2491,,,1.0,,-0.6942,,"(-1, -1, 0, 1, 1, 0, -1, 0, 1)"
Node_02435,6,[O . . | X X . | O O X],6,1.0,3,"[2, 3, 6]",,0.3771,0.4341,,,1.0,,,,"(-1, 0, 0, 1, 1, 0, -1, -1, 1)"
Node_02436,6,[. O X | O X X | O . .],9,1.0,3,"[1, 8, 9]",0.1288,,,,,,,-0.8323,1.0,"(0, -1, 1, -1, 1, 1, -1, 0, 0)"
Node_02437,6,[. . . | X X O | O O X],1,1.0,3,"[1, 2, 3]",1.0,0.1668,0.234,,,,,,,"(0, 0, 0, 1, 1, -1, -1, -1, 1)"
Node_02438,6,[. O O | . X X | X . O],4,1.0,3,"[1, 4, 8]",0.2058,,,1.0,,,,-0.7415,,"(0, -1, -1, 0, 1, 1, 1, 0, -1)"
Node_02439,6,[. X O | . X X | . O O],4,1.0,3,"[1, 4, 7]",-0.9198,,,1.0,,,0.434,,,"(0, 1, -1, 0, 1, 1, 0, -1, -1)"
Node_02440,6,[X O O | . X . | X . O],4,1.0,3,"[4, 6, 8]",,,,1.0,,0.3666,,-0.839,,"(1, -1, -1, 0, 1, 0, 1, 0, -1)"
Node_02441,6,[O . X | X X . | O O .],6,0.9999,3,"[2, 6, 9]",,-0.7719,,,,0.9999,,,0.2812,"(-1, 0, 1, 1, 1, 0, -1, -1, 0)"
Node_02442,6,[. X O | O X X | . . O],8,0.9999,3,"[1, 7, 8]",0.3277,,,,,,0.3973,0.9999,,"(0, 1, -1, -1, 1, 1, 0, 0, -1)"
Node_02443,6,[. O O | . X O | X . X],8,0.9999,3,"[1, 4, 8]",0.7458,,,-0.4899,,,,0.9999,,"(0, -1, -1, 0, 1, -1, 1, 0, 1)"
Node_02444,6,[. . X | O X . | O X O],2,0.9999,3,"[1, 2, 6]",0.41,0.9999,,,,-0.6097,,,,"(0, 0, 1, -1, 1, 0, -1, 1, -1)"
Node_02445,6,[. . . | O X X | X O O],3,0.9999,3,"[1, 2, 3]",0.4479,0.4154,0.9999,,,,,,,"(0, 0, 0, -1, 1, 1, 1, -1, -1)"
Node_02446,6,[O . . | X X O | O X .],2,0.9999,3,"[2, 3, 9]",,0.9999,0.1771,,,,,,0.3447,"(-1, 0, 0, 1, 1, -1, -1, 1, 0)"
Node_02447,6,[O O X | . X . | O . X],6,0.9999,3,"[4, 6, 8]",,,,0.5039,,0.9999,,-0.646,,"(-1, -1, 1, 0, 1, 0, -1, 0, 1)"
Node_02448,6,[O X O | . X O | . . X],8,0.9999,3,"[4, 7, 8]",,,,0.1845,,,0.3248,0.9999,,"(-1, 1, -1, 0, 1, -1, 0, 0, 1)"
Node_02449,6,[. O X | . X X | O . O],4,0.9999,3,"[1, 4, 8]",-0.5633,,,0.9999,,,,0.1515,,"(0, -1, 1, 0, 1, 1, -1, 0, -1)"
Node_02450,6,[. X . | O X . | X O O],3,0.9999,3,"[1, 3, 6]",0.4757,,0.9999,,,0.488,,,,"(0, 1, 0, -1, 1, 0, 1, -1, -1)"
Node_02451,6,[. . O | O X X | . X O],2,0.9999,3,"[1, 2, 7]",0.3656,0.9999,,,,,0.2985,,,"(0, 0, -1, -1, 1, 1, 0, 1, -1)"
Node_02452,6,[. O . | O X X | X . O],3,0.9998,3,"[1, 3, 8]",0.3467,,0.9998,,,,,0.3967,,"(0, -1, 0, -1, 1, 1, 1, 0, -1)"
Node_02453,6,[X O X | . X O | O . .],9,0.9998,3,"[4, 8, 9]",,,,0.2795,,,,0.5284,0.9998,"(1, -1, 1, 0, 1, -1, -1, 0, 0)"
Node_02454,6,[X . X | X O O | O . .],2,0.9998,3,"[2, 8, 9]",,0.9998,,,,,,0.3605,0.2271,"(1, 0, 1, 1, -1, -1, -1, 0, 0)"
Node_02455,6,[. O O | X X . | O . X],1,0.9998,3,"[1, 6, 8]",0.9998,,,,,0.8499,,-0.5629,,"(0, -1, -1, 1, 1, 0, -1, 0, 1)"
Node_02456,6,[X O X | . X O | . . O],7,0.9997,3,"[4, 7, 8]",,,,0.3915,,,0.9997,0.4081,,"(1, -1, 1, 0, 1, -1, 0, 0, -1)"
Node_02457,6,[. X O | . X O | . O X],1,0.9997,3,"[1, 4, 7]",0.9997,,,0.4929,,,0.2893,,,"(0, 1, -1, 0, 1, -1, 0, -1, 1)"
Node_02458,6,[X . X | . X O | O O .],2,0.9997,3,"[2, 4, 9]",,0.9997,,-0.5424,,,,,0.8332,"(1, 0, 1, 0, 1, -1, -1, -1, 0)"
Node_02459,6,[X O . | X X . | O . O],6,0.9997,3,"[3, 6, 8]",,,-0.7348,,,0.9997,,0.4378,,"(1, -1, 0, 1, 1, 0, -1, 0, -1)"
Node_02460,6,[O . . | . X O | X O X],3,0.9997,3,"[2, 3, 4]",,0.593,0.9997,0.0955,,,,,,"(-1, 0, 0, 0, 1, -1, 1, -1, 1)"
Node_02461,6,[O O . | O X . | X X .],9,0.9997,3,"[3, 6, 9]",,,0.7712,,,-0.4717,,,0.9997,"(-1, -1, 0, -1, 1, 0, 1, 1, 0)"
Node_02462,6,[O X O | . X X | . O .],4,0.9997,3,"[4, 7, 9]",,,,0.9997,,,0.4099,,0.2478,"(-1, 1, -1, 0, 1, 1, 0, -1, 0)"
Node_02463,6,[X . . | O X . | X O O],3,0.9997,3,"[2, 3, 6]",,0.2459,0.9997,,,0.6764,,,,"(1, 0, 0, -1, 1, 0, 1, -1, -1)"
Node_02464,6,[. O X | . O . | O X X],6,0.9996,3,"[1, 4, 6]",0.2904,,,0.3277,,0.9996,,,,"(0, -1, 1, 0, -1, 0, -1, 1, 1)"
Node_02465,6,[. O X | . X O | . X O],7,0.9996,3,"[1, 4, 7]",0.1649,,,0.1748,,,0.9996,,,"(0, -1, 1, 0, 1, -1, 0, 1, -1)"
Node_02466,6,[O X . | X X . | O . O],6,0.9996,3,"[3, 6, 8]",,,0.0882,,,0.9996,,0.8147,,"(-1, 1, 0, 1, 1, 0, -1, 0, -1)"
Node_02467,6,[O . O | . X X | . X O],2,0.9996,3,"[2, 4, 7]",,0.9996,,0.8332,,,-0.4353,,,"(-1, 0, -1, 0, 1, 1, 0, 1, -1)"
Node_02468,6,[O X . | O X . | X O .],3,0.9996,3,"[3, 6, 9]",,,0.9996,,,0.4727,,,0.4428,"(-1, 1, 0, -1, 1, 0, 1, -1, 0)"
Node_02469,6,[X . O | O X . | X O .],9,0.9996,3,"[2, 6, 9]",,0.2384,,,,0.2324,,,0.9996,"(1, 0, -1, -1, 1, 0, 1, -1, 0)"
Node_02470,6,[. X . | . X O | O O X],1,0.9996,3,"[1, 3, 4]",0.9996,,0.1379,0.2059,,,,,,"(0, 1, 0, 0, 1, -1, -1, -1, 1)"
Node_02471,6,[X . O | . X O | O X .],2,0.9996,3,"[2, 4, 9]",,0.9996,,-0.0302,,,,,0.8649,"(1, 0, -1, 0, 1, -1, -1, 1, 0)"
Node_02472,6,[O . O | O X . | X X .],9,0.9995,3,"[2, 6, 9]",,0.8906,,,,-0.2621,,,0.9995,"(-1, 0, -1, -1, 1, 0, 1, 1, 0)"
Node_02473,6,[O . X | . X . | O O X],6,0.9994,3,"[2, 4, 6]",,-0.7914,,0.5611,,0.9994,,,,"(-1, 0, 1, 0, 1, 0, -1, -1, 1)"
Node_02474,6,[X O . | O X . | X . O],3,0.9993,3,"[3, 6, 8]",,,0.9993,,,0.4669,,0.2531,,"(1, -1, 0, -1, 1, 0, 1, 0, -1)"
Node_02475,6,[X . X | O X . | O . O],2,0.9993,3,"[2, 6, 8]",,0.9993,,,,-0.6049,,0.4998,,"(1, 0, 1, -1, 1, 0, -1, 0, -1)"
Node_02476,6,[O . O | X X . | O X .],6,0.9991,3,"[2, 6, 9]",,0.8499,,,,0.9991,,,-0.4565,"(-1, 0, -1, 1, 1, 0, -1, 1, 0)"
Node_02477,6,[. . O | X X O | X O .],1,0.999,3,"[1, 2, 9]",0.999,-0.5381,,,,,,,0.3327,"(0, 0, -1, 1, 1, -1, 1, -1, 0)"
Node_02478,6,[X X O | O X . | . . O],8,0.999,3,"[6, 7, 8]",,,,,,0.5191,-0.6911,0.999,,"(1, 1, -1, -1, 1, 0, 0, 0, -1)"
Node_02479,6,[X . . | . X O | X O O],4,0.999,3,"[2, 3, 4]",,-0.8513,0.7712,0.999,,,,,,"(1, 0, 0, 0, 1, -1, 1, -1, -1)"
Node_02480,6,[. . . | X X O | X O O],3,0.9989,3,"[1, 2, 3]",0.7712,-0.3597,0.9989,,,,,,,"(0, 0, 0, 1, 1, -1, 1, -1, -1)"
Node_02481,6,[. O X | X X . | O . O],6,0.9988,3,"[1, 6, 8]",-0.5141,,,,,0.9988,,0.4059,,"(0, -1, 1, 1, 1, 0, -1, 0, -1)"
Node_02482,6,[X O X | O O X | . . .],9,0.9987,3,"[7, 8, 9]",,,,,,,-0.4686,0.3353,0.9987,"(1, -1, 1, -1, -1, 1, 0, 0, 0)"
Node_02483,6,[X O . | . X O | X . O],4,0.9985,3,"[3, 4, 8]",,,0.6862,0.9985,,,,-0.4675,,"(1, -1, 0, 0, 1, -1, 1, 0, -1)"
Node_02484,6,[. . O | O X . | X O X],1,0.9985,3,"[1, 2, 6]",0.9985,0.3341,,,,0.3267,,,,"(0, 0, -1, -1, 1, 0, 1, -1, 1)"
Node_02485,6,[. O . | X X . | O X O],6,0.9985,3,"[1, 3, 6]",0.2954,,0.4432,,,0.9985,,,,"(0, -1, 0, 1, 1, 0, -1, 1, -1)"
Node_02486,6,[. . O | X X . | X O O],1,0.9985,3,"[1, 2, 6]",0.9985,-0.2143,,,,0.9202,,,,"(0, 0, -1, 1, 1, 0, 1, -1, -1)"
Node_02487,6,[. . O | . X O | X O X],1,0.9984,3,"[1, 2, 4]",0.9984,0.2857,,0.4781,,,,,,"(0, 0, -1, 0, 1, -1, 1, -1, 1)"
Node_02488,6,[X . X | O O X | . . O],2,0.9984,3,"[2, 7, 8]",,0.9984,,,,,0.5096,0.1869,,"(1, 0, 1, -1, -1, 1, 0, 0, -1)"
Node_02489,6,[O O X | O X X | . . .],7,0.9982,3,"[7, 8, 9]",,,,,,,0.9982,-0.2349,0.8147,"(-1, -1, 1, -1, 1, 1, 0, 0, 0)"
Node_02490,6,[. O O | O X . | X . X],1,0.9982,3,"[1, 6, 8]",0.9982,,,,,-0.0823,,0.6126,,"(0, -1, -1, -1, 1, 0, 1, 0, 1)"
Node_02491,6,[X . O | . X O | X O .],9,0.9982,3,"[2, 4, 9]",,-0.1662,,0.7712,,,,,0.9982,"(1, 0, -1, 0, 1, -1, 1, -1, 0)"
Node_02492,6,[O X . | . X O | X . O],8,0.9982,3,"[3, 4, 8]",,,0.8147,-0.1329,,,,0.9982,,"(-1, 1, 0, 0, 1, -1, 1, 0, -1)"
Node_02493,6,[O X O | X X . | . . O],8,0.998,3,"[6, 7, 8]",,,,,,0.8147,-0.3839,0.998,,"(-1, 1, -1, 1, 1, 0, 0, 0, -1)"
Node_02494,6,[. X . | O X O | O . X],1,0.998,3,"[1, 3, 8]",0.998,,-0.2895,,,,,0.5695,,"(0, 1, 0, -1, 1, -1, -1, 0, 1)"
Node_02495,6,[O . X | X X O | . O .],7,0.9978,3,"[2, 7, 9]",,0.2773,,,,,0.9978,,0.2448,"(-1, 0, 1, 1, 1, -1, 0, -1, 0)"
Node_02496,6,[X O O | . X O | X . .],9,0.9978,3,"[4, 8, 9]",,,,0.7712,,,,-0.3581,0.9978,"(1, -1, -1, 0, 1, -1, 1, 0, 0)"
Node_02497,6,[O X X | X . O | . . O],5,0.9977,3,"[5, 7, 8]",,,,,0.9977,,0.2098,-0.1,,"(-1, 1, 1, 1, 0, -1, 0, 0, -1)"
Node_02498,6,[X O . | X X O | . . O],7,0.9975,3,"[3, 7, 8]",,,0.2992,,,,0.9975,-0.667,,"(1, -1, 0, 1, 1, -1, 0, 0, -1)"
Node_02499,6,[X . X | X O . | O . O],2,0.9973,3,"[2, 6, 8]",,0.9973,,,,-0.5822,,0.4165,,"(1, 0, 1, 1, -1, 0, -1, 0, -1)"
Node_02500,6,[. . O | X X . | O X O],6,0.9973,3,"[1, 2, 6]",-0.0402,0.8332,,,,0.9973,,,,"(0, 0, -1, 1, 1, 0, -1, 1, -1)"
Node_02501,6,[X O O | X X . | . . O],7,0.997,3,"[6, 7, 8]",,,,,,0.9015,0.997,-0.2689,,"(1, -1, -1, 1, 1, 0, 0, 0, -1)"
Node_02502,6,[. X O | . X X | O . O],4,0.9966,3,"[1, 4, 8]",0.0002,,,0.9966,,,,0.6513,,"(0, 1, -1, 0, 1, 1, -1, 0, -1)"
Node_02503,6,[O X O | . X X | O . .],8,0.9966,3,"[4, 8, 9]",,,,0.4095,,,,0.9966,-0.253,"(-1, 1, -1, 0, 1, 1, -1, 0, 0)"
Node_02504,6,[. O O | X X . | X O .],1,0.9966,3,"[1, 6, 9]",0.9966,,,,,0.6862,,,-0.5368,"(0, -1, -1, 1, 1, 0, 1, -1, 0)"
Node_02505,6,[O X X | . X O | O . .],8,0.9966,3,"[4, 8, 9]",,,,0.3292,,,,0.9966,-0.6811,"(-1, 1, 1, 0, 1, -1, -1, 0, 0)"
Node_02506,6,[O X O | O X . | . . X],8,0.9966,3,"[6, 7, 8]",,,,,,-0.4517,0.5464,0.9966,,"(-1, 1, -1, -1, 1, 0, 0, 0, 1)"
Node_02507,6,[. X X | . X O | O . O],1,0.9962,3,"[1, 4, 8]",0.9962,,,-0.5124,,,,0.7941,,"(0, 1, 1, 0, 1, -1, -1, 0, -1)"
Node_02508,6,[. O X | X X O | . . O],7,0.9962,3,"[1, 7, 8]",0.1493,,,,,,0.9962,0.5715,,"(0, -1, 1, 1, 1, -1, 0, 0, -1)"
Node_02509,6,[X O . | . X O | O X .],9,0.9962,3,"[3, 4, 9]",,,0.3839,0.1312,,,,,0.9962,"(1, -1, 0, 0, 1, -1, -1, 1, 0)"
Node_02510,6,[O X O | X X . | . O .],6,0.9958,3,"[6, 7, 9]",,,,,,0.9958,0.3559,,0.4044,"(-1, 1, -1, 1, 1, 0, 0, -1, 0)"
Node_02511,6,[O O . | . X O | X . X],3,0.9958,3,"[3, 4, 8]",,,0.9958,-0.1285,,,,0.7458,,"(-1, -1, 0, 0, 1, -1, 1, 0, 1)"
Node_02512,6,[X . O | O O . | X . X],8,0.9958,3,"[2, 6, 8]",,-0.5841,,,,0.7217,,0.9958,,"(1, 0, -1, -1, -1, 0, 1, 0, 1)"
Node_02513,6,[O . . | O X . | X O X],3,0.9958,3,"[2, 3, 6]",,0.2656,0.9958,,,0.503,,,,"(-1, 0, 0, -1, 1, 0, 1, -1, 1)"
Node_02514,6,[. X . | O X O | X . O],3,0.9958,3,"[1, 3, 8]",-0.063,,0.9958,,,,,0.6513,,"(0, 1, 0, -1, 1, -1, 1, 0, -1)"
Node_02515,6,[O O X | . X O | . X .],7,0.9958,3,"[4, 7, 9]",,,,0.4003,,,0.9958,,0.2387,"(-1, -1, 1, 0, 1, -1, 0, 1, 0)"
Node_02516,6,[X O X | . O . | O . X],6,0.9954,3,"[4, 6, 8]",,,,-0.606,,0.9954,,0.4062,,"(1, -1, 1, 0, -1, 0, -1, 0, 1)"
Node_02517,6,[. X . | O X . | O O X],1,0.9954,3,"[1, 3, 6]",0.9954,,-0.1425,,,0.3962,,,,"(0, 1, 0, -1, 1, 0, -1, -1, 1)"
Node_02518,6,[O . X | . O . | O X X],6,0.9954,3,"[2, 4, 6]",,-0.6474,,0.1582,,0.9954,,,,"(-1, 0, 1, 0, -1, 0, -1, 1, 1)"
Node_02519,6,[O X X | . O . | O . X],6,0.9948,3,"[4, 6, 8]",,,,0.1302,,0.9948,,-0.6216,,"(-1, 1, 1, 0, -1, 0, -1, 0, 1)"
Node_02520,6,[O . X | . X X | O . O],4,0.9948,3,"[2, 4, 8]",,-0.8147,,0.9948,,,,0.0404,,"(-1, 0, 1, 0, 1, 1, -1, 0, -1)"
Node_02521,6,[. O O | . X O | . X X],7,0.9948,3,"[1, 4, 7]",0.7458,,,-0.5963,,,0.9948,,,"(0, -1, -1, 0, 1, -1, 0, 1, 1)"
Node_02522,6,[X X O | . O . | X . O],4,0.9948,3,"[4, 6, 8]",,,,0.9948,,0.0,,-0.5461,,"(1, 1, -1, 0, -1, 0, 1, 0, -1)"
Node_02523,6,[X . X | . O O | O . X],2,0.9948,3,"[2, 4, 8]",,0.9948,,0.2524,,,,-0.6389,,"(1, 0, 1, 0, -1, -1, -1, 0, 1)"
Node_02524,6,[X . X | O X . | . O O],7,0.9943,3,"[2, 6, 7]",,0.4686,,,,-0.0894,0.9943,,,"(1, 0, 1, -1, 1, 0, 0, -1, -1)"
Node_02525,6,[X . X | O X O | . O .],2,0.9943,3,"[2, 7, 9]",,0.9943,,,,,0.8147,,0.8499,"(1, 0, 1, -1, 1, -1, 0, -1, 0)"
Node_02526,6,[X . O | X X O | O . .],9,0.9936,3,"[2, 8, 9]",,-0.2229,,,,,,-0.4555,0.9936,"(1, 0, -1, 1, 1, -1, -1, 0, 0)"
Node_02527,6,[. O . | X X O | O . X],1,0.9936,3,"[1, 3, 8]",0.9936,,0.293,,,,,0.3352,,"(0, -1, 0, 1, 1, -1, -1, 0, 1)"
Node_02528,6,[X X O | . X . | O O .],9,0.9936,3,"[4, 6, 9]",,,,-0.0997,,-0.4342,,,0.9936,"(1, 1, -1, 0, 1, 0, -1, -1, 0)"
Node_02529,6,[X . . | . X O | O X O],2,0.9936,3,"[2, 3, 4]",,0.9936,0.3791,-0.5669,,,,,,"(1, 0, 0, 0, 1, -1, -1, 1, -1)"
Node_02530,6,[X O . | . X O | X O .],4,0.9929,3,"[3, 4, 9]",,,0.6513,0.9929,,,,,0.7712,"(1, -1, 0, 0, 1, -1, 1, -1, 0)"
Node_02531,6,[O X . | . X O | O . X],8,0.9929,3,"[3, 4, 8]",,,-0.7071,0.582,,,,0.9929,,"(-1, 1, 0, 0, 1, -1, -1, 0, 1)"
Node_02532,6,[. X O | O X . | O . X],1,0.9929,3,"[1, 6, 8]",0.9929,,,,,-0.3717,,0.8499,,"(0, 1, -1, -1, 1, 0, -1, 0, 1)"
Node_02533,6,[X . X | . O . | X O O],2,0.9929,3,"[2, 4, 6]",,0.9929,,0.6126,,-0.5919,,,,"(1, 0, 1, 0, -1, 0, 1, -1, -1)"
Node_02534,6,[O . O | . X . | O X X],2,0.9929,3,"[2, 4, 6]",,0.9929,,-0.4632,,-0.7712,,,,"(-1, 0, -1, 0, 1, 0, -1, 1, 1)"
Node_02535,6,[O O X | O X . | . . X],6,0.9921,3,"[6, 7, 8]",,,,,,0.9921,0.271,-0.0463,,"(-1, -1, 1, -1, 1, 0, 0, 0, 1)"
Node_02536,6,[. . X | O O . | O X X],6,0.9913,3,"[1, 2, 6]",-0.1202,-0.7941,,,,0.9913,,,,"(0, 0, 1, -1, -1, 0, -1, 1, 1)"
Node_02537,6,[O . X | O X . | . X O],7,0.9913,3,"[2, 6, 7]",,0.7458,,,,-0.0044,0.9913,,,"(-1, 0, 1, -1, 1, 0, 0, 1, -1)"
Node_02538,6,[. . . | O X X | O O X],1,0.9913,3,"[1, 2, 3]",0.9913,-0.3458,0.6862,,,,,,,"(0, 0, 0, -1, 1, 1, -1, -1, 1)"
Node_02539,6,[. . X | X X O | . O O],7,0.9913,3,"[1, 2, 7]",-0.3201,0.3839,,,,,0.9913,,,"(0, 0, 1, 1, 1, -1, 0, -1, -1)"
Node_02540,6,[. X O | O X . | . O X],1,0.9913,3,"[1, 6, 7]",0.9913,,,,,0.2971,0.3236,,,"(0, 1, -1, -1, 1, 0, 0, -1, 1)"
Node_02541,6,[. . . | O X O | X O X],1,0.9903,3,"[1, 2, 3]",0.9903,0.8215,0.5217,,,,,,,"(0, 0, 0, -1, 1, -1, 1, -1, 1)"
Node_02542,6,[X . X | . O . | O X O],2,0.9903,3,"[2, 4, 6]",,0.9903,,0.1734,,0.1893,,,,"(1, 0, 1, 0, -1, 0, -1, 1, -1)"
Node_02543,6,[O X X | O O . | . . X],6,0.9903,3,"[6, 7, 8]",,,,,,0.9903,0.1499,-0.271,,"(-1, 1, 1, -1, -1, 0, 0, 0, 1)"
Node_02544,6,[O O . | X X . | X O .],3,0.9903,3,"[3, 6, 9]",,,0.9903,,,0.4686,,,-0.3948,"(-1, -1, 0, 1, 1, 0, 1, -1, 0)"
Node_02545,6,[X O X | X O O | . . .],7,0.9903,3,"[7, 8, 9]",,,,,,,0.9903,0.0999,-0.2285,"(1, -1, 1, 1, -1, -1, 0, 0, 0)"
Node_02546,6,[. O X | . X X | O O .],9,0.9892,3,"[1, 4, 9]",0.1417,,,0.6862,,,,,0.9892,"(0, -1, 1, 0, 1, 1, -1, -1, 0)"
Node_02547,6,[O . X | . O O | . X X],7,0.9892,3,"[2, 4, 7]",,-0.5255,,0.3926,,,0.9892,,,"(-1, 0, 1, 0, -1, -1, 0, 1, 1)"
Node_02548,6,[O O . | O X X | X . .],3,0.9892,3,"[3, 8, 9]",,,0.9892,,,,,-0.5217,-0.3137,"(-1, -1, 0, -1, 1, 1, 1, 0, 0)"
Node_02549,6,[X X . | O X . | O O .],9,0.988,3,"[3, 6, 9]",,,0.7176,,,-0.5695,,,0.988,"(1, 1, 0, -1, 1, 0, -1, -1, 0)"
Node_02550,6,[O X . | . X X | O . O],8,0.988,3,"[3, 4, 8]",,,-0.4686,0.7941,,,,0.988,,"(-1, 1, 0, 0, 1, 1, -1, 0, -1)"
Node_02551,6,[X X . | O X . | O . O],3,0.988,3,"[3, 6, 8]",,,0.988,,,-0.1949,,0.6862,,"(1, 1, 0, -1, 1, 0, -1, 0, -1)"
Node_02552,6,[O . O | X O . | X . X],8,0.988,3,"[2, 6, 8]",,0.162,,,,-0.5226,,0.988,,"(-1, 0, -1, 1, -1, 0, 1, 0, 1)"
Node_02553,6,[O O . | O X . | X . X],8,0.988,3,"[3, 6, 8]",,,0.6513,,,-0.2378,,0.988,,"(-1, -1, 0, -1, 1, 0, 1, 0, 1)"
Node_02554,6,[O . O | X X . | X . O],6,0.9867,3,"[2, 6, 8]",,-0.4211,,,,0.9867,,-0.5217,,"(-1, 0, -1, 1, 1, 0, 1, 0, -1)"
Node_02555,6,[. . . | O X O | O X X],1,0.9867,3,"[1, 2, 3]",0.9867,0.6513,-0.3137,,,,,,,"(0, 0, 0, -1, 1, -1, -1, 1, 1)"
Node_02556,6,[. O O | O X . | X X .],9,0.9867,3,"[1, 6, 9]",0.5444,,,,,-0.4965,,,0.9867,"(0, -1, -1, -1, 1, 0, 1, 1, 0)"
Node_02557,6,[O . . | X O O | X . X],8,0.9867,3,"[2, 3, 8]",,0.6179,0.4938,,,,,0.9867,,"(-1, 0, 0, 1, -1, -1, 1, 0, 1)"
Node_02558,6,[O X X | . O . | . O X],6,0.9867,3,"[4, 6, 7]",,,,0.6291,,0.9867,0.4638,,,"(-1, 1, 1, 0, -1, 0, 0, -1, 1)"
Node_02559,6,[X . . | O X X | O O .],9,0.9867,3,"[2, 3, 9]",,0.1217,-0.3191,,,,,,0.9867,"(1, 0, 0, -1, 1, 1, -1, -1, 0)"
Node_02560,6,[X O X | X O . | . . O],7,0.9867,3,"[6, 7, 8]",,,,,,-0.6405,0.9867,0.3858,,"(1, -1, 1, 1, -1, 0, 0, 0, -1)"
Node_02561,6,[O . . | . X X | O X O],4,0.9867,3,"[2, 3, 4]",,0.7176,-0.361,0.9867,,,,,,"(-1, 0, 0, 0, 1, 1, -1, 1, -1)"
Node_02562,6,[. . O | O X . | X X O],2,0.9867,3,"[1, 2, 6]",-0.6083,0.9867,,,,0.2006,,,,"(0, 0, -1, -1, 1, 0, 1, 1, -1)"
Node_02563,6,[O . O | . X O | . X X],7,0.9867,3,"[2, 4, 7]",,0.7712,,-0.2862,,,0.9867,,,"(-1, 0, -1, 0, 1, -1, 0, 1, 1)"
Node_02564,6,[O . O | . X X | O . X],4,0.9867,3,"[2, 4, 8]",,0.5194,,0.9867,,,,-0.8906,,"(-1, 0, -1, 0, 1, 1, -1, 0, 1)"
Node_02565,6,[X O . | O . . | O X X],6,0.9853,3,"[3, 5, 6]",,,0.1549,,0.271,0.9853,,,,"(1, -1, 0, -1, 0, 0, -1, 1, 1)"
Node_02566,6,[. X . | . X O | X O O],3,0.9852,3,"[1, 3, 4]",-0.4182,,0.9852,-0.1576,,,,,,"(0, 1, 0, 0, 1, -1, 1, -1, -1)"
Node_02567,6,[X O O | . X O | . X .],9,0.9852,3,"[4, 7, 9]",,,,-0.5044,,,0.0203,,0.9852,"(1, -1, -1, 0, 1, -1, 0, 1, 0)"
Node_02568,6,[O . O | . X X | O X .],4,0.9852,3,"[2, 4, 9]",,0.4686,,0.9852,,,,,-0.5217,"(-1, 0, -1, 0, 1, 1, -1, 1, 0)"
Node_02569,6,[O X X | O O X | . . .],9,0.9852,3,"[7, 8, 9]",,,,,,,-0.3176,-0.7941,0.9852,"(-1, 1, 1, -1, -1, 1, 0, 0, 0)"
Node_02570,6,[X O X | O X . | . . O],7,0.9852,3,"[6, 7, 8]",,,,,,0.3665,0.9852,0.4034,,"(1, -1, 1, -1, 1, 0, 0, 0, -1)"
Node_02571,6,[X . O | X X . | O . O],6,0.9852,3,"[2, 6, 8]",,-0.8147,,,,0.9852,,-0.0022,,"(1, 0, -1, 1, 1, 0, -1, 0, -1)"
Node_02572,6,[. O X | . O O | . X X],7,0.9852,3,"[1, 4, 7]",-0.175,,,0.4716,,,0.9852,,,"(0, -1, 1, 0, -1, -1, 0, 1, 1)"
Node_02573,6,[. O . | X X . | X O O],6,0.9852,3,"[1, 3, 6]",0.6126,,0.5695,,,0.9852,,,,"(0, -1, 0, 1, 1, 0, 1, -1, -1)"
Node_02574,6,[X . X | O O . | . X O],2,0.9852,3,"[2, 6, 7]",,0.9852,,,,0.383,-0.6424,,,"(1, 0, 1, -1, -1, 0, 0, 1, -1)"
Node_02575,6,[X . X | O X . | O O .],2,0.9852,3,"[2, 6, 9]",,0.9852,,,,-0.163,,,0.7176,"(1, 0, 1, -1, 1, 0, -1, -1, 0)"
Node_02576,6,[X X . | O O . | X O .],3,0.9852,3,"[3, 6, 9]",,,0.9852,,,0.3105,,,-0.2851,"(1, 1, 0, -1, -1, 0, 1, -1, 0)"
Node_02577,6,[X . X | X O O | . O .],7,0.9836,3,"[2, 7, 9]",,0.6126,,,,,0.9836,,0.1018,"(1, 0, 1, 1, -1, -1, 0, -1, 0)"
Node_02578,6,[O . X | . X O | O X .],2,0.9836,3,"[2, 4, 9]",,0.9836,,0.2799,,,,,-0.4135,"(-1, 0, 1, 0, 1, -1, -1, 1, 0)"
Node_02579,6,[. O X | O X X | . . O],7,0.9836,3,"[1, 7, 8]",0.1605,,,,,,0.9836,0.1864,,"(0, -1, 1, -1, 1, 1, 0, 0, -1)"
Node_02580,6,[O X X | . X . | O . O],8,0.9836,3,"[4, 6, 8]",,,,-0.5176,,-0.5695,,0.9836,,"(-1, 1, 1, 0, 1, 0, -1, 0, -1)"
Node_02581,6,[O . . | X X O | X O .],3,0.9836,3,"[2, 3, 9]",,0.1307,0.9836,,,,,,0.5082,"(-1, 0, 0, 1, 1, -1, 1, -1, 0)"
Node_02582,6,[X . O | . X X | O O .],9,0.9818,3,"[2, 4, 9]",,-0.4147,,0.6513,,,,,0.9818,"(1, 0, -1, 0, 1, 1, -1, -1, 0)"
Node_02583,6,[O . . | . X O | O X X],2,0.9818,3,"[2, 3, 4]",,0.9818,-0.3549,0.2143,,,,,,"(-1, 0, 0, 0, 1, -1, -1, 1, 1)"
Node_02584,6,[O . . | O X X | X O .],3,0.9818,3,"[2, 3, 9]",,0.3571,0.9818,,,,,,0.2476,"(-1, 0, 0, -1, 1, 1, 1, -1, 0)"
Node_02585,6,[O . O | . X . | X X O],2,0.9818,3,"[2, 4, 6]",,0.9818,,-0.8649,,-0.4734,,,,"(-1, 0, -1, 0, 1, 0, 1, 1, -1)"
Node_02586,6,[. O O | . X . | O X X],1,0.9818,3,"[1, 4, 6]",0.9818,,,-0.5684,,0.0474,,,,"(0, -1, -1, 0, 1, 0, -1, 1, 1)"
Node_02587,6,[. O O | X X . | X . O],1,0.9818,3,"[1, 6, 8]",0.9818,,,,,0.6126,,-0.7176,,"(0, -1, -1, 1, 1, 0, 1, 0, -1)"
Node_02588,6,[X O . | . O . | X X O],4,0.9818,3,"[3, 4, 6]",,,0.3376,0.9818,,0.0,,,,"(1, -1, 0, 0, -1, 0, 1, 1, -1)"
Node_02589,6,[X X . | O X . | . O O],3,0.9797,3,"[3, 6, 7]",,,0.9797,,,-0.5035,0.1648,,,"(1, 1, 0, -1, 1, 0, 0, -1, -1)"
Node_02590,6,[. O . | . X O | X X O],3,0.9797,3,"[1, 3, 4]",-0.066,,0.9797,-0.1259,,,,,,"(0, -1, 0, 0, 1, -1, 1, 1, -1)"
Node_02591,6,[X . O | . O . | X O X],4,0.9797,3,"[2, 4, 6]",,0.2116,,0.9797,,-0.4627,,,,"(1, 0, -1, 0, -1, 0, 1, -1, 1)"
Node_02592,6,[X O O | X X O | . . .],9,0.9797,3,"[7, 8, 9]",,,,,,,0.5695,-0.3253,0.9797,"(1, -1, -1, 1, 1, -1, 0, 0, 0)"
Node_02593,6,[X . X | . X O | . O O],2,0.9797,3,"[2, 4, 7]",,0.9797,,-0.1836,,,0.7712,,,"(1, 0, 1, 0, 1, -1, 0, -1, -1)"
Node_02594,6,[X . X | X O . | O O .],2,0.9797,3,"[2, 6, 9]",,0.9797,,,,-0.9529,,,-0.1848,"(1, 0, 1, 1, -1, 0, -1, -1, 0)"
Node_02595,6,[O . O | O X X | . X .],2,0.9797,3,"[2, 7, 9]",,0.9797,,,,,-0.6705,,-0.8649,"(-1, 0, -1, -1, 1, 1, 0, 1, 0)"
Node_02596,6,[X X . | O X O | . . O],3,0.9797,3,"[3, 7, 8]",,,0.9797,,,,-0.3619,0.6126,,"(1, 1, 0, -1, 1, -1, 0, 0, -1)"
Node_02597,6,[. X . | O X X | O . O],8,0.9797,3,"[1, 3, 8]",-0.1299,,-0.5217,,,,,0.9797,,"(0, 1, 0, -1, 1, 1, -1, 0, -1)"
Node_02598,6,[. O X | X . O | . X O],7,0.9783,3,"[1, 5, 7]",0.0,,,,0.1753,,0.9783,,,"(0, -1, 1, 1, 0, -1, 0, 1, -1)"
Node_02599,6,[X X . | . O O | X O .],4,0.9775,3,"[3, 4, 9]",,,0.6862,0.9775,,,,,0.1307,"(1, 1, 0, 0, -1, -1, 1, -1, 0)"
Node_02600,6,[O O . | . X X | O X .],4,0.9775,3,"[3, 4, 9]",,,-0.074,0.9775,,,,,-0.7176,"(-1, -1, 0, 0, 1, 1, -1, 1, 0)"
Node_02601,6,[X . O | O X X | . O .],9,0.9775,3,"[2, 7, 9]",,0.2572,,,,,0.1729,,0.9775,"(1, 0, -1, -1, 1, 1, 0, -1, 0)"
Node_02602,6,[O X . | . X O | X O .],3,0.9775,3,"[3, 4, 9]",,,0.9775,0.1229,,,,,0.4074,"(-1, 1, 0, 0, 1, -1, 1, -1, 0)"
Node_02603,6,[X O X | . . . | X O O],4,0.9775,3,"[4, 5, 6]",,,,0.9775,0.5695,-0.4894,,,,"(1, -1, 1, 0, 0, 0, 1, -1, -1)"
Node_02604,6,[X O O | . O . | X . X],8,0.9775,3,"[4, 6, 8]",,,,0.6513,,-0.118,,0.9775,,"(1, -1, -1, 0, -1, 0, 1, 0, 1)"
Node_02605,6,[X X O | . O . | X O .],4,0.975,3,"[4, 6, 9]",,,,0.975,,0.2594,,,0.1061,"(1, 1, -1, 0, -1, 0, 1, -1, 0)"
Node_02606,6,[X . X | X O . | . O O],2,0.975,3,"[2, 6, 7]",,0.975,,,,-0.6862,0.5217,,,"(1, 0, 1, 1, -1, 0, 0, -1, -1)"
Node_02607,6,[X . X | . O X | . O O],2,0.975,3,"[2, 4, 7]",,0.975,,-0.5217,,,-0.19,,,"(1, 0, 1, 0, -1, 1, 0, -1, -1)"
Node_02608,6,[X O . | X X . | O O .],9,0.975,3,"[3, 6, 9]",,,-0.3531,,,0.6862,,,0.975,"(1, -1, 0, 1, 1, 0, -1, -1, 0)"
Node_02609,6,[O . . | O X O | . X X],2,0.975,3,"[2, 3, 7]",,0.975,-0.0231,,,,0.5217,,,"(-1, 0, 0, -1, 1, -1, 0, 1, 1)"
Node_02610,6,[O . O | X X . | . X O],2,0.975,3,"[2, 6, 7]",,0.975,,,,0.4686,-0.8147,,,"(-1, 0, -1, 1, 1, 0, 0, 1, -1)"
Node_02611,6,[O X . | . O X | O . X],3,0.975,3,"[3, 4, 8]",,,0.975,-0.2151,,,,-0.6513,,"(-1, 1, 0, 0, -1, 1, -1, 0, 1)"
Node_02612,6,[O . X | . X O | . O X],7,0.975,3,"[2, 4, 7]",,0.1181,,0.4365,,,0.975,,,"(-1, 0, 1, 0, 1, -1, 0, -1, 1)"
Node_02613,6,[O . . | . X X | O O X],3,0.975,3,"[2, 3, 4]",,0.1441,0.975,0.6126,,,,,,"(-1, 0, 0, 0, 1, 1, -1, -1, 1)"
Node_02614,6,[O X . | . . X | X O O],5,0.9734,3,"[3, 4, 5]",,,-0.0944,-0.3114,0.9734,,,,,"(-1, 1, 0, 0, 0, 1, 1, -1, -1)"
Node_02615,6,[X O O | O . X | X . .],9,0.9733,3,"[5, 8, 9]",,,,,0.0,,,0.3105,0.9733,"(1, -1, -1, -1, 0, 1, 1, 0, 0)"
Node_02616,6,[O . O | X X . | . O X],6,0.9722,3,"[2, 6, 7]",,0.0,,,,0.9722,-0.4296,,,"(-1, 0, -1, 1, 1, 0, 0, -1, 1)"
Node_02617,6,[. X X | . X O | O O .],1,0.9722,3,"[1, 4, 9]",0.9722,,,-0.4376,,,,,0.48,"(0, 1, 1, 0, 1, -1, -1, -1, 0)"
Node_02618,6,[. O X | X X . | . O O],6,0.9722,3,"[1, 6, 7]",-0.1961,,,,,0.9722,0.6513,,,"(0, -1, 1, 1, 1, 0, 0, -1, -1)"
Node_02619,6,[O X X | . O X | O . .],9,0.9722,3,"[4, 8, 9]",,,,0.1268,,,,-0.7712,0.9722,"(-1, 1, 1, 0, -1, 1, -1, 0, 0)"
Node_02620,6,[. X X | O X O | O . .],1,0.9722,3,"[1, 8, 9]",0.9722,,,,,,,0.6126,-0.7458,"(0, 1, 1, -1, 1, -1, -1, 0, 0)"
Node_02621,6,[X . X | O O . | X . O],2,0.9722,3,"[2, 6, 8]",,0.9722,,,,0.2552,,-0.4095,,"(1, 0, 1, -1, -1, 0, 1, 0, -1)"
Node_02622,6,[X O O | . O . | . X X],7,0.9722,3,"[4, 6, 7]",,,,-0.1752,,-0.3816,0.9722,,,"(1, -1, -1, 0, -1, 0, 0, 1, 1)"
Node_02623,6,[. . X | . X O | O O X],1,0.9722,3,"[1, 2, 4]",0.9722,0.2827,,0.3349,,,,,,"(0, 0, 1, 0, 1, -1, -1, -1, 1)"
Node_02624,6,[O . X | . O O | X . X],8,0.9722,3,"[2, 4, 8]",,-0.2629,,0.2909,,,,0.9722,,"(-1, 0, 1, 0, -1, -1, 1, 0, 1)"
Node_02625,6,[O O X | . O . | . X X],6,0.9722,3,"[4, 6, 7]",,,,0.9011,,0.9722,0.6126,,,"(-1, -1, 1, 0, -1, 0, 0, 1, 1)"
Node_02626,6,[X . X | . O O | O X .],2,0.9722,3,"[2, 4, 9]",,0.9722,,0.2388,,,,,-0.4635,"(1, 0, 1, 0, -1, -1, -1, 1, 0)"
Node_02627,6,[O O . | . X X | X . O],3,0.9722,3,"[3, 4, 8]",,,0.9722,0.6513,,,,-0.2868,,"(-1, -1, 0, 0, 1, 1, 1, 0, -1)"
Node_02628,6,[. O X | . X X | . O O],7,0.9691,3,"[1, 4, 7]",-0.5777,,,0.6513,,,0.9691,,,"(0, -1, 1, 0, 1, 1, 0, -1, -1)"
Node_02629,6,[. X X | . X O | . O O],7,0.9691,3,"[1, 4, 7]",0.7176,,,-0.0673,,,0.9691,,,"(0, 1, 1, 0, 1, -1, 0, -1, -1)"
Node_02630,6,[X O . | O X X | O . .],9,0.9691,3,"[3, 8, 9]",,,0.5907,,,,,0.7505,0.9691,"(1, -1, 0, -1, 1, 1, -1, 0, 0)"
Node_02631,6,[X . X | . O . | O O X],2,0.9691,3,"[2, 4, 6]",,0.9691,,-0.0026,,0.6126,,,,"(1, 0, 1, 0, -1, 0, -1, -1, 1)"
Node_02632,6,[O . . | X X O | X . O],3,0.9657,3,"[2, 3, 8]",,-0.4033,0.9657,,,,,0.0403,,"(-1, 0, 0, 1, 1, -1, 1, 0, -1)"
Node_02633,6,[O . X | . X X | O O .],9,0.9657,3,"[2, 4, 9]",,-0.7941,,0.4686,,,,,0.9657,"(-1, 0, 1, 0, 1, 1, -1, -1, 0)"
Node_02634,6,[X . O | O X . | . X O],2,0.9657,3,"[2, 6, 7]",,0.9657,,,,0.2052,-0.6328,,,"(1, 0, -1, -1, 1, 0, 0, 1, -1)"
Node_02635,6,[O O X | . X X | . O .],4,0.9657,3,"[4, 7, 9]",,,,0.9657,,,0.4686,,0.6862,"(-1, -1, 1, 0, 1, 1, 0, -1, 0)"
Node_02636,6,[O . . | . O X | O X X],3,0.9657,3,"[2, 3, 4]",,-0.6513,0.9657,-0.2356,,,,,,"(-1, 0, 0, 0, -1, 1, -1, 1, 1)"
Node_02637,6,[O . X | O X O | . X .],7,0.9657,3,"[2, 7, 9]",,0.7941,,,,,0.9657,,-0.04,"(-1, 0, 1, -1, 1, -1, 0, 1, 0)"
Node_02638,6,[O . X | O O . | X . X],6,0.9657,3,"[2, 6, 8]",,0.0088,,,,0.9657,,0.6862,,"(-1, 0, 1, -1, -1, 0, 1, 0, 1)"
Node_02639,6,[O X X | O . . | . O X],7,0.9643,3,"[5, 6, 7]",,,,,-0.1202,0.6513,0.9643,,,"(-1, 1, 1, -1, 0, 0, 0, -1, 1)"
Node_02640,6,[X . X | . O X | O O .],2,0.9618,3,"[2, 4, 9]",,0.9618,,-0.8147,,,,,0.6513,"(1, 0, 1, 0, -1, 1, -1, -1, 0)"
Node_02641,6,[O X O | . O . | X . X],8,0.9618,3,"[4, 6, 8]",,,,0.1617,,0.226,,0.9618,,"(-1, 1, -1, 0, -1, 0, 1, 0, 1)"
Node_02642,6,[. . X | O X . | O O X],1,0.9618,3,"[1, 2, 6]",0.9618,-0.1943,,,,0.7176,,,,"(0, 0, 1, -1, 1, 0, -1, -1, 1)"
Node_02643,6,[O . X | . O . | X O X],6,0.9618,3,"[2, 4, 6]",,0.3588,,-0.5241,,0.9618,,,,"(-1, 0, 1, 0, -1, 0, 1, -1, 1)"
Node_02644,6,[X . X | O O X | . O .],2,0.9618,3,"[2, 7, 9]",,0.9618,,,,,-0.2669,,0.6862,"(1, 0, 1, -1, -1, 1, 0, -1, 0)"
Node_02645,6,[X . . | O X O | X . O],3,0.9618,3,"[2, 3, 8]",,0.3088,0.9618,,,,,0.1458,,"(1, 0, 0, -1, 1, -1, 1, 0, -1)"
Node_02646,6,[O X . | . O X | . O X],3,0.9576,3,"[3, 4, 7]",,,0.9576,0.0905,,,0.3137,,,"(-1, 1, 0, 0, -1, 1, 0, -1, 1)"
Node_02647,6,[O . X | O . X | X . O],5,0.9576,3,"[2, 5, 8]",,-0.2914,,,0.9576,,,-0.4708,,"(-1, 0, 1, -1, 0, 1, 1, 0, -1)"
Node_02648,6,[X . X | . O O | X . O],2,0.9576,3,"[2, 4, 8]",,0.9576,,0.5695,,,,-0.2076,,"(1, 0, 1, 0, -1, -1, 1, 0, -1)"
Node_02649,6,[O O X | . O . | X . X],6,0.9576,3,"[4, 6, 8]",,,,0.0419,,0.9576,,0.5217,,"(-1, -1, 1, 0, -1, 0, 1, 0, 1)"
Node_02650,6,[. X O | X X . | O . O],8,0.9576,3,"[1, 6, 8]",-0.5695,,,,,0.7458,,0.9576,,"(0, 1, -1, 1, 1, 0, -1, 0, -1)"
Node_02651,6,[. O O | X X . | . O X],1,0.9576,3,"[1, 6, 7]",0.9576,,,,,0.271,-0.2834,,,"(0, -1, -1, 1, 1, 0, 0, -1, 1)"
Node_02652,6,[O O X | O X . | . X .],7,0.9576,3,"[6, 7, 9]",,,,,,-0.2165,0.9576,,-0.4315,"(-1, -1, 1, -1, 1, 0, 0, 1, 0)"
Node_02653,6,[O O X | X . O | X . .],8,0.9568,3,"[5, 8, 9]",,,,,0.0,,,0.9568,0.425,"(-1, -1, 1, 1, 0, -1, 1, 0, 0)"
Node_02654,6,[O . O | O X . | . X X],2,0.9529,3,"[2, 6, 7]",,0.9529,,,,-0.7458,0.7458,,,"(-1, 0, -1, -1, 1, 0, 0, 1, 1)"
Node_02655,6,[X O . | . X X | O . O],4,0.9529,3,"[3, 4, 8]",,,-0.5164,0.9529,,,,0.1011,,"(1, -1, 0, 0, 1, 1, -1, 0, -1)"
Node_02656,6,[X X O | . O O | X . .],4,0.9529,3,"[4, 8, 9]",,,,0.9529,,,,-0.8332,-0.3338,"(1, 1, -1, 0, -1, -1, 1, 0, 0)"
Node_02657,6,[. . O | X X O | . O X],1,0.9529,3,"[1, 2, 7]",0.9529,0.2013,,,,,0.3513,,,"(0, 0, -1, 1, 1, -1, 0, -1, 1)"
Node_02658,6,[O . O | . X X | X O .],4,0.9529,3,"[2, 4, 9]",,0.0823,,0.9529,,,,,-0.5432,"(-1, 0, -1, 0, 1, 1, 1, -1, 0)"
Node_02659,6,[X . X | . O X | O . O],2,0.9529,3,"[2, 4, 8]",,0.9529,,-0.491,,,,0.4135,,"(1, 0, 1, 0, -1, 1, -1, 0, -1)"
Node_02660,6,[X O O | O X . | . X .],9,0.9529,3,"[6, 7, 9]",,,,,,0.3505,0.5295,,0.9529,"(1, -1, -1, -1, 1, 0, 0, 1, 0)"
Node_02661,6,[O . X | O O . | . X X],7,0.9529,3,"[2, 6, 7]",,-0.6862,,,,0.6862,0.9529,,,"(-1, 0, 1, -1, -1, 0, 0, 1, 1)"
Node_02662,6,[X O . | X X O | O . .],9,0.9529,3,"[3, 8, 9]",,,0.1097,,,,,0.1805,0.9529,"(1, -1, 0, 1, 1, -1, -1, 0, 0)"
Node_02663,6,[. X X | . O O | . O X],1,0.9529,3,"[1, 4, 7]",0.9529,,,0.2299,,,-0.4795,,,"(0, 1, 1, 0, -1, -1, 0, -1, 1)"
Node_02664,6,[O X X | . O X | . O .],9,0.9529,3,"[4, 7, 9]",,,,-0.1889,,,0.0905,,0.9529,"(-1, 1, 1, 0, -1, 1, 0, -1, 0)"
Node_02665,6,[. O O | . O X | X . X],8,0.9477,3,"[1, 4, 8]",0.5194,,,-0.3439,,,,0.9477,,"(0, -1, -1, 0, -1, 1, 1, 0, 1)"
Node_02666,6,[X X O | X O . | . . O],7,0.9477,3,"[6, 7, 8]",,,,,,-0.4577,0.9477,-0.4095,,"(1, 1, -1, 1, -1, 0, 0, 0, -1)"
Node_02667,6,[. . . | X O O | X O X],1,0.9477,3,"[1, 2, 3]",0.9477,0.1233,-0.19,,,,,,,"(0, 0, 0, 1, -1, -1, 1, -1, 1)"
Node_02668,6,[. X O | X X . | . O O],6,0.9477,3,"[1, 6, 7]",-0.6126,,,,,0.9477,-0.2367,,,"(0, 1, -1, 1, 1, 0, 0, -1, -1)"
Node_02669,6,[. . O | X O . | X O X],1,0.9477,3,"[1, 2, 6]",0.9477,0.3091,,,,-0.6841,,,,"(0, 0, -1, 1, -1, 0, 1, -1, 1)"
Node_02670,6,[. X X | X O . | . O O],1,0.9477,3,"[1, 6, 7]",0.9477,,,,,-0.4686,-0.3439,,,"(0, 1, 1, 1, -1, 0, 0, -1, -1)"
Node_02671,6,[O . . | O X O | X X .],2,0.9477,3,"[2, 3, 9]",,0.9477,0.6513,,,,,,0.6862,"(-1, 0, 0, -1, 1, -1, 1, 1, 0)"
Node_02672,6,[O . X | X O . | . O X],6,0.9477,3,"[2, 6, 7]",,0.2877,,,,0.9477,-0.3256,,,"(-1, 0, 1, 1, -1, 0, 0, -1, 1)"
Node_02673,6,[O . O | . O X | X . X],8,0.9477,3,"[2, 4, 8]",,0.3076,,-0.2629,,,,0.9477,,"(-1, 0, -1, 0, -1, 1, 1, 0, 1)"
Node_02674,6,[O X X | O X . | . O .],7,0.9477,3,"[6, 7, 9]",,,,,,0.0,0.9477,,-0.1043,"(-1, 1, 1, -1, 1, 0, 0, -1, 0)"
Node_02675,6,[. O . | O X O | . X X],3,0.9477,3,"[1, 3, 7]",0.271,,0.9477,,,,0.4095,,,"(0, -1, 0, -1, 1, -1, 0, 1, 1)"
Node_02676,6,[O . X | O . O | X . X],5,0.9477,3,"[2, 5, 8]",,-0.1,,,0.9477,,,0.19,,"(-1, 0, 1, -1, 0, -1, 1, 0, 1)"
Node_02677,6,[. X O | X . . | X O O],6,0.9442,3,"[1, 5, 6]",0.19,,,,-0.19,0.9442,,,,"(0, 1, -1, 1, 0, 0, 1, -1, -1)"
Node_02678,6,[X . . | X . O | O O X],3,0.9441,3,"[2, 3, 5]",,0.2512,0.9441,,0.271,,,,,"(1, 0, 0, 1, 0, -1, -1, -1, 1)"
Node_02679,6,[X X O | . X O | O . .],8,0.9419,3,"[4, 8, 9]",,,,-0.2931,,,,0.9419,0.5217,"(1, 1, -1, 0, 1, -1, -1, 0, 0)"
Node_02680,6,[X X O | O X . | . O .],9,0.9419,3,"[6, 7, 9]",,,,,,0.1892,0.2102,,0.9419,"(1, 1, -1, -1, 1, 0, 0, -1, 0)"
Node_02681,6,[X X O | . X O | . O .],9,0.9419,3,"[4, 7, 9]",,,,-0.3074,,,0.529,,0.9419,"(1, 1, -1, 0, 1, -1, 0, -1, 0)"
Node_02682,6,[. . X | O X O | O . X],1,0.9419,3,"[1, 2, 8]",0.9419,-0.2049,,,,,,0.1282,,"(0, 0, 1, -1, 1, -1, -1, 0, 1)"
Node_02683,6,[. . O | O X . | O X X],2,0.9419,3,"[1, 2, 6]",0.4686,0.9419,,,,0.1953,,,,"(0, 0, -1, -1, 1, 0, -1, 1, 1)"
Node_02684,6,[. O . | X O . | X X O],1,0.9419,3,"[1, 3, 6]",0.9419,,-0.3439,,,-0.0612,,,,"(0, -1, 0, 1, -1, 0, 1, 1, -1)"
Node_02685,6,[O O . | X X . | X . O],3,0.9419,3,"[3, 6, 8]",,,0.9419,,,0.5695,,0.3762,,"(-1, -1, 0, 1, 1, 0, 1, 0, -1)"
Node_02686,6,[. O O | O X X | . . X],1,0.9419,3,"[1, 7, 8]",0.9419,,,,,,-0.2484,0.4375,,"(0, -1, -1, -1, 1, 1, 0, 0, 1)"
Node_02687,6,[O O X | . X O | . . X],7,0.9419,3,"[4, 7, 8]",,,,0.6925,,,0.9419,0.3369,,"(-1, -1, 1, 0, 1, -1, 0, 0, 1)"
Node_02688,6,[. O X | O X . | . X O],7,0.9419,3,"[1, 6, 7]",0.4372,,,,,0.3933,0.9419,,,"(0, -1, 1, -1, 1, 0, 0, 1, -1)"
Node_02689,6,[. X . | X X O | O . O],8,0.9419,3,"[1, 3, 8]",-0.7458,,0.1924,,,,,0.9419,,"(0, 1, 0, 1, 1, -1, -1, 0, -1)"
Node_02690,6,[X X . | . X O | O O .],9,0.9419,3,"[3, 4, 9]",,,0.4686,0.0751,,,,,0.9419,"(1, 1, 0, 0, 1, -1, -1, -1, 0)"
Node_02691,6,[O O . | O X X | . . X],3,0.9419,3,"[3, 7, 8]",,,0.9419,,,,-0.0755,-0.4686,,"(-1, -1, 0, -1, 1, 1, 0, 0, 1)"
Node_02692,6,[X . X | O O . | X O .],2,0.9354,3,"[2, 6, 9]",,0.9354,,,,-0.5695,,,-0.7458,"(1, 0, 1, -1, -1, 0, 1, -1, 0)"
Node_02693,6,[. . O | O X O | X X .],2,0.9354,3,"[1, 2, 9]",0.1239,0.9354,,,,,,,0.5217,"(0, 0, -1, -1, 1, -1, 1, 1, 0)"
Node_02694,6,[X . O | O . O | X . X],5,0.9354,3,"[2, 5, 8]",,0.3386,,,0.9354,,,0.6126,,"(1, 0, -1, -1, 0, -1, 1, 0, 1)"
Node_02695,6,[. X X | O X . | O O .],1,0.9354,3,"[1, 6, 9]",0.9354,,,,,-0.4686,,,-0.0183,"(0, 1, 1, -1, 1, 0, -1, -1, 0)"
Node_02696,6,[X . O | X O O | . . X],7,0.9354,3,"[2, 7, 8]",,-0.5184,,,,,0.9354,-0.1198,,"(1, 0, -1, 1, -1, -1, 0, 0, 1)"
Node_02697,6,[. X X | O O . | O . X],1,0.9354,3,"[1, 6, 8]",0.9354,,,,,0.4686,,-0.7941,,"(0, 1, 1, -1, -1, 0, -1, 0, 1)"
Node_02698,6,[X . . | . O O | X X O],4,0.9354,3,"[2, 3, 4]",,-0.5695,-0.1524,0.9354,,,,,,"(1, 0, 0, 0, -1, -1, 1, 1, -1)"
Node_02699,6,[X . X | O . O | O . X],5,0.9354,3,"[2, 5, 8]",,0.5695,,,0.9354,,,-0.3435,,"(1, 0, 1, -1, 0, -1, -1, 0, 1)"
Node_02700,6,[X O . | . X X | . O O],4,0.9354,3,"[3, 4, 7]",,,-0.1874,0.9354,,,0.8006,,,"(1, -1, 0, 0, 1, 1, 0, -1, -1)"
Node_02701,6,[X O X | . X . | O O .],9,0.9354,3,"[4, 6, 9]",,,,-0.1688,,-0.4342,,,0.9354,"(1, -1, 1, 0, 1, 0, -1, -1, 0)"
Node_02702,6,[. O O | . X O | X X .],9,0.9354,3,"[1, 4, 9]",0.1857,,,-0.6513,,,,,0.9354,"(0, -1, -1, 0, 1, -1, 1, 1, 0)"
Node_02703,6,[X . O | O X O | . X .],9,0.9354,3,"[2, 7, 9]",,0.7458,,,,,-0.2996,,0.9354,"(1, 0, -1, -1, 1, -1, 0, 1, 0)"
Node_02704,6,[X . O | . O O | X . X],8,0.9354,3,"[2, 4, 8]",,-0.0875,,0.5695,,,,0.9354,,"(1, 0, -1, 0, -1, -1, 1, 0, 1)"
Node_02705,6,[. O . | . X O | O X X],1,0.9354,3,"[1, 3, 4]",0.9354,,0.3812,0.3024,,,,,,"(0, -1, 0, 0, 1, -1, -1, 1, 1)"
Node_02706,6,[. . O | O O X | X . X],8,0.9354,3,"[1, 2, 8]",0.0929,0.3076,,,,,,0.9354,,"(0, 0, -1, -1, -1, 1, 1, 0, 1)"
Node_02707,6,[X O . | X X . | . O O],7,0.9282,3,"[3, 6, 7]",,,-0.0555,,,0.6126,0.9282,,,"(1, -1, 0, 1, 1, 0, 0, -1, -1)"
Node_02708,6,[O . X | O O X | . X .],9,0.9282,3,"[2, 7, 9]",,-0.6126,,,,,-0.1939,,0.9282,"(-1, 0, 1, -1, -1, 1, 0, 1, 0)"
Node_02709,6,[. O O | . X . | X O X],1,0.9282,3,"[1, 4, 6]",0.9282,,,0.0425,,0.5088,,,,"(0, -1, -1, 0, 1, 0, 1, -1, 1)"
Node_02710,6,[X X O | O X O | . . .],8,0.9282,3,"[7, 8, 9]",,,,,,,-0.2691,0.9282,0.7458,"(1, 1, -1, -1, 1, -1, 0, 0, 0)"
Node_02711,6,[. O O | O X . | . X X],7,0.9282,3,"[1, 6, 7]",0.3439,,,,,0.1139,0.9282,,,"(0, -1, -1, -1, 1, 0, 0, 1, 1)"
Node_02712,6,[X O X | . . . | O O X],6,0.9282,3,"[4, 5, 6]",,,,-0.3439,0.4095,0.9282,,,,"(1, -1, 1, 0, 0, 0, -1, -1, 1)"
Node_02713,6,[X X . | . O X | O O .],3,0.9282,3,"[3, 4, 9]",,,0.9282,-0.5217,,,,,-0.0049,"(1, 1, 0, 0, -1, 1, -1, -1, 0)"
Node_02714,6,[. . O | O X O | . X X],7,0.9282,3,"[1, 2, 7]",0.4686,0.6126,,,,,0.9282,,,"(0, 0, -1, -1, 1, -1, 0, 1, 1)"
Node_02715,6,[O O . | . X X | X O .],3,0.9282,3,"[3, 4, 9]",,,0.9282,0.6862,,,,,-0.2886,"(-1, -1, 0, 0, 1, 1, 1, -1, 0)"
Node_02716,6,[O . O | . X O | X X .],2,0.9282,3,"[2, 4, 9]",,0.9282,,-0.5695,,,,,0.4095,"(-1, 0, -1, 0, 1, -1, 1, 1, 0)"
Node_02717,6,[X O X | O X . | O . .],9,0.9282,3,"[6, 8, 9]",,,,,,0.784,,0.4584,0.9282,"(1, -1, 1, -1, 1, 0, -1, 0, 0)"
Node_02718,6,[X O . | O O . | . X X],7,0.9282,3,"[3, 6, 7]",,,-0.339,,,0.5925,0.9282,,,"(1, -1, 0, -1, -1, 0, 0, 1, 1)"
Node_02719,6,[X O . | X O O | . . X],7,0.9202,3,"[3, 7, 8]",,,-0.2932,,,,0.9202,0.2107,,"(1, -1, 0, 1, -1, -1, 0, 0, 1)"
Node_02720,6,[X O X | . X . | . O O],7,0.9202,3,"[4, 6, 7]",,,,-0.3853,,0.0029,0.9202,,,"(1, -1, 1, 0, 1, 0, 0, -1, -1)"
Node_02721,6,[. X X | . O O | O . X],1,0.9202,3,"[1, 4, 8]",0.9202,,,0.2155,,,,-0.3832,,"(0, 1, 1, 0, -1, -1, -1, 0, 1)"
Node_02722,6,[O . . | . X O | X X O],2,0.9202,3,"[2, 3, 4]",,0.9202,0.4686,-0.4683,,,,,,"(-1, 0, 0, 0, 1, -1, 1, 1, -1)"
Node_02723,6,[. . O | X O O | X . X],8,0.9202,3,"[1, 2, 8]",0.4095,0.4681,,,,,,0.9202,,"(0, 0, -1, 1, -1, -1, 1, 0, 1)"
Node_02724,6,[O X O | . . . | O X X],5,0.9202,3,"[4, 5, 6]",,,,-0.3181,0.9202,-0.6126,,,,"(-1, 1, -1, 0, 0, 0, -1, 1, 1)"
Node_02725,6,[O . X | O X O | . . X],7,0.9202,3,"[2, 7, 8]",,0.1642,,,,,0.9202,-0.0144,,"(-1, 0, 1, -1, 1, -1, 0, 0, 1)"
Node_02726,6,[. O . | X O O | X . X],8,0.9202,3,"[1, 3, 8]",0.6513,,-0.283,,,,,0.9202,,"(0, -1, 0, 1, -1, -1, 1, 0, 1)"
Node_02727,6,[X . X | . . O | X O O],4,0.9202,3,"[2, 4, 5]",,0.271,,0.9202,0.3439,,,,,"(1, 0, 1, 0, 0, -1, 1, -1, -1)"
Node_02728,6,[X . X | O . O | X . O],5,0.9202,3,"[2, 5, 8]",,0.4095,,,0.9202,,,-0.0356,,"(1, 0, 1, -1, 0, -1, 1, 0, -1)"
Node_02729,6,[X O . | O O . | X X .],9,0.9202,3,"[3, 6, 9]",,,-0.2629,,,0.6831,,,0.9202,"(1, -1, 0, -1, -1, 0, 1, 1, 0)"
Node_02730,6,[. X X | X O O | . O .],1,0.9202,3,"[1, 7, 9]",0.9202,,,,,,0.0,,0.1496,"(0, 1, 1, 1, -1, -1, 0, -1, 0)"
Node_02731,6,[X O X | O O . | . . X],6,0.9202,3,"[6, 7, 8]",,,,,,0.9202,-0.5695,-0.1779,,"(1, -1, 1, -1, -1, 0, 0, 0, 1)"
Node_02732,6,[. X X | . O X | O . O],1,0.9202,3,"[1, 4, 8]",0.9202,,,-0.4095,,,,0.2828,,"(0, 1, 1, 0, -1, 1, -1, 0, -1)"
Node_02733,6,[X O X | . O . | X . O],4,0.9202,3,"[4, 6, 8]",,,,0.9202,,-0.2195,,0.1523,,"(1, -1, 1, 0, -1, 0, 1, 0, -1)"
Node_02734,6,[O O X | X . . | . O X],5,0.9173,3,"[5, 6, 7]",,,,,0.9173,0.4095,-0.271,,,"(-1, -1, 1, 1, 0, 0, 0, -1, 1)"
Node_02735,6,[X O . | O . O | X X .],5,0.9139,3,"[3, 5, 9]",,,0.0578,,0.9139,,,,0.3439,"(1, -1, 0, -1, 0, -1, 1, 1, 0)"
Node_02736,6,[X O O | . . . | X O X],5,0.9114,3,"[4, 5, 6]",,,,0.6513,0.9114,-0.0621,,,,"(1, -1, -1, 0, 0, 0, 1, -1, 1)"
Node_02737,6,[O O . | X O . | X . X],8,0.9114,3,"[3, 6, 8]",,,0.3101,,,-0.6126,,0.9114,,"(-1, -1, 0, 1, -1, 0, 1, 0, 1)"
Node_02738,6,[X O X | . . O | O . X],5,0.9114,3,"[4, 5, 8]",,,,0.3724,0.9114,,,0.0,,"(1, -1, 1, 0, 0, -1, -1, 0, 1)"
Node_02739,6,[O . . | . O X | X O X],3,0.9114,3,"[2, 3, 4]",,0.2826,0.9114,-0.4217,,,,,,"(-1, 0, 0, 0, -1, 1, 1, -1, 1)"
Node_02740,6,[X . . | X O O | . O X],7,0.9114,3,"[2, 3, 7]",,0.6004,-0.2149,,,,0.9114,,,"(1, 0, 0, 1, -1, -1, 0, -1, 1)"
Node_02741,6,[. X X | O X . | . O O],1,0.9114,3,"[1, 6, 7]",0.9114,,,,,0.2872,0.3439,,,"(0, 1, 1, -1, 1, 0, 0, -1, -1)"
Node_02742,6,[O O . | . X . | X X O],3,0.9114,3,"[3, 4, 6]",,,0.9114,0.2871,,0.4233,,,,"(-1, -1, 0, 0, 1, 0, 1, 1, -1)"
Node_02743,6,[. O O | X X . | . X O],6,0.9114,3,"[1, 6, 7]",-0.2423,,,,,0.9114,-0.4095,,,"(0, -1, -1, 1, 1, 0, 0, 1, -1)"
Node_02744,6,[. O . | X X O | X . O],3,0.9114,3,"[1, 3, 8]",0.4095,,0.9114,,,,,0.1197,,"(0, -1, 0, 1, 1, -1, 1, 0, -1)"
Node_02745,6,[. X X | . O . | X O O],1,0.9114,3,"[1, 4, 6]",0.9114,,,-0.0065,,-0.4686,,,,"(0, 1, 1, 0, -1, 0, 1, -1, -1)"
Node_02746,6,[. . O | O X X | . O X],1,0.9114,3,"[1, 2, 7]",0.9114,0.5833,,,,,0.3523,,,"(0, 0, -1, -1, 1, 1, 0, -1, 1)"
Node_02747,6,[X X . | . O X | O . O],3,0.9114,3,"[3, 4, 8]",,,0.9114,-0.4686,,,,0.0085,,"(1, 1, 0, 0, -1, 1, -1, 0, -1)"
Node_02748,6,[X . O | . O X | X O .],4,0.9114,3,"[2, 4, 9]",,0.1692,,0.9114,,,,,-0.3686,"(1, 0, -1, 0, -1, 1, 1, -1, 0)"
Node_02749,6,[X . O | O O . | X X .],9,0.9114,3,"[2, 6, 9]",,-0.575,,,,0.2753,,,0.9114,"(1, 0, -1, -1, -1, 0, 1, 1, 0)"
Node_02750,6,[. X X | O O . | X O .],1,0.9114,3,"[1, 6, 9]",0.9114,,,,,0.5861,,,0.0637,"(0, 1, 1, -1, -1, 0, 1, -1, 0)"
Node_02751,6,[X O X | O X . | . O .],9,0.9114,3,"[6, 7, 9]",,,,,,0.706,0.7176,,0.9114,"(1, -1, 1, -1, 1, 0, 0, -1, 0)"
Node_02752,6,[X X O | . X . | O . O],8,0.9114,3,"[4, 6, 8]",,,,-0.271,,-0.0434,,0.9114,,"(1, 1, -1, 0, 1, 0, -1, 0, -1)"
Node_02753,6,[. X . | O . X | O X O],1,0.9098,3,"[1, 3, 5]",0.9098,,-0.1,,0.6862,,,,,"(0, 1, 0, -1, 0, 1, -1, 1, -1)"
Node_02754,6,[O X . | . X X | O O .],4,0.9015,3,"[3, 4, 9]",,,-0.4686,0.9015,,,,,-0.4227,"(-1, 1, 0, 0, 1, 1, -1, -1, 0)"
Node_02755,6,[X X . | O X O | O . .],9,0.9015,3,"[3, 8, 9]",,,0.6126,,,,,0.5695,0.9015,"(1, 1, 0, -1, 1, -1, -1, 0, 0)"
Node_02756,6,[. O O | . X X | . O X],1,0.9015,3,"[1, 4, 7]",0.9015,,,0.6126,,,0.0622,,,"(0, -1, -1, 0, 1, 1, 0, -1, 1)"
Node_02757,6,[O . . | O X X | . O X],3,0.9015,3,"[2, 3, 7]",,-0.4275,0.9015,,,,0.3755,,,"(-1, 0, 0, -1, 1, 1, 0, -1, 1)"
Node_02758,6,[. O O | . O X | . X X],7,0.9015,3,"[1, 4, 7]",-0.5133,,,-0.4095,,,0.9015,,,"(0, -1, -1, 0, -1, 1, 0, 1, 1)"
Node_02759,6,[O . X | O X . | . O X],6,0.9015,3,"[2, 6, 7]",,-0.5041,,,,0.9015,0.5217,,,"(-1, 0, 1, -1, 1, 0, 0, -1, 1)"
Node_02760,6,[. X X | O O X | . O .],1,0.9015,3,"[1, 7, 9]",0.9015,,,,,,0.6439,,0.3439,"(0, 1, 1, -1, -1, 1, 0, -1, 0)"
Node_02761,6,[X X . | . X O | . O O],3,0.9015,3,"[3, 4, 7]",,,0.9015,-0.5217,,,-0.013,,,"(1, 1, 0, 0, 1, -1, 0, -1, -1)"
Node_02762,6,[. O X | O O . | . X X],7,0.9015,3,"[1, 6, 7]",-0.298,,,,,0.5217,0.9015,,,"(0, -1, 1, -1, -1, 0, 0, 1, 1)"
Node_02763,6,[X . O | O . . | X O X],5,0.9015,3,"[2, 5, 6]",,0.2278,,,0.9015,0.1822,,,,"(1, 0, -1, -1, 0, 0, 1, -1, 1)"
Node_02764,6,[. O . | . O X | O X X],3,0.9015,3,"[1, 3, 4]",-0.1634,,0.9015,-0.2802,,,,,,"(0, -1, 0, 0, -1, 1, -1, 1, 1)"
Node_02765,6,[. O . | O X O | X . X],3,0.9015,3,"[1, 3, 8]",0.5695,,0.9015,,,,,0.6862,,"(0, -1, 0, -1, 1, -1, 1, 0, 1)"
Node_02766,6,[O . O | X X O | . X .],2,0.9015,3,"[2, 7, 9]",,0.9015,,,,,-0.7176,,-0.3826,"(-1, 0, -1, 1, 1, -1, 0, 1, 0)"
Node_02767,6,[O X X | O X . | . . O],8,0.9015,3,"[6, 7, 8]",,,,,,-0.2886,0.4686,0.9015,,"(-1, 1, 1, -1, 1, 0, 0, 0, -1)"
Node_02768,6,[. . O | X O . | X X O],1,0.9015,3,"[1, 2, 6]",0.9015,-0.6862,,,,0.0732,,,,"(0, 0, -1, 1, -1, 0, 1, 1, -1)"
Node_02769,6,[. X . | O O X | O . X],3,0.9015,3,"[1, 3, 8]",0.3212,,0.9015,,,,,-0.5217,,"(0, 1, 0, -1, -1, 1, -1, 0, 1)"
Node_02770,6,[O . X | . X X | . O O],7,0.9015,3,"[2, 4, 7]",,-0.1739,,0.4686,,,0.9015,,,"(-1, 0, 1, 0, 1, 1, 0, -1, -1)"
Node_02771,6,[O X X | . . . | X O O],5,0.8906,3,"[4, 5, 6]",,,,-0.27,0.8906,-0.4095,,,,"(-1, 1, 1, 0, 0, 0, 1, -1, -1)"
Node_02772,6,[. O X | O O . | X X .],9,0.8906,3,"[1, 6, 9]",-0.307,,,,,0.3737,,,0.8906,"(0, -1, 1, -1, -1, 0, 1, 1, 0)"
Node_02773,6,[. X . | X O O | X O .],1,0.8906,3,"[1, 3, 9]",0.8906,,0.1602,,,,,,0.378,"(0, 1, 0, 1, -1, -1, 1, -1, 0)"
Node_02774,6,[O . X | O X X | . . O],7,0.8906,3,"[2, 7, 8]",,-0.177,,,,,0.8906,-0.1852,,"(-1, 0, 1, -1, 1, 1, 0, 0, -1)"
Node_02775,6,[. X O | O O . | X . X],8,0.8906,3,"[1, 6, 8]",-0.3975,,,,,0.6822,,0.8906,,"(0, 1, -1, -1, -1, 0, 1, 0, 1)"
Node_02776,6,[. . O | X O X | X O .],1,0.8906,3,"[1, 2, 9]",0.8906,0.0,,,,,,,-0.3627,"(0, 0, -1, 1, -1, 1, 1, -1, 0)"
Node_02777,6,[. X X | O O X | . . O],1,0.8906,3,"[1, 7, 8]",0.8906,,,,,,-0.271,0.2826,,"(0, 1, 1, -1, -1, 1, 0, 0, -1)"
Node_02778,6,[. . X | O X X | O O .],9,0.8906,3,"[1, 2, 9]",-0.321,-0.7458,,,,,,,0.8906,"(0, 0, 1, -1, 1, 1, -1, -1, 0)"
Node_02779,6,[O . X | . O X | O X .],9,0.8906,3,"[2, 4, 9]",,-0.7458,,-0.5217,,,,,0.8906,"(-1, 0, 1, 0, -1, 1, -1, 1, 0)"
Node_02780,6,[X X . | X O O | . . O],3,0.8906,3,"[3, 7, 8]",,,0.8906,,,,0.271,0.0414,,"(1, 1, 0, 1, -1, -1, 0, 0, -1)"
Node_02781,6,[X X . | X O . | O . O],3,0.8906,3,"[3, 6, 8]",,,0.8906,,,-0.6862,,-0.1836,,"(1, 1, 0, 1, -1, 0, -1, 0, -1)"
Node_02782,6,[. O O | O . X | X . X],1,0.8845,3,"[1, 5, 8]",0.8845,,,,0.0952,,,0.4686,,"(0, -1, -1, -1, 0, 1, 1, 0, 1)"
Node_02783,6,[. X . | X . O | X O O],3,0.8824,3,"[1, 3, 5]",0.5217,,0.8824,,0.2549,,,,,"(0, 1, 0, 1, 0, -1, 1, -1, -1)"
Node_02784,6,[. O O | X O X | X . .],1,0.8784,3,"[1, 8, 9]",0.8784,,,,,,,-0.3718,-0.5217,"(0, -1, -1, 1, -1, 1, 1, 0, 0)"
Node_02785,6,[. O O | X X O | . . X],1,0.8784,3,"[1, 7, 8]",0.8784,,,,,,0.4882,-0.109,,"(0, -1, -1, 1, 1, -1, 0, 0, 1)"
Node_02786,6,[. . X | X O O | X . O],1,0.8784,3,"[1, 2, 8]",0.8784,-0.0645,,,,,,-0.2752,,"(0, 0, 1, 1, -1, -1, 1, 0, -1)"
Node_02787,6,[O . X | O O X | X . .],9,0.8784,3,"[2, 8, 9]",,-0.0393,,,,,,0.1292,0.8784,"(-1, 0, 1, -1, -1, 1, 1, 0, 0)"
Node_02788,6,[X . O | . O . | X X O],4,0.8784,3,"[2, 4, 6]",,-0.5935,,0.8784,,0.4217,,,,"(1, 0, -1, 0, -1, 0, 1, 1, -1)"
Node_02789,6,[X X O | X O O | . . .],7,0.8784,3,"[7, 8, 9]",,,,,,,0.8784,-0.4095,-0.053,"(1, 1, -1, 1, -1, -1, 0, 0, 0)"
Node_02790,6,[X . O | X X . | . O O],7,0.8784,3,"[2, 6, 7]",,-0.7176,,,,0.6513,0.8784,,,"(1, 0, -1, 1, 1, 0, 0, -1, -1)"
Node_02791,6,[. O O | X O . | X . X],1,0.8784,3,"[1, 6, 8]",0.8784,,,,,-0.3439,,0.4095,,"(0, -1, -1, 1, -1, 0, 1, 0, 1)"
Node_02792,6,[X . X | O . . | X O O],2,0.8784,3,"[2, 5, 6]",,0.8784,,,0.5217,0.5214,,,,"(1, 0, 1, -1, 0, 0, 1, -1, -1)"
Node_02793,6,[. X . | X O O | X . O],1,0.8784,3,"[1, 3, 8]",0.8784,,0.0195,,,,,-0.4095,,"(0, 1, 0, 1, -1, -1, 1, 0, -1)"
Node_02794,6,[O . O | X O . | X X .],9,0.8784,3,"[2, 6, 9]",,-0.5534,,,,-0.6862,,,0.8784,"(-1, 0, -1, 1, -1, 0, 1, 1, 0)"
Node_02795,6,[X . . | X X O | O O .],9,0.8784,3,"[2, 3, 9]",,0.1455,0.0937,,,,,,0.8784,"(1, 0, 0, 1, 1, -1, -1, -1, 0)"
Node_02796,6,[. O X | O X . | O . X],1,0.8784,3,"[1, 6, 8]",0.8784,,,,,0.4686,,-0.2476,,"(0, -1, 1, -1, 1, 0, -1, 0, 1)"
Node_02797,6,[. X X | O O . | . O X],6,0.8784,3,"[1, 6, 7]",0.3439,,,,,0.8784,-0.237,,,"(0, 1, 1, -1, -1, 0, 0, -1, 1)"
Node_02798,6,[O . X | . O X | X O .],9,0.8784,3,"[2, 4, 9]",,-0.305,,-0.4686,,,,,0.8784,"(-1, 0, 1, 0, -1, 1, 1, -1, 0)"
Node_02799,6,[. O . | O X . | O X X],1,0.8784,3,"[1, 3, 6]",0.8784,,-0.1845,,,0.1428,,,,"(0, -1, 0, -1, 1, 0, -1, 1, 1)"
Node_02800,6,[O . X | X . O | X . O],5,0.8784,3,"[2, 5, 8]",,-0.5201,,,0.8784,,,-0.378,,"(-1, 0, 1, 1, 0, -1, 1, 0, -1)"
Node_02801,6,[O O . | . X O | X X .],3,0.8784,3,"[3, 4, 9]",,,0.8784,-0.1103,,,,,0.3439,"(-1, -1, 0, 0, 1, -1, 1, 1, 0)"
Node_02802,6,[. X X | . O X | O O .],1,0.8784,3,"[1, 4, 9]",0.8784,,,-0.19,,,,,0.4095,"(0, 1, 1, 0, -1, 1, -1, -1, 0)"
Node_02803,6,[. X O | . . X | X O O],4,0.87,3,"[1, 4, 5]",0.0,,,0.87,0.0,,,,,"(0, 1, -1, 0, 0, 1, 1, -1, -1)"
Node_02804,6,[. X O | X O . | X . O],1,0.8649,3,"[1, 6, 8]",0.8649,,,,,-0.4869,,-0.6126,,"(0, 1, -1, 1, -1, 0, 1, 0, -1)"
Node_02805,6,[O O . | . X O | . X X],7,0.8649,3,"[3, 4, 7]",,,0.2964,-0.4666,,,0.8649,,,"(-1, -1, 0, 0, 1, -1, 0, 1, 1)"
Node_02806,6,[X . O | O X O | X . .],9,0.8649,3,"[2, 8, 9]",,-0.1372,,,,,,-0.126,0.8649,"(1, 0, -1, -1, 1, -1, 1, 0, 0)"
Node_02807,6,[X O O | X O . | . . X],7,0.8649,3,"[6, 7, 8]",,,,,,-0.271,0.8649,-0.3398,,"(1, -1, -1, 1, -1, 0, 0, 0, 1)"
Node_02808,6,[O X X | O X O | . . .],7,0.8649,3,"[7, 8, 9]",,,,,,,0.8649,0.7458,0.0049,"(-1, 1, 1, -1, 1, -1, 0, 0, 0)"
Node_02809,6,[. . . | X O O | X X O],1,0.8649,3,"[1, 2, 3]",0.8649,-0.3439,0.243,,,,,,,"(0, 0, 0, 1, -1, -1, 1, 1, -1)"
Node_02810,6,[X X . | . X O | O . O],8,0.8649,3,"[3, 4, 8]",,,0.19,-0.4686,,,,0.8649,,"(1, 1, 0, 0, 1, -1, -1, 0, -1)"
Node_02811,6,[O . X | X O . | O . X],6,0.8649,3,"[2, 6, 8]",,0.0731,,,,0.8649,,0.0,,"(-1, 0, 1, 1, -1, 0, -1, 0, 1)"
Node_02812,6,[. O O | . X X | O . X],1,0.8649,3,"[1, 4, 8]",0.8649,,,0.4686,,,,-0.1556,,"(0, -1, -1, 0, 1, 1, -1, 0, 1)"
Node_02813,6,[. O X | O X . | . O X],7,0.8649,3,"[1, 6, 7]",0.3439,,,,,0.271,0.8649,,,"(0, -1, 1, -1, 1, 0, 0, -1, 1)"
Node_02814,6,[. O X | X O . | O . X],6,0.8649,3,"[1, 6, 8]",-0.3957,,,,,0.8649,,0.52,,"(0, -1, 1, 1, -1, 0, -1, 0, 1)"
Node_02815,6,[X . . | O O X | . O X],3,0.8649,3,"[2, 3, 7]",,0.3001,0.8649,,,,-0.5217,,,"(1, 0, 0, -1, -1, 1, 0, -1, 1)"
Node_02816,6,[O X . | . O O | X . X],8,0.8649,3,"[3, 4, 8]",,,-0.5695,0.3523,,,,0.8649,,"(-1, 1, 0, 0, -1, -1, 1, 0, 1)"
Node_02817,6,[X . X | O O . | O . X],6,0.8649,3,"[2, 6, 8]",,0.7176,,,,0.8649,,-0.2418,,"(1, 0, 1, -1, -1, 0, -1, 0, 1)"
Node_02818,6,[X . O | X O O | . X .],7,0.8499,3,"[2, 7, 9]",,-0.6513,,,,,0.8499,,0.1726,"(1, 0, -1, 1, -1, -1, 0, 1, 0)"
Node_02819,6,[O O . | . O X | X . X],8,0.8499,3,"[3, 4, 8]",,,0.4686,-0.5217,,,,0.8499,,"(-1, -1, 0, 0, -1, 1, 1, 0, 1)"
Node_02820,6,[. X O | . O O | X X .],9,0.8499,3,"[1, 4, 9]",-0.6862,,,-0.1874,,,,,0.8499,"(0, 1, -1, 0, -1, -1, 1, 1, 0)"
Node_02821,6,[X X . | . O . | O O X],3,0.8499,3,"[3, 4, 6]",,,0.8499,0.3478,,-0.1643,,,,"(1, 1, 0, 0, -1, 0, -1, -1, 1)"
Node_02822,6,[O O X | O . . | X . X],8,0.8499,3,"[5, 6, 8]",,,,,0.3439,0.3439,,0.8499,,"(-1, -1, 1, -1, 0, 0, 1, 0, 1)"
Node_02823,6,[. O . | O X . | X X O],3,0.8499,3,"[1, 3, 6]",0.2658,,0.8499,,,0.2561,,,,"(0, -1, 0, -1, 1, 0, 1, 1, -1)"
Node_02824,6,[X O . | . O X | O . X],3,0.8499,3,"[3, 4, 8]",,,0.8499,-0.3439,,,,-0.1869,,"(1, -1, 0, 0, -1, 1, -1, 0, 1)"
Node_02825,6,[X O O | X X . | . O .],7,0.8499,3,"[6, 7, 9]",,,,,,0.4095,0.8499,,0.4686,"(1, -1, -1, 1, 1, 0, 0, -1, 0)"
Node_02826,6,[X O . | . O O | . X X],7,0.8499,3,"[3, 4, 7]",,,-0.1,0.3591,,,0.8499,,,"(1, -1, 0, 0, -1, -1, 0, 1, 1)"
Node_02827,6,[. X X | O X . | O . O],8,0.8499,3,"[1, 6, 8]",0.3439,,,,,-0.6513,,0.8499,,"(0, 1, 1, -1, 1, 0, -1, 0, -1)"
Node_02828,6,[. . . | O O X | O X X],3,0.8499,3,"[1, 2, 3]",-0.2603,-0.3439,0.8499,,,,,,,"(0, 0, 0, -1, -1, 1, -1, 1, 1)"
Node_02829,6,[. O . | O X X | O . X],3,0.8499,3,"[1, 3, 8]",0.4095,,0.8499,,,,,0.1966,,"(0, -1, 0, -1, 1, 1, -1, 0, 1)"
Node_02830,6,[X O . | . X X | O O .],9,0.8499,3,"[3, 4, 9]",,,-0.1765,0.5695,,,,,0.8499,"(1, -1, 0, 0, 1, 1, -1, -1, 0)"
Node_02831,6,[O O . | . O X | X X .],9,0.8499,3,"[3, 4, 9]",,,-0.0624,-0.4095,,,,,0.8499,"(-1, -1, 0, 0, -1, 1, 1, 1, 0)"
Node_02832,6,[. . O | O X X | O . X],1,0.8499,3,"[1, 2, 8]",0.8499,0.2167,,,,,,-0.3439,,"(0, 0, -1, -1, 1, 1, -1, 0, 1)"
Node_02833,6,[X X . | O O . | O X .],3,0.8499,3,"[3, 6, 9]",,,0.8499,,,0.4514,,,-0.5217,"(1, 1, 0, -1, -1, 0, -1, 1, 0)"
Node_02834,6,[X X . | O O . | . O X],3,0.8499,3,"[3, 6, 7]",,,0.8499,,,0.1294,-0.271,,,"(1, 1, 0, -1, -1, 0, 0, -1, 1)"
Node_02835,6,[. O . | O O X | X . X],8,0.8499,3,"[1, 3, 8]",-0.1315,,0.3439,,,,,0.8499,,"(0, -1, 0, -1, -1, 1, 1, 0, 1)"
Node_02836,6,[. O O | X O . | . X X],7,0.8499,3,"[1, 6, 7]",-0.3439,,,,,-0.4686,0.8499,,,"(0, -1, -1, 1, -1, 0, 0, 1, 1)"
Node_02837,6,[X . . | O O X | O . X],3,0.8499,3,"[2, 3, 8]",,0.4216,0.8499,,,,,0.0958,,"(1, 0, 0, -1, -1, 1, -1, 0, 1)"
Node_02838,6,[X O . | . O O | X X .],9,0.8499,3,"[3, 4, 9]",,,-0.2346,0.271,,,,,0.8499,"(1, -1, 0, 0, -1, -1, 1, 1, 0)"
Node_02839,6,[. O X | O O X | X . .],9,0.8499,3,"[1, 8, 9]",-0.3366,,,,,,,0.2289,0.8499,"(0, -1, 1, -1, -1, 1, 1, 0, 0)"
Node_02840,6,[X . O | X O . | . X O],7,0.8499,3,"[2, 6, 7]",,-0.5695,,,,-0.1527,0.8499,,,"(1, 0, -1, 1, -1, 0, 0, 1, -1)"
Node_02841,6,[X O . | . . X | X O O],5,0.8459,3,"[3, 4, 5]",,,-0.0727,0.4686,0.8459,,,,,"(1, -1, 0, 0, 0, 1, 1, -1, -1)"
Node_02842,6,[O . X | X . O | . X O],5,0.8391,3,"[2, 5, 7]",,-0.1,,,0.8391,,0.0,,,"(-1, 0, 1, 1, 0, -1, 0, 1, -1)"
Node_02843,6,[X O O | X O . | . X .],7,0.8332,3,"[6, 7, 9]",,,,,,-0.4686,0.8332,,0.7562,"(1, -1, -1, 1, -1, 0, 0, 1, 0)"
Node_02844,6,[X . O | O O . | . X X],7,0.8332,3,"[2, 6, 7]",,-0.271,,,,-0.1374,0.8332,,,"(1, 0, -1, -1, -1, 0, 0, 1, 1)"
Node_02845,6,[. . X | O X X | . O O],7,0.8332,3,"[1, 2, 7]",-0.4095,0.3183,,,,,0.8332,,,"(0, 0, 1, -1, 1, 1, 0, -1, -1)"
Node_02846,6,[. X X | O X O | . . O],8,0.8332,3,"[1, 7, 8]",0.4686,,,,,,0.4686,0.8332,,"(0, 1, 1, -1, 1, -1, 0, 0, -1)"
Node_02847,6,[X . X | X . O | O . O],2,0.8332,3,"[2, 5, 8]",,0.8332,,,-0.181,,,0.1798,,"(1, 0, 1, 1, 0, -1, -1, 0, -1)"
Node_02848,6,[O . X | . O O | X X .],9,0.8332,3,"[2, 4, 9]",,-0.4686,,-0.1801,,,,,0.8332,"(-1, 0, 1, 0, -1, -1, 1, 1, 0)"
Node_02849,6,[. X O | . O O | . X X],7,0.8332,3,"[1, 4, 7]",-0.3439,,,-0.054,,,0.8332,,,"(0, 1, -1, 0, -1, -1, 0, 1, 1)"
Node_02850,6,[X O X | . O O | X . .],4,0.8332,3,"[4, 8, 9]",,,,0.8332,,,,0.3032,-0.8332,"(1, -1, 1, 0, -1, -1, 1, 0, 0)"
Node_02851,6,[. O X | . O O | X . X],8,0.8332,3,"[1, 4, 8]",-0.6513,,,0.1522,,,,0.8332,,"(0, -1, 1, 0, -1, -1, 1, 0, 1)"
Node_02852,6,[O O X | . O . | X X .],9,0.8332,3,"[4, 6, 9]",,,,-0.4434,,-0.2082,,,0.8332,"(-1, -1, 1, 0, -1, 0, 1, 1, 0)"
Node_02853,6,[. O X | X O . | X . O],1,0.8332,3,"[1, 6, 8]",0.8332,,,,,-0.4686,,-0.2779,,"(0, -1, 1, 1, -1, 0, 1, 0, -1)"
Node_02854,6,[. O O | . O X | X X .],9,0.8332,3,"[1, 4, 9]",0.6169,,,-0.271,,,,,0.8332,"(0, -1, -1, 0, -1, 1, 1, 1, 0)"
Node_02855,6,[X O O | . O . | X X .],9,0.8332,3,"[4, 6, 9]",,,,0.7712,,0.479,,,0.8332,"(1, -1, -1, 0, -1, 0, 1, 1, 0)"
Node_02856,6,[O X . | X . . | X O O],5,0.8277,3,"[3, 5, 6]",,,0.1408,,0.8277,0.3584,,,,"(-1, 1, 0, 1, 0, 0, 1, -1, -1)"
Node_02857,6,[X O O | . . O | X . X],5,0.8147,3,"[4, 5, 8]",,,,0.4686,0.8147,,,0.5695,,"(1, -1, -1, 0, 0, -1, 1, 0, 1)"
Node_02858,6,[O O . | . X X | O . X],4,0.8147,3,"[3, 4, 8]",,,0.6126,0.8147,,,,-0.5695,,"(-1, -1, 0, 0, 1, 1, -1, 0, 1)"
Node_02859,6,[O . . | X O O | X X .],9,0.8147,3,"[2, 3, 9]",,-0.33,-0.1187,,,,,,0.8147,"(-1, 0, 0, 1, -1, -1, 1, 1, 0)"
Node_02860,6,[X X . | O O X | O . .],3,0.8147,3,"[3, 8, 9]",,,0.8147,,,,,0.1141,-0.0028,"(1, 1, 0, -1, -1, 1, -1, 0, 0)"
Node_02861,6,[. . O | X O X | X . O],1,0.8147,3,"[1, 2, 8]",0.8147,0.5516,,,,,,-0.1899,,"(0, 0, -1, 1, -1, 1, 1, 0, -1)"
Node_02862,6,[X . . | X X O | . O O],7,0.8147,3,"[2, 3, 7]",,-0.4686,0.0055,,,,0.8147,,,"(1, 0, 0, 1, 1, -1, 0, -1, -1)"
Node_02863,6,[O O . | O X . | . X X],7,0.8147,3,"[3, 6, 7]",,,-0.2187,,,-0.4686,0.8147,,,"(-1, -1, 0, -1, 1, 0, 0, 1, 1)"
Node_02864,6,[X O . | O O . | X . X],8,0.8147,3,"[3, 6, 8]",,,-0.271,,,-0.5695,,0.8147,,"(1, -1, 0, -1, -1, 0, 1, 0, 1)"
Node_02865,6,[O X O | O . . | X . X],8,0.8147,3,"[5, 6, 8]",,,,,0.1401,0.1589,,0.8147,,"(-1, 1, -1, -1, 0, 0, 1, 0, 1)"
Node_02866,6,[X . X | . O O | . O X],2,0.8147,3,"[2, 4, 7]",,0.8147,,-0.1336,,,-0.3439,,,"(1, 0, 1, 0, -1, -1, 0, -1, 1)"
Node_02867,6,[. O . | O X X | . O X],3,0.8147,3,"[1, 3, 7]",0.4686,,0.8147,,,,0.7056,,,"(0, -1, 0, -1, 1, 1, 0, -1, 1)"
Node_02868,6,[X X . | . O . | O X O],3,0.8147,3,"[3, 4, 6]",,,0.8147,-0.09,,0.1406,,,,"(1, 1, 0, 0, -1, 0, -1, 1, -1)"
Node_02869,6,[O . . | X O X | . O X],3,0.8147,3,"[2, 3, 7]",,0.3038,0.8147,,,,-0.09,,,"(-1, 0, 0, 1, -1, 1, 0, -1, 1)"
Node_02870,6,[. O X | O O . | X . X],8,0.8147,3,"[1, 6, 8]",-0.3439,,,,,0.271,,0.8147,,"(0, -1, 1, -1, -1, 0, 1, 0, 1)"
Node_02871,6,[X . X | . . O | O O X],2,0.8147,3,"[2, 4, 5]",,0.8147,,0.1748,0.3439,,,,,"(1, 0, 1, 0, 0, -1, -1, -1, 1)"
Node_02872,6,[X . O | X O . | . O X],7,0.8147,3,"[2, 6, 7]",,-0.2853,,,,-0.4686,0.8147,,,"(1, 0, -1, 1, -1, 0, 0, -1, 1)"
Node_02873,6,[. O . | . X X | O O X],4,0.8147,3,"[1, 3, 4]",0.4095,,0.271,0.8147,,,,,,"(0, -1, 0, 0, 1, 1, -1, -1, 1)"
Node_02874,6,[X X . | . O O | X . O],4,0.8147,3,"[3, 4, 8]",,,0.5695,0.8147,,,,-0.3439,,"(1, 1, 0, 0, -1, -1, 1, 0, -1)"
Node_02875,6,[X . O | . O O | X X .],4,0.8147,3,"[2, 4, 9]",,-0.5695,,0.8147,,,,,0.4095,"(1, 0, -1, 0, -1, -1, 1, 1, 0)"
Node_02876,6,[X X . | O O . | X . O],3,0.8147,3,"[3, 6, 8]",,,0.8147,,,0.0,,0.0,,"(1, 1, 0, -1, -1, 0, 1, 0, -1)"
Node_02877,6,[O O X | O . X | X . .],8,0.8127,3,"[5, 8, 9]",,,,,0.19,,,0.8127,0.4686,"(-1, -1, 1, -1, 0, 1, 1, 0, 0)"
Node_02878,6,[O O X | . . X | . X O],5,0.8121,3,"[4, 5, 7]",,,,0.0792,0.8121,,-0.0752,,,"(-1, -1, 1, 0, 0, 1, 0, 1, -1)"
Node_02879,6,[O X . | X . X | O O .],9,0.8111,3,"[3, 5, 9]",,,-0.4095,,0.271,,,,0.8111,"(-1, 1, 0, 1, 0, 1, -1, -1, 0)"
Node_02880,6,[X . . | O . X | O X O],2,0.8048,3,"[2, 3, 5]",,0.8048,0.1619,,0.2843,,,,,"(1, 0, 0, -1, 0, 1, -1, 1, -1)"
Node_02881,6,[. O X | O . O | . X X],5,0.8035,3,"[1, 5, 7]",-0.2151,,,,0.8035,,0.19,,,"(0, -1, 1, -1, 0, -1, 0, 1, 1)"
Node_02882,6,[O O X | X . X | O . .],8,0.7996,3,"[5, 8, 9]",,,,,0.19,,,0.7996,0.3439,"(-1, -1, 1, 1, 0, 1, -1, 0, 0)"
Node_02883,6,[. O X | X . O | X . O],8,0.7986,3,"[1, 5, 8]",0.271,,,,0.271,,,0.7986,,"(0, -1, 1, 1, 0, -1, 1, 0, -1)"
Node_02884,6,[. X . | O . O | X O X],5,0.7947,3,"[1, 3, 5]",0.0,,-0.1,,0.7947,,,,,"(0, 1, 0, -1, 0, -1, 1, -1, 1)"
Node_02885,6,[X . X | X . O | . O O],7,0.7941,3,"[2, 5, 7]",,0.4095,,,0.0858,,0.7941,,,"(1, 0, 1, 1, 0, -1, 0, -1, -1)"
Node_02886,6,[O O X | X . . | X . O],5,0.7941,3,"[5, 6, 8]",,,,,0.7941,-0.1016,,-0.0498,,"(-1, -1, 1, 1, 0, 0, 1, 0, -1)"
Node_02887,6,[X O X | X . O | . O .],7,0.7941,3,"[5, 7, 9]",,,,,0.4198,,0.7941,,-0.0867,"(1, -1, 1, 1, 0, -1, 0, -1, 0)"
Node_02888,6,[O . X | X . . | O O X],6,0.7941,3,"[2, 5, 6]",,0.1755,,,0.0,0.7941,,,,"(-1, 0, 1, 1, 0, 0, -1, -1, 1)"
Node_02889,6,[X X . | O O X | . . O],3,0.7941,3,"[3, 7, 8]",,,0.7941,,,,0.0915,0.3925,,"(1, 1, 0, -1, -1, 1, 0, 0, -1)"
Node_02890,6,[O X . | . O O | X X .],9,0.7941,3,"[3, 4, 9]",,,-0.3439,0.3029,,,,,0.7941,"(-1, 1, 0, 0, -1, -1, 1, 1, 0)"
Node_02891,6,[X O O | . . X | O . X],5,0.7941,3,"[4, 5, 8]",,,,-0.1,0.7941,,,0.0556,,"(1, -1, -1, 0, 0, 1, -1, 0, 1)"
Node_02892,6,[. X . | X O . | X O O],1,0.7941,3,"[1, 3, 6]",0.7941,,-0.1646,,,0.1836,,,,"(0, 1, 0, 1, -1, 0, 1, -1, -1)"
Node_02893,6,[X . . | X O X | . O O],7,0.7941,3,"[2, 3, 7]",,0.1168,-0.3439,,,,0.7941,,,"(1, 0, 0, 1, -1, 1, 0, -1, -1)"
Node_02894,6,[O . . | O O X | X . X],3,0.7941,3,"[2, 3, 8]",,0.5617,0.7941,,,,,0.19,,"(-1, 0, 0, -1, -1, 1, 1, 0, 1)"
Node_02895,6,[. X X | . O X | . O O],1,0.7941,3,"[1, 4, 7]",0.7941,,,-0.271,,,0.0514,,,"(0, 1, 1, 0, -1, 1, 0, -1, -1)"
Node_02896,6,[X . . | . O O | X O X],4,0.7941,3,"[2, 3, 4]",,-0.3439,-0.5695,0.7941,,,,,,"(1, 0, 0, 0, -1, -1, 1, -1, 1)"
Node_02897,6,[O O . | . X X | . O X],3,0.7941,3,"[3, 4, 7]",,,0.7941,0.6862,,,-0.1,,,"(-1, -1, 0, 0, 1, 1, 0, -1, 1)"
Node_02898,6,[X O X | . O X | O . .],9,0.7941,3,"[4, 8, 9]",,,,-0.2439,,,,0.4482,0.7941,"(1, -1, 1, 0, -1, 1, -1, 0, 0)"
Node_02899,6,[. . O | O O X | X X .],9,0.7941,3,"[1, 2, 9]",0.2985,0.0,,,,,,,0.7941,"(0, 0, -1, -1, -1, 1, 1, 1, 0)"
Node_02900,6,[X O . | O O X | . . X],3,0.7941,3,"[3, 7, 8]",,,0.7941,,,,-0.1886,0.3307,,"(1, -1, 0, -1, -1, 1, 0, 0, 1)"
Node_02901,6,[. X X | O O X | O . .],9,0.7941,3,"[1, 8, 9]",0.4686,,,,,,,0.0512,0.7941,"(0, 1, 1, -1, -1, 1, -1, 0, 0)"
Node_02902,6,[O O X | . . O | X . X],8,0.7941,3,"[4, 5, 8]",,,,0.1762,0.3439,,,0.7941,,"(-1, -1, 1, 0, 0, -1, 1, 0, 1)"
Node_02903,6,[X O . | O X X | . . O],7,0.7904,3,"[3, 7, 8]",,,0.2257,,,,0.7904,0.0,,"(1, -1, 0, -1, 1, 1, 0, 0, -1)"
Node_02904,6,[X . O | O . X | O X .],5,0.79,3,"[2, 5, 9]",,-0.1,,,0.79,,,,-0.19,"(1, 0, -1, -1, 0, 1, -1, 1, 0)"
Node_02905,6,[X O O | . . X | . X O],4,0.7865,3,"[4, 5, 7]",,,,0.7865,0.3039,,0.0,,,"(1, -1, -1, 0, 0, 1, 0, 1, -1)"
Node_02906,6,[. X O | X . O | . O X],1,0.7847,3,"[1, 5, 7]",0.7847,,,,0.1778,,0.0,,,"(0, 1, -1, 1, 0, -1, 0, -1, 1)"
Node_02907,6,[O O X | . . X | O X .],4,0.7836,3,"[4, 5, 9]",,,,0.7836,0.1586,,,,0.1,"(-1, -1, 1, 0, 0, 1, -1, 1, 0)"
Node_02908,6,[. X X | X . O | . O O],7,0.7718,3,"[1, 5, 7]",0.271,,,,0.0354,,0.7718,,,"(0, 1, 1, 1, 0, -1, 0, -1, -1)"
Node_02909,6,[. . X | X O O | X O .],1,0.7712,3,"[1, 2, 9]",0.7712,0.2419,,,,,,,-0.24,"(0, 0, 1, 1, -1, -1, 1, -1, 0)"
Node_02910,6,[X . O | X X . | O O .],9,0.7712,3,"[2, 6, 9]",,-0.0132,,,,0.6126,,,0.7712,"(1, 0, -1, 1, 1, 0, -1, -1, 0)"
Node_02911,6,[X X . | X O O | O . .],3,0.7712,3,"[3, 8, 9]",,,0.7712,,,,,-0.0484,0.0455,"(1, 1, 0, 1, -1, -1, -1, 0, 0)"
Node_02912,6,[X O O | . . . | X X O],4,0.7712,3,"[4, 5, 6]",,,,0.7712,-0.3439,0.2227,,,,"(1, -1, -1, 0, 0, 0, 1, 1, -1)"
Node_02913,6,[O X X | . X O | . O .],7,0.7712,3,"[4, 7, 9]",,,,0.2019,,,0.7712,,0.4266,"(-1, 1, 1, 0, 1, -1, 0, -1, 0)"
Node_02914,6,[. . . | O O X | X O X],3,0.7712,3,"[1, 2, 3]",-0.5,0.0915,0.7712,,,,,,,"(0, 0, 0, -1, -1, 1, 1, -1, 1)"
Node_02915,6,[. . . | O X O | X X O],3,0.7712,3,"[1, 2, 3]",-0.3439,0.5695,0.7712,,,,,,,"(0, 0, 0, -1, 1, -1, 1, 1, -1)"
Node_02916,6,[O . O | . O X | X X .],9,0.7712,3,"[2, 4, 9]",,-0.271,,-0.4686,,,,,0.7712,"(-1, 0, -1, 0, -1, 1, 1, 1, 0)"
Node_02917,6,[O . X | . . O | X O X],5,0.7712,3,"[2, 4, 5]",,0.2471,,0.1109,0.7712,,,,,"(-1, 0, 1, 0, 0, -1, 1, -1, 1)"
Node_02918,6,[O X . | O O . | X X .],9,0.7712,3,"[3, 6, 9]",,,-0.4095,,,-0.2133,,,0.7712,"(-1, 1, 0, -1, -1, 0, 1, 1, 0)"
Node_02919,6,[X O X | O . . | X . O],5,0.7712,3,"[5, 6, 8]",,,,,0.7712,0.2692,,0.3061,,"(1, -1, 1, -1, 0, 0, 1, 0, -1)"
Node_02920,6,[X O X | O . . | X O .],5,0.7712,3,"[5, 6, 9]",,,,,0.7712,-0.19,,,-0.19,"(1, -1, 1, -1, 0, 0, 1, -1, 0)"
Node_02921,6,[X O . | X X O | . O .],9,0.7712,3,"[3, 7, 9]",,,0.5818,,,,0.271,,0.7712,"(1, -1, 0, 1, 1, -1, 0, -1, 0)"
Node_02922,6,[X X . | . O O | O X .],3,0.7712,3,"[3, 4, 9]",,,0.7712,-0.0539,,,,,-0.3439,"(1, 1, 0, 0, -1, -1, -1, 1, 0)"
Node_02923,6,[O X X | . X . | . O O],7,0.7712,3,"[4, 6, 7]",,,,0.06,,-0.3439,0.7712,,,"(-1, 1, 1, 0, 1, 0, 0, -1, -1)"
Node_02924,6,[X O . | O . X | X O .],5,0.7711,3,"[3, 5, 9]",,,0.4019,,0.7711,,,,0.0853,"(1, -1, 0, -1, 0, 1, 1, -1, 0)"
Node_02925,6,[X X . | O . X | O O .],9,0.7678,3,"[3, 5, 9]",,,0.19,,0.0,,,,0.7678,"(1, 1, 0, -1, 0, 1, -1, -1, 0)"
Node_02926,6,[O X . | X . . | O O X],6,0.7593,3,"[3, 5, 6]",,,0.3721,,0.1379,0.7593,,,,"(-1, 1, 0, 1, 0, 0, -1, -1, 1)"
Node_02927,6,[O O . | O . X | X X .],3,0.755,3,"[3, 5, 9]",,,0.755,,-0.3439,,,,0.271,"(-1, -1, 0, -1, 0, 1, 1, 1, 0)"
Node_02928,6,[. . O | X . O | X O X],1,0.7458,3,"[1, 2, 5]",0.7458,0.0,,,0.2338,,,,,"(0, 0, -1, 1, 0, -1, 1, -1, 1)"
Node_02929,6,[O . X | O X X | . O .],9,0.7458,3,"[2, 7, 9]",,-0.1,,,,,0.4686,,0.7458,"(-1, 0, 1, -1, 1, 1, 0, -1, 0)"
Node_02930,6,[X X . | O O . | O . X],3,0.7458,3,"[3, 6, 8]",,,0.7458,,,0.0402,,-0.4686,,"(1, 1, 0, -1, -1, 0, -1, 0, 1)"
Node_02931,6,[. O O | X . O | X . X],8,0.7458,3,"[1, 5, 8]",0.4095,,,,0.0889,,,0.7458,,"(0, -1, -1, 1, 0, -1, 1, 0, 1)"
Node_02932,6,[. X X | . O O | X . O],1,0.7458,3,"[1, 4, 8]",0.7458,,,-0.3052,,,,-0.5695,,"(0, 1, 1, 0, -1, -1, 1, 0, -1)"
Node_02933,6,[O X X | . . . | O O X],6,0.7458,3,"[4, 5, 6]",,,,0.2108,-0.4095,0.7458,,,,"(-1, 1, 1, 0, 0, 0, -1, -1, 1)"
Node_02934,6,[O O X | . . . | O X X],6,0.7458,3,"[4, 5, 6]",,,,0.1714,-0.2476,0.7458,,,,"(-1, -1, 1, 0, 0, 0, -1, 1, 1)"
Node_02935,6,[O O . | X X O | X . .],3,0.7458,3,"[3, 8, 9]",,,0.7458,,,,,-0.6513,-0.0506,"(-1, -1, 0, 1, 1, -1, 1, 0, 0)"
Node_02936,6,[X O . | . O O | X . X],8,0.7458,3,"[3, 4, 8]",,,-0.4095,0.271,,,,0.7458,,"(1, -1, 0, 0, -1, -1, 1, 0, 1)"
Node_02937,6,[O . . | O O X | . X X],7,0.7458,3,"[2, 3, 7]",,-0.5146,0.3439,,,,0.7458,,,"(-1, 0, 0, -1, -1, 1, 0, 1, 1)"
Node_02938,6,[. . X | O O . | X O X],6,0.7458,3,"[1, 2, 6]",-0.4095,-0.332,,,,0.7458,,,,"(0, 0, 1, -1, -1, 0, 1, -1, 1)"
Node_02939,6,[. X X | . O O | X O .],1,0.7458,3,"[1, 4, 9]",0.7458,,,0.2903,,,,,-0.3439,"(0, 1, 1, 0, -1, -1, 1, -1, 0)"
Node_02940,6,[X . X | O O . | . O X],6,0.7458,3,"[2, 6, 7]",,0.4686,,,,0.7458,-0.1,,,"(1, 0, 1, -1, -1, 0, 0, -1, 1)"
Node_02941,6,[. . X | X O . | X O O],1,0.7458,3,"[1, 2, 6]",0.7458,0.1104,,,,-0.5217,,,,"(0, 0, 1, 1, -1, 0, 1, -1, -1)"
Node_02942,6,[X O . | . O X | X . O],4,0.7458,3,"[3, 4, 8]",,,-0.159,0.7458,,,,0.5863,,"(1, -1, 0, 0, -1, 1, 1, 0, -1)"
Node_02943,6,[O X O | . O . | . X X],7,0.7458,3,"[4, 6, 7]",,,,0.0549,,-0.0762,0.7458,,,"(-1, 1, -1, 0, -1, 0, 0, 1, 1)"
Node_02944,6,[X X . | X O . | O O .],3,0.7458,3,"[3, 6, 9]",,,0.7458,,,-0.4095,,,-0.0949,"(1, 1, 0, 1, -1, 0, -1, -1, 0)"
Node_02945,6,[X O . | X . O | . O X],7,0.7458,3,"[3, 5, 7]",,,-0.0946,,0.19,,0.7458,,,"(1, -1, 0, 1, 0, -1, 0, -1, 1)"
Node_02946,6,[O X O | X . O | . X .],9,0.742,3,"[5, 7, 9]",,,,,0.1,,0.0752,,0.742,"(-1, 1, -1, 1, 0, -1, 0, 1, 0)"
Node_02947,6,[X O X | O . O | . X .],5,0.7321,3,"[5, 7, 9]",,,,,0.7321,,0.2975,,0.2683,"(1, -1, 1, -1, 0, -1, 0, 1, 0)"
Node_02948,6,[. O . | O . X | X O X],5,0.727,3,"[1, 3, 5]",0.3627,,0.271,,0.727,,,,,"(0, -1, 0, -1, 0, 1, 1, -1, 1)"
Node_02949,6,[O O X | X O X | . . .],9,0.7176,3,"[7, 8, 9]",,,,,,,-0.3439,0.164,0.7176,"(-1, -1, 1, 1, -1, 1, 0, 0, 0)"
Node_02950,6,[O O . | . X . | X O X],3,0.7176,3,"[3, 4, 6]",,,0.7176,-0.1831,,0.147,,,,"(-1, -1, 0, 0, 1, 0, 1, -1, 1)"
Node_02951,6,[O . X | X O X | O . .],9,0.7176,3,"[2, 8, 9]",,-0.1308,,,,,,0.4046,0.7176,"(-1, 0, 1, 1, -1, 1, -1, 0, 0)"
Node_02952,6,[. X X | X O . | O . O],1,0.7176,3,"[1, 6, 8]",0.7176,,,,,-0.4095,,0.0856,,"(0, 1, 1, 1, -1, 0, -1, 0, -1)"
Node_02953,6,[X O X | X . O | . . O],7,0.7176,3,"[5, 7, 8]",,,,,0.14,,0.7176,0.1328,,"(1, -1, 1, 1, 0, -1, 0, 0, -1)"
Node_02954,6,[O O X | . . X | X . O],5,0.7176,3,"[4, 5, 8]",,,,0.3852,0.7176,,,-0.0825,,"(-1, -1, 1, 0, 0, 1, 1, 0, -1)"
Node_02955,6,[. . O | X O O | . X X],7,0.7176,3,"[1, 2, 7]",-0.0234,-0.2963,,,,,0.7176,,,"(0, 0, -1, 1, -1, -1, 0, 1, 1)"
Node_02956,6,[O . . | O O X | X X .],9,0.7176,3,"[2, 3, 9]",,-0.1709,-0.3946,,,,,,0.7176,"(-1, 0, 0, -1, -1, 1, 1, 1, 0)"
Node_02957,6,[X . X | O . . | O X O],2,0.7176,3,"[2, 5, 6]",,0.7176,,,0.1605,0.1361,,,,"(1, 0, 1, -1, 0, 0, -1, 1, -1)"
Node_02958,6,[O O . | X O . | X X .],9,0.7176,3,"[3, 6, 9]",,,-0.1462,,,-0.3439,,,0.7176,"(-1, -1, 0, 1, -1, 0, 1, 1, 0)"
Node_02959,6,[X O X | O . . | . O X],5,0.7176,3,"[5, 6, 7]",,,,,0.7176,0.19,0.1692,,,"(1, -1, 1, -1, 0, 0, 0, -1, 1)"
Node_02960,6,[O . . | X O X | O . X],3,0.7176,3,"[2, 3, 8]",,0.0272,0.7176,,,,,-0.19,,"(-1, 0, 0, 1, -1, 1, -1, 0, 1)"
Node_02961,6,[X . . | . O X | O O X],3,0.7176,3,"[2, 3, 4]",,0.0589,0.7176,-0.4686,,,,,,"(1, 0, 0, 0, -1, 1, -1, -1, 1)"
Node_02962,6,[O X X | O . . | X O .],9,0.7111,3,"[5, 6, 9]",,,,,0.1,0.0,,,0.7111,"(-1, 1, 1, -1, 0, 0, 1, -1, 0)"
Node_02963,6,[. X . | X . O | O O X],1,0.7051,3,"[1, 3, 5]",0.7051,,0.1799,,0.1597,,,,,"(0, 1, 0, 1, 0, -1, -1, -1, 1)"
Node_02964,6,[X O O | X . . | . X O],6,0.705,3,"[5, 6, 7]",,,,,0.0,0.705,0.19,,,"(1, -1, -1, 1, 0, 0, 0, 1, -1)"
Node_02965,6,[O X . | O . X | X . O],5,0.7023,3,"[3, 5, 8]",,,-0.4095,,0.7023,,,0.2916,,"(-1, 1, 0, -1, 0, 1, 1, 0, -1)"
Node_02966,6,[O . O | O . X | X X .],2,0.7019,3,"[2, 5, 9]",,0.7019,,,0.0,,,,0.5217,"(-1, 0, -1, -1, 0, 1, 1, 1, 0)"
Node_02967,6,[X X . | O . O | X O .],5,0.7003,3,"[3, 5, 9]",,,0.5217,,0.7003,,,,-0.271,"(1, 1, 0, -1, 0, -1, 1, -1, 0)"
Node_02968,6,[X O O | . . O | . X X],4,0.6949,3,"[4, 5, 7]",,,,0.6949,0.5695,,0.3439,,,"(1, -1, -1, 0, 0, -1, 0, 1, 1)"
Node_02969,6,[X O O | . . X | X O .],5,0.6872,3,"[4, 5, 9]",,,,0.271,0.6872,,,,-0.1,"(1, -1, -1, 0, 0, 1, 1, -1, 0)"
Node_02970,6,[O . O | . O X | . X X],7,0.6862,3,"[2, 4, 7]",,-0.0441,,-0.271,,,0.6862,,,"(-1, 0, -1, 0, -1, 1, 0, 1, 1)"
Node_02971,6,[. X X | O O . | . X O],1,0.6862,3,"[1, 6, 7]",0.6862,,,,,0.1565,-0.8147,,,"(0, 1, 1, -1, -1, 0, 0, 1, -1)"
Node_02972,6,[O . X | O . X | X O .],5,0.6862,3,"[2, 5, 9]",,0.5389,,,0.6862,,,,0.19,"(-1, 0, 1, -1, 0, 1, 1, -1, 0)"
Node_02973,6,[. O O | X . . | X X O],1,0.6862,3,"[1, 5, 6]",0.6862,,,,-0.271,-0.053,,,,"(0, -1, -1, 1, 0, 0, 1, 1, -1)"
Node_02974,6,[O X X | . . . | O X O],5,0.6862,3,"[4, 5, 6]",,,,-0.3439,0.6862,-0.271,,,,"(-1, 1, 1, 0, 0, 0, -1, 1, -1)"
Node_02975,6,[. O X | . X O | O . X],1,0.6862,3,"[1, 4, 8]",0.6862,,,0.611,,,,0.258,,"(0, -1, 1, 0, 1, -1, -1, 0, 1)"
Node_02976,6,[O X O | . O . | X X .],9,0.6862,3,"[4, 6, 9]",,,,-0.0786,,-0.4131,,,0.6862,"(-1, 1, -1, 0, -1, 0, 1, 1, 0)"
Node_02977,6,[. . X | X O X | O O .],9,0.6862,3,"[1, 2, 9]",-0.4095,0.1093,,,,,,,0.6862,"(0, 0, 1, 1, -1, 1, -1, -1, 0)"
Node_02978,6,[. X X | X O O | . . O],1,0.6862,3,"[1, 7, 8]",0.6862,,,,,,0.1113,0.0813,,"(0, 1, 1, 1, -1, -1, 0, 0, -1)"
Node_02979,6,[. X O | O . . | O X X],5,0.6862,3,"[1, 5, 6]",-0.271,,,,0.6862,-0.19,,,,"(0, 1, -1, -1, 0, 0, -1, 1, 1)"
Node_02980,6,[X . O | X X O | . O .],7,0.6862,3,"[2, 7, 9]",,-0.0899,,,,,0.6862,,0.6126,"(1, 0, -1, 1, 1, -1, 0, -1, 0)"
Node_02981,6,[. O . | X O X | O . X],3,0.6862,3,"[1, 3, 8]",-0.19,,0.6862,,,,,-0.2106,,"(0, -1, 0, 1, -1, 1, -1, 0, 1)"
Node_02982,6,[. . O | X O O | X X .],9,0.6862,3,"[1, 2, 9]",0.4095,-0.2735,,,,,,,0.6862,"(0, 0, -1, 1, -1, -1, 1, 1, 0)"
Node_02983,6,[O O X | . . X | X O .],5,0.6862,3,"[4, 5, 9]",,,,0.1442,0.6862,,,,0.4686,"(-1, -1, 1, 0, 0, 1, 1, -1, 0)"
Node_02984,6,[X . O | X . O | . O X],7,0.6862,3,"[2, 5, 7]",,0.5777,,,0.4095,,0.6862,,,"(1, 0, -1, 1, 0, -1, 0, -1, 1)"
Node_02985,6,[. O . | X O O | . X X],7,0.6862,3,"[1, 3, 7]",0.2764,,0.0,,,,0.6862,,,"(0, -1, 0, 1, -1, -1, 0, 1, 1)"
Node_02986,6,[O X . | O O . | . X X],7,0.6862,3,"[3, 6, 7]",,,-0.3439,,,-0.1495,0.6862,,,"(-1, 1, 0, -1, -1, 0, 0, 1, 1)"
Node_02987,6,[X . . | O . X | O O X],5,0.6862,3,"[2, 3, 5]",,0.0,0.271,,0.6862,,,,,"(1, 0, 0, -1, 0, 1, -1, -1, 1)"
Node_02988,6,[X . O | . O X | X . O],4,0.6862,3,"[2, 4, 8]",,0.1325,,0.6862,,,,0.304,,"(1, 0, -1, 0, -1, 1, 1, 0, -1)"
Node_02989,6,[X X . | X O . | . O O],3,0.6862,3,"[3, 6, 7]",,,0.6862,,,-0.2723,0.4095,,,"(1, 1, 0, 1, -1, 0, 0, -1, -1)"
Node_02990,6,[X . O | X O X | . . O],7,0.6862,3,"[2, 7, 8]",,-0.1,,,,,0.6862,-0.271,,"(1, 0, -1, 1, -1, 1, 0, 0, -1)"
Node_02991,6,[X X O | O . X | . . O],5,0.6838,3,"[5, 7, 8]",,,,,0.6838,,0.0,0.1635,,"(1, 1, -1, -1, 0, 1, 0, 0, -1)"
Node_02992,6,[O . . | X . O | X O X],3,0.6796,3,"[2, 3, 5]",,0.0,0.6796,,0.1033,,,,,"(-1, 0, 0, 1, 0, -1, 1, -1, 1)"
Node_02993,6,[. X O | X . O | O . X],5,0.6658,3,"[1, 5, 8]",0.0783,,,,0.6658,,,0.3991,,"(0, 1, -1, 1, 0, -1, -1, 0, 1)"
Node_02994,6,[X . O | . . X | X O O],2,0.6548,3,"[2, 4, 5]",,0.6548,,0.19,0.1801,,,,,"(1, 0, -1, 0, 0, 1, 1, -1, -1)"
Node_02995,6,[. O O | X . X | O . X],5,0.6513,3,"[1, 5, 8]",-0.4095,,,,0.6513,,,-0.3439,,"(0, -1, -1, 1, 0, 1, -1, 0, 1)"
Node_02996,6,[O . O | X . O | . X X],7,0.6513,3,"[2, 5, 7]",,0.3276,,,0.0715,,0.6513,,,"(-1, 0, -1, 1, 0, -1, 0, 1, 1)"
Node_02997,6,[X X . | O X O | . O .],9,0.6513,3,"[3, 7, 9]",,,0.5217,,,,0.4652,,0.6513,"(1, 1, 0, -1, 1, -1, 0, -1, 0)"
Node_02998,6,[. X X | O . O | X O .],1,0.6513,3,"[1, 5, 9]",0.6513,,,,0.19,,,,-0.125,"(0, 1, 1, -1, 0, -1, 1, -1, 0)"
Node_02999,6,[O O X | X . . | X O .],5,0.6513,3,"[5, 6, 9]",,,,,0.6513,0.0697,,,0.0463,"(-1, -1, 1, 1, 0, 0, 1, -1, 0)"
Node_03000,6,[. O X | X O X | O . .],9,0.6513,3,"[1, 8, 9]",-0.19,,,,,,,0.1873,0.6513,"(0, -1, 1, 1, -1, 1, -1, 0, 0)"
Node_03001,6,[. X X | O . . | X O O],5,0.6513,3,"[1, 5, 6]",0.1,,,,0.6513,0.3023,,,,"(0, 1, 1, -1, 0, 0, 1, -1, -1)"
Node_03002,6,[. . . | X O X | O O X],3,0.6513,3,"[1, 2, 3]",-0.4095,-0.0725,0.6513,,,,,,,"(0, 0, 0, 1, -1, 1, -1, -1, 1)"
Node_03003,6,[O . X | . . X | X O O],5,0.6513,3,"[2, 4, 5]",,0.1882,,-0.19,0.6513,,,,,"(-1, 0, 1, 0, 0, 1, 1, -1, -1)"
Node_03004,6,[X . X | O . . | O O X],5,0.6513,3,"[2, 5, 6]",,0.19,,,0.6513,0.4686,,,,"(1, 0, 1, -1, 0, 0, -1, -1, 1)"
Node_03005,6,[X . X | . O O | X O .],2,0.6513,3,"[2, 4, 9]",,0.6513,,0.3439,,,,,-0.4095,"(1, 0, 1, 0, -1, -1, 1, -1, 0)"
Node_03006,6,[O X . | O . . | X X O],5,0.6513,3,"[3, 5, 6]",,,-0.12,,0.6513,0.0735,,,,"(-1, 1, 0, -1, 0, 0, 1, 1, -1)"
Node_03007,6,[X X . | O O X | . O .],3,0.6513,3,"[3, 7, 9]",,,0.6513,,,,0.144,,0.1259,"(1, 1, 0, -1, -1, 1, 0, -1, 0)"
Node_03008,6,[. X X | X . O | O . O],1,0.6513,3,"[1, 5, 8]",0.6513,,,,-0.031,,,0.1328,,"(0, 1, 1, 1, 0, -1, -1, 0, -1)"
Node_03009,6,[. O O | X O . | X X .],1,0.6513,3,"[1, 6, 9]",0.6513,,,,,0.0287,,,0.19,"(0, -1, -1, 1, -1, 0, 1, 1, 0)"
Node_03010,6,[O O X | X . O | . X .],7,0.6421,3,"[5, 7, 9]",,,,,0.0,,0.6421,,0.3036,"(-1, -1, 1, 1, 0, -1, 0, 1, 0)"
Node_03011,6,[. X O | X . O | O X .],9,0.6351,3,"[1, 5, 9]",-0.4686,,,,0.3439,,,,0.6351,"(0, 1, -1, 1, 0, -1, -1, 1, 0)"
Node_03012,6,[X O . | O . X | O . X],8,0.6307,3,"[3, 5, 8]",,,0.5217,,0.4686,,,0.6307,,"(1, -1, 0, -1, 0, 1, -1, 0, 1)"
Node_03013,6,[. X . | X . O | O X O],3,0.621,3,"[1, 3, 5]",-0.0562,,0.621,,0.271,,,,,"(0, 1, 0, 1, 0, -1, -1, 1, -1)"
Node_03014,6,[O X O | . . O | X . X],4,0.6167,3,"[4, 5, 8]",,,,0.6167,0.0,,,0.271,,"(-1, 1, -1, 0, 0, -1, 1, 0, 1)"
Node_03015,6,[. O X | O . . | X X O],5,0.6126,3,"[1, 5, 6]",0.159,,,,0.6126,0.1667,,,,"(0, -1, 1, -1, 0, 0, 1, 1, -1)"
Node_03016,6,[O . O | X . X | . X O],5,0.6126,3,"[2, 5, 7]",,0.163,,,0.6126,,-0.271,,,"(-1, 0, -1, 1, 0, 1, 0, 1, -1)"
Node_03017,6,[O O . | X O X | . . X],3,0.6126,3,"[3, 7, 8]",,,0.6126,,,,-0.5217,-0.271,,"(-1, -1, 0, 1, -1, 1, 0, 0, 1)"
Node_03018,6,[. X O | X . O | X O .],1,0.6126,3,"[1, 5, 9]",0.6126,,,,0.0,,,,0.0,"(0, 1, -1, 1, 0, -1, 1, -1, 0)"
Node_03019,6,[. X O | O . X | . X O],5,0.6126,3,"[1, 5, 7]",0.1692,,,,0.6126,,0.0,,,"(0, 1, -1, -1, 0, 1, 0, 1, -1)"
Node_03020,6,[O O X | . . . | X X O],5,0.6126,3,"[4, 5, 6]",,,,-0.0752,0.6126,0.0649,,,,"(-1, -1, 1, 0, 0, 0, 1, 1, -1)"
Node_03021,6,[O . . | X O O | . X X],7,0.6126,3,"[2, 3, 7]",,0.1521,0.3227,,,,0.6126,,,"(-1, 0, 0, 1, -1, -1, 0, 1, 1)"
Node_03022,6,[O . O | X . X | O . X],5,0.6126,3,"[2, 5, 8]",,-0.19,,,0.6126,,,-0.4095,,"(-1, 0, -1, 1, 0, 1, -1, 0, 1)"
Node_03023,6,[X . X | O . X | O . O],2,0.6126,3,"[2, 5, 8]",,0.6126,,,-0.3439,,,0.2599,,"(1, 0, 1, -1, 0, 1, -1, 0, -1)"
Node_03024,6,[. X X | . O O | . X O],1,0.6126,3,"[1, 4, 7]",0.6126,,,0.0692,,,-0.6126,,,"(0, 1, 1, 0, -1, -1, 0, 1, -1)"
Node_03025,6,[O . X | X O X | . O .],9,0.6126,3,"[2, 7, 9]",,0.2187,,,,,-0.19,,0.6126,"(-1, 0, 1, 1, -1, 1, 0, -1, 0)"
Node_03026,6,[. X X | O . X | O . O],1,0.6126,3,"[1, 5, 8]",0.6126,,,,-0.5217,,,-0.19,,"(0, 1, 1, -1, 0, 1, -1, 0, -1)"
Node_03027,6,[X . O | O . X | O . X],5,0.6126,3,"[2, 5, 8]",,-0.0311,,,0.6126,,,-0.174,,"(1, 0, -1, -1, 0, 1, -1, 0, 1)"
Node_03028,6,[. . . | X O X | X O O],1,0.6126,3,"[1, 2, 3]",0.6126,-0.1268,-0.5217,,,,,,,"(0, 0, 0, 1, -1, 1, 1, -1, -1)"
Node_03029,6,[X X . | . O O | O . X],3,0.6126,3,"[3, 4, 8]",,,0.6126,0.0472,,,,-0.271,,"(1, 1, 0, 0, -1, -1, -1, 0, 1)"
Node_03030,6,[X O X | O . O | . . X],5,0.6126,3,"[5, 7, 8]",,,,,0.6126,,0.1723,-0.2956,,"(1, -1, 1, -1, 0, -1, 0, 0, 1)"
Node_03031,6,[X . X | O . O | . O X],2,0.6126,3,"[2, 5, 7]",,0.6126,,,0.4095,,0.5573,,,"(1, 0, 1, -1, 0, -1, 0, -1, 1)"
Node_03032,6,[O . O | O . X | X . X],8,0.6126,3,"[2, 5, 8]",,0.2604,,,-0.3966,,,0.6126,,"(-1, 0, -1, -1, 0, 1, 1, 0, 1)"
Node_03033,6,[X . O | X . X | O O .],5,0.6126,3,"[2, 5, 9]",,-0.5217,,,0.6126,,,,-0.0136,"(1, 0, -1, 1, 0, 1, -1, -1, 0)"
Node_03034,6,[. X O | . . X | O X O],5,0.6126,3,"[1, 4, 5]",-0.1667,,,0.0735,0.6126,,,,,"(0, 1, -1, 0, 0, 1, -1, 1, -1)"
Node_03035,6,[. X O | . . O | O X X],5,0.6126,3,"[1, 4, 5]",0.031,,,0.2828,0.6126,,,,,"(0, 1, -1, 0, 0, -1, -1, 1, 1)"
Node_03036,6,[O O X | . . . | X O X],5,0.6126,3,"[4, 5, 6]",,,,0.4871,0.6126,0.4095,,,,"(-1, -1, 1, 0, 0, 0, 1, -1, 1)"
Node_03037,6,[. O . | X . X | O O X],5,0.6126,3,"[1, 3, 5]",0.1521,,0.3439,,0.6126,,,,,"(0, -1, 0, 1, 0, 1, -1, -1, 1)"
Node_03038,6,[. X X | O O . | O X .],1,0.6126,3,"[1, 6, 9]",0.6126,,,,,0.2068,,,-0.3439,"(0, 1, 1, -1, -1, 0, -1, 1, 0)"
Node_03039,6,[. X X | O O . | X . O],1,0.6126,3,"[1, 6, 8]",0.6126,,,,,-0.271,,-0.5695,,"(0, 1, 1, -1, -1, 0, 1, 0, -1)"
Node_03040,6,[X . O | . . X | O O X],5,0.6126,3,"[2, 4, 5]",,-0.2236,,0.0198,0.6126,,,,,"(1, 0, -1, 0, 0, 1, -1, -1, 1)"
Node_03041,6,[. X . | O O X | . O X],3,0.6126,3,"[1, 3, 7]",0.1179,,0.6126,,,,0.2445,,,"(0, 1, 0, -1, -1, 1, 0, -1, 1)"
Node_03042,6,[. X . | O . X | O O X],1,0.6068,3,"[1, 3, 5]",0.6068,,0.3439,,0.1412,,,,,"(0, 1, 0, -1, 0, 1, -1, -1, 1)"
Node_03043,6,[. O X | X . O | . O X],5,0.5898,3,"[1, 5, 7]",-0.0625,,,,0.5898,,-0.2488,,,"(0, -1, 1, 1, 0, -1, 0, -1, 1)"
Node_03044,6,[X O O | O . X | . . X],7,0.5886,3,"[5, 7, 8]",,,,,0.4095,,0.5886,0.5676,,"(1, -1, -1, -1, 0, 1, 0, 0, 1)"
Node_03045,6,[. X O | . X O | X O .],9,0.5803,3,"[1, 4, 9]",-0.288,,,-0.5213,,,,,0.5803,"(0, 1, -1, 0, 1, -1, 1, -1, 0)"
Node_03046,6,[X . . | O O X | X . O],2,0.573,3,"[2, 3, 8]",,0.573,0.2488,,,,,0.0,,"(1, 0, 0, -1, -1, 1, 1, 0, -1)"
Node_03047,6,[O O . | X . O | X X .],3,0.571,3,"[3, 5, 9]",,,0.571,,0.0,,,,0.19,"(-1, -1, 0, 1, 0, -1, 1, 1, 0)"
Node_03048,6,[O O . | . O X | . X X],7,0.5695,3,"[3, 4, 7]",,,0.19,0.1009,,,0.5695,,,"(-1, -1, 0, 0, -1, 1, 0, 1, 1)"
Node_03049,6,[O O X | O . X | . X .],9,0.5695,3,"[5, 7, 9]",,,,,0.1582,,0.1762,,0.5695,"(-1, -1, 1, -1, 0, 1, 0, 1, 0)"
Node_03050,6,[X O X | O . X | O . .],9,0.5695,3,"[5, 8, 9]",,,,,0.0,,,0.2676,0.5695,"(1, -1, 1, -1, 0, 1, -1, 0, 0)"
Node_03051,6,[X X . | O . . | O O X],3,0.5695,3,"[3, 5, 6]",,,0.5695,,0.19,0.4557,,,,"(1, 1, 0, -1, 0, 0, -1, -1, 1)"
Node_03052,6,[. X . | O . O | X X O],5,0.5695,3,"[1, 3, 5]",-0.271,,0.0,,0.5695,,,,,"(0, 1, 0, -1, 0, -1, 1, 1, -1)"
Node_03053,6,[. O X | . . O | X X O],5,0.5695,3,"[1, 4, 5]",0.4455,,,0.18,0.5695,,,,,"(0, -1, 1, 0, 0, -1, 1, 1, -1)"
Node_03054,6,[O . X | X . X | . O O],5,0.5695,3,"[2, 5, 7]",,-0.271,,,0.5695,,-0.271,,,"(-1, 0, 1, 1, 0, 1, 0, -1, -1)"
Node_03055,6,[X X . | X O O | . O .],7,0.5695,3,"[3, 7, 9]",,,0.4095,,,,0.5695,,0.2527,"(1, 1, 0, 1, -1, -1, 0, -1, 0)"
Node_03056,6,[X . . | O . O | O X X],5,0.5695,3,"[2, 3, 5]",,-0.19,-0.19,,0.5695,,,,,"(1, 0, 0, -1, 0, -1, -1, 1, 1)"
Node_03057,6,[. X X | . O O | O X .],1,0.5695,3,"[1, 4, 9]",0.5695,,,0.1572,,,,,-0.271,"(0, 1, 1, 0, -1, -1, -1, 1, 0)"
Node_03058,6,[X X O | . . O | O . X],5,0.5695,3,"[4, 5, 8]",,,,-0.1229,0.5695,,,-0.201,,"(1, 1, -1, 0, 0, -1, -1, 0, 1)"
Node_03059,6,[X O X | O . O | X . .],5,0.5695,3,"[5, 8, 9]",,,,,0.5695,,,-0.0556,-0.19,"(1, -1, 1, -1, 0, -1, 1, 0, 0)"
Node_03060,6,[X X . | O O . | . X O],3,0.5695,3,"[3, 6, 7]",,,0.5695,,,0.3753,-0.19,,,"(1, 1, 0, -1, -1, 0, 0, 1, -1)"
Node_03061,6,[O O X | . . O | . X X],7,0.5695,3,"[4, 5, 7]",,,,0.1472,0.1237,,0.5695,,,"(-1, -1, 1, 0, 0, -1, 0, 1, 1)"
Node_03062,6,[. X X | O . O | O X .],1,0.5695,3,"[1, 5, 9]",0.5695,,,,0.271,,,,-0.3439,"(0, 1, 1, -1, 0, -1, -1, 1, 0)"
Node_03063,6,[X O O | . . O | X X .],9,0.5695,3,"[4, 5, 9]",,,,0.271,-0.0542,,,,0.5695,"(1, -1, -1, 0, 0, -1, 1, 1, 0)"
Node_03064,6,[. O . | X . O | X X O],1,0.5695,3,"[1, 3, 5]",0.5695,,0.108,,0.0148,,,,,"(0, -1, 0, 1, 0, -1, 1, 1, -1)"
Node_03065,6,[. X O | O O . | . X X],7,0.5695,3,"[1, 6, 7]",-0.4095,,,,,0.0078,0.5695,,,"(0, 1, -1, -1, -1, 0, 0, 1, 1)"
Node_03066,6,[O X . | O . X | . X O],5,0.5695,3,"[3, 5, 7]",,,-0.5695,,0.5695,,-0.3439,,,"(-1, 1, 0, -1, 0, 1, 0, 1, -1)"
Node_03067,6,[. X X | O . O | O . X],1,0.5695,3,"[1, 5, 8]",0.5695,,,,-0.1268,,,-0.271,,"(0, 1, 1, -1, 0, -1, -1, 0, 1)"
Node_03068,6,[O X O | O . . | . X X],5,0.5695,3,"[5, 6, 7]",,,,,0.5695,-0.0523,0.271,,,"(-1, 1, -1, -1, 0, 0, 0, 1, 1)"
Node_03069,6,[O O . | X . X | . O X],3,0.5695,3,"[3, 5, 7]",,,0.5695,,0.3439,,-0.271,,,"(-1, -1, 0, 1, 0, 1, 0, -1, 1)"
Node_03070,6,[X O . | . . O | X O X],4,0.5695,3,"[3, 4, 5]",,,0.247,0.5695,0.1,,,,,"(1, -1, 0, 0, 0, -1, 1, -1, 1)"
Node_03071,6,[O O . | X . O | . X X],7,0.5695,3,"[3, 5, 7]",,,0.0,,0.0,,0.5695,,,"(-1, -1, 0, 1, 0, -1, 0, 1, 1)"
Node_03072,6,[X O O | O . . | . X X],7,0.5695,3,"[5, 6, 7]",,,,,0.19,0.0,0.5695,,,"(1, -1, -1, -1, 0, 0, 0, 1, 1)"
Node_03073,6,[. X X | X O O | O . .],1,0.5695,3,"[1, 8, 9]",0.5695,,,,,,,0.1778,0.0,"(0, 1, 1, 1, -1, -1, -1, 0, 0)"
Node_03074,6,[O X . | X . O | O . X],8,0.5685,3,"[3, 5, 8]",,,0.0,,0.2756,,,0.5685,,"(-1, 1, 0, 1, 0, -1, -1, 0, 1)"
Node_03075,6,[O X O | O . . | X X .],6,0.5672,3,"[5, 6, 9]",,,,,0.3439,0.5672,,,0.271,"(-1, 1, -1, -1, 0, 0, 1, 1, 0)"
Node_03076,6,[O O X | . . O | X X .],4,0.5615,3,"[4, 5, 9]",,,,0.5615,0.19,,,,0.19,"(-1, -1, 1, 0, 0, -1, 1, 1, 0)"
Node_03077,6,[. X . | O . X | X O O],3,0.5606,3,"[1, 3, 5]",0.1192,,0.5606,,0.1195,,,,,"(0, 1, 0, -1, 0, 1, 1, -1, -1)"
Node_03078,6,[O X O | O . X | . X .],7,0.5605,3,"[5, 7, 9]",,,,,0.271,,0.5605,,-0.271,"(-1, 1, -1, -1, 0, 1, 0, 1, 0)"
Node_03079,6,[O X X | X O . | O . .],9,0.5604,3,"[6, 8, 9]",,,,,,0.0258,,-0.3285,0.5604,"(-1, 1, 1, 1, -1, 0, -1, 0, 0)"
Node_03080,6,[O O X | X . . | O . X],8,0.5578,3,"[5, 6, 8]",,,,,0.222,0.271,,0.5578,,"(-1, -1, 1, 1, 0, 0, -1, 0, 1)"
Node_03081,6,[O X . | X O X | . O .],9,0.5497,3,"[3, 7, 9]",,,-0.1,,,,0.0,,0.5497,"(-1, 1, 0, 1, -1, 1, 0, -1, 0)"
Node_03082,6,[X X . | . . O | O O X],4,0.5458,3,"[3, 4, 5]",,,0.1,0.5458,0.271,,,,,"(1, 1, 0, 0, 0, -1, -1, -1, 1)"
Node_03083,6,[. X O | . . O | X O X],1,0.5324,3,"[1, 4, 5]",0.5324,,,0.18,0.1692,,,,,"(0, 1, -1, 0, 0, -1, 1, -1, 1)"
Node_03084,6,[O . . | X . X | O O X],2,0.5292,3,"[2, 3, 5]",,0.5292,0.4095,,0.19,,,,,"(-1, 0, 0, 1, 0, 1, -1, -1, 1)"
Node_03085,6,[X X O | O . . | O . X],8,0.529,3,"[5, 6, 8]",,,,,0.19,0.2189,,0.529,,"(1, 1, -1, -1, 0, 0, -1, 0, 1)"
Node_03086,6,[. O X | O O X | . X .],7,0.5279,3,"[1, 7, 9]",0.0,,,,,,0.5279,,0.19,"(0, -1, 1, -1, -1, 1, 0, 1, 0)"
Node_03087,6,[. O X | O . X | O X .],1,0.5277,3,"[1, 5, 9]",0.5277,,,,-0.081,,,,0.19,"(0, -1, 1, -1, 0, 1, -1, 1, 0)"
Node_03088,6,[X O X | X . . | O O .],9,0.5276,3,"[5, 6, 9]",,,,,-0.271,-0.19,,,0.5276,"(1, -1, 1, 1, 0, 0, -1, -1, 0)"
Node_03089,6,[X X O | O . . | X O .],9,0.5262,3,"[5, 6, 9]",,,,,0.137,0.0,,,0.5262,"(1, 1, -1, -1, 0, 0, 1, -1, 0)"
Node_03090,6,[. X O | O O . | X X .],6,0.5258,3,"[1, 6, 9]",-0.2285,,,,,0.5258,,,0.4095,"(0, 1, -1, -1, -1, 0, 1, 1, 0)"
Node_03091,6,[O O X | O . . | . X X],6,0.5217,3,"[5, 6, 7]",,,,,0.0393,0.5217,0.19,,,"(-1, -1, 1, -1, 0, 0, 0, 1, 1)"
Node_03092,6,[X X O | O . . | . O X],5,0.5217,3,"[5, 6, 7]",,,,,0.5217,0.0,0.1652,,,"(1, 1, -1, -1, 0, 0, 0, -1, 1)"
Node_03093,6,[. O X | X . . | X O O],1,0.5217,3,"[1, 5, 6]",0.5217,,,,0.19,0.1074,,,,"(0, -1, 1, 1, 0, 0, 1, -1, -1)"
Node_03094,6,[O . O | X . O | X X .],9,0.5217,3,"[2, 5, 9]",,0.059,,,-0.1,,,,0.5217,"(-1, 0, -1, 1, 0, -1, 1, 1, 0)"
Node_03095,6,[O X . | . O O | . X X],7,0.5217,3,"[3, 4, 7]",,,0.0,0.304,,,0.5217,,,"(-1, 1, 0, 0, -1, -1, 0, 1, 1)"
Node_03096,6,[O . O | . X X | . O X],4,0.5217,3,"[2, 4, 7]",,0.4389,,0.5217,,,-0.6077,,,"(-1, 0, -1, 0, 1, 1, 0, -1, 1)"
Node_03097,6,[X . . | O . O | X O X],5,0.5217,3,"[2, 3, 5]",,-0.1,0.1986,,0.5217,,,,,"(1, 0, 0, -1, 0, -1, 1, -1, 1)"
Node_03098,6,[. X O | O . O | X X .],9,0.5217,3,"[1, 5, 9]",-0.19,,,,0.271,,,,0.5217,"(0, 1, -1, -1, 0, -1, 1, 1, 0)"
Node_03099,6,[X X . | O . O | O . X],5,0.5217,3,"[3, 5, 8]",,,0.271,,0.5217,,,-0.0028,,"(1, 1, 0, -1, 0, -1, -1, 0, 1)"
Node_03100,6,[. X X | O . O | X . O],1,0.5217,3,"[1, 5, 8]",0.5217,,,,0.0,,,-0.1,,"(0, 1, 1, -1, 0, -1, 1, 0, -1)"
Node_03101,6,[O X . | X . X | . O O],5,0.5217,3,"[3, 5, 7]",,,-0.19,,0.5217,,-0.1025,,,"(-1, 1, 0, 1, 0, 1, 0, -1, -1)"
Node_03102,6,[X X O | O . O | . X .],5,0.5217,3,"[5, 7, 9]",,,,,0.5217,,-0.271,,-0.0668,"(1, 1, -1, -1, 0, -1, 0, 1, 0)"
Node_03103,6,[X O X | X . . | . O O],7,0.5217,3,"[5, 6, 7]",,,,,0.1034,-0.1,0.5217,,,"(1, -1, 1, 1, 0, 0, 0, -1, -1)"
Node_03104,6,[X O . | O . O | . X X],5,0.5217,3,"[3, 5, 7]",,,-0.1708,,0.5217,,0.3439,,,"(1, -1, 0, -1, 0, -1, 0, 1, 1)"
Node_03105,6,[. O X | X . X | O . O],5,0.5217,3,"[1, 5, 8]",-0.081,,,,0.5217,,,0.0,,"(0, -1, 1, 1, 0, 1, -1, 0, -1)"
Node_03106,6,[O O . | X . X | . X O],5,0.5217,3,"[3, 5, 7]",,,0.2419,,0.5217,,-0.4095,,,"(-1, -1, 0, 1, 0, 1, 0, 1, -1)"
Node_03107,6,[X X . | . O O | . X O],3,0.5217,3,"[3, 4, 7]",,,0.5217,0.1808,,,-0.19,,,"(1, 1, 0, 0, -1, -1, 0, 1, -1)"
Node_03108,6,[X O . | O . X | . O X],3,0.5217,3,"[3, 5, 7]",,,0.5217,,0.271,,-0.171,,,"(1, -1, 0, -1, 0, 1, 0, -1, 1)"
Node_03109,6,[O X X | O . O | . X .],5,0.5217,3,"[5, 7, 9]",,,,,0.5217,,0.0697,,0.0,"(-1, 1, 1, -1, 0, -1, 0, 1, 0)"
Node_03110,6,[X . O | . O O | . X X],7,0.5217,3,"[2, 4, 7]",,-0.5217,,-0.0622,,,0.5217,,,"(1, 0, -1, 0, -1, -1, 0, 1, 1)"
Node_03111,6,[O X O | . . O | X X .],5,0.5217,3,"[4, 5, 9]",,,,0.0276,0.5217,,,,0.271,"(-1, 1, -1, 0, 0, -1, 1, 1, 0)"
Node_03112,6,[X X . | O . O | . O X],5,0.5217,3,"[3, 5, 7]",,,0.271,,0.5217,,-0.271,,,"(1, 1, 0, -1, 0, -1, 0, -1, 1)"
Node_03113,6,[X . X | O . X | O O .],9,0.5217,3,"[2, 5, 9]",,0.271,,,0.1096,,,,0.5217,"(1, 0, 1, -1, 0, 1, -1, -1, 0)"
Node_03114,6,[O . O | O . X | . X X],7,0.5217,3,"[2, 5, 7]",,0.0729,,,-0.271,,0.5217,,,"(-1, 0, -1, -1, 0, 1, 0, 1, 1)"
Node_03115,6,[O X X | . . O | X O .],5,0.5217,3,"[4, 5, 9]",,,,0.2748,0.5217,,,,0.1568,"(-1, 1, 1, 0, 0, -1, 1, -1, 0)"
Node_03116,6,[X O O | O . . | X X .],9,0.5217,3,"[5, 6, 9]",,,,,0.2392,0.1449,,,0.5217,"(1, -1, -1, -1, 0, 0, 1, 1, 0)"
Node_03117,6,[. X X | . O . | O X O],1,0.5217,3,"[1, 4, 6]",0.5217,,,-0.1874,,-0.0085,,,,"(0, 1, 1, 0, -1, 0, -1, 1, -1)"
Node_03118,6,[O X O | X . X | . . O],5,0.5217,3,"[5, 7, 8]",,,,,0.5217,,-0.1708,-0.4686,,"(-1, 1, -1, 1, 0, 1, 0, 0, -1)"
Node_03119,6,[O . O | X . O | X . X],8,0.5217,3,"[2, 5, 8]",,0.3408,,,-0.181,,,0.5217,,"(-1, 0, -1, 1, 0, -1, 1, 0, 1)"
Node_03120,6,[O X X | O . . | . X O],5,0.5217,3,"[5, 6, 7]",,,,,0.5217,-0.3439,0.1617,,,"(-1, 1, 1, -1, 0, 0, 0, 1, -1)"
Node_03121,6,[X O O | . . . | O X X],5,0.5217,3,"[4, 5, 6]",,,,0.3029,0.5217,0.173,,,,"(1, -1, -1, 0, 0, 0, -1, 1, 1)"
Node_03122,6,[X O . | . . X | O O X],3,0.5217,3,"[3, 4, 5]",,,0.5217,-0.19,0.3439,,,,,"(1, -1, 0, 0, 0, 1, -1, -1, 1)"
Node_03123,6,[. O O | X . O | X X .],9,0.5217,3,"[1, 5, 9]",0.1,,,,-0.271,,,,0.5217,"(0, -1, -1, 1, 0, -1, 1, 1, 0)"
Node_03124,6,[X . O | X . X | O . O],5,0.5217,3,"[2, 5, 8]",,-0.4095,,,0.5217,,,-0.3439,,"(1, 0, -1, 1, 0, 1, -1, 0, -1)"
Node_03125,6,[X O O | X . . | . O X],5,0.5217,3,"[5, 6, 7]",,,,,0.5217,-0.1,0.271,,,"(1, -1, -1, 1, 0, 0, 0, -1, 1)"
Node_03126,6,[. X . | O O X | . X O],1,0.5161,3,"[1, 3, 7]",0.5161,,0.1747,,,,-0.19,,,"(0, 1, 0, -1, -1, 1, 0, 1, -1)"
Node_03127,6,[X . X | O . X | . O O],7,0.5152,3,"[2, 5, 7]",,0.3439,,,-0.19,,0.5152,,,"(1, 0, 1, -1, 0, 1, 0, -1, -1)"
Node_03128,6,[X O O | O . X | . X .],7,0.4926,3,"[5, 7, 9]",,,,,0.1652,,0.4926,,0.2693,"(1, -1, -1, -1, 0, 1, 0, 1, 0)"
Node_03129,6,[X O X | . . O | O X .],9,0.4842,3,"[4, 5, 9]",,,,0.0,0.3162,,,,0.4842,"(1, -1, 1, 0, 0, -1, -1, 1, 0)"
Node_03130,6,[X X O | . . X | O O .],9,0.4836,3,"[4, 5, 9]",,,,-0.3439,0.078,,,,0.4836,"(1, 1, -1, 0, 0, 1, -1, -1, 0)"
Node_03131,6,[X X O | O . . | O X .],9,0.4787,3,"[5, 6, 9]",,,,,0.4686,0.0648,,,0.4787,"(1, 1, -1, -1, 0, 0, -1, 1, 0)"
Node_03132,6,[O . X | X O O | . X .],9,0.4736,3,"[2, 7, 9]",,-0.9479,,,,,-0.691,,0.4736,"(-1, 0, 1, 1, -1, -1, 0, 1, 0)"
Node_03133,6,[. . X | X O O | . O X],2,0.4718,3,"[1, 2, 7]",0.0945,0.4718,,,,,-0.5711,,,"(0, 0, 1, 1, -1, -1, 0, -1, 1)"
Node_03134,6,[O O . | . . X | O X X],3,0.4686,3,"[3, 4, 5]",,,0.4686,0.1417,-0.3439,,,,,"(-1, -1, 0, 0, 0, 1, -1, 1, 1)"
Node_03135,6,[O O X | X . X | . . O],5,0.4686,3,"[5, 7, 8]",,,,,0.4686,,-0.0278,-0.0973,,"(-1, -1, 1, 1, 0, 1, 0, 0, -1)"
Node_03136,6,[. X O | X O . | X O .],1,0.4686,3,"[1, 6, 9]",0.4686,,,,,0.1844,,,0.166,"(0, 1, -1, 1, -1, 0, 1, -1, 0)"
Node_03137,6,[O . X | O O . | X X .],9,0.4686,3,"[2, 6, 9]",,-0.271,,,,-0.1025,,,0.4686,"(-1, 0, 1, -1, -1, 0, 1, 1, 0)"
Node_03138,6,[O X . | X . O | . X O],5,0.4686,3,"[3, 5, 7]",,,0.1456,,0.4686,,-0.271,,,"(-1, 1, 0, 1, 0, -1, 0, 1, -1)"
Node_03139,6,[O X O | . . . | X X O],5,0.4686,3,"[4, 5, 6]",,,,-0.1,0.4686,-0.1,,,,"(-1, 1, -1, 0, 0, 0, 1, 1, -1)"
Node_03140,6,[O O X | O . . | X X .],5,0.4686,3,"[5, 6, 9]",,,,,0.4686,0.3089,,,0.271,"(-1, -1, 1, -1, 0, 0, 1, 1, 0)"
Node_03141,6,[X O . | O . O | X . X],5,0.4686,3,"[3, 5, 8]",,,0.0674,,0.4686,,,0.19,,"(1, -1, 0, -1, 0, -1, 1, 0, 1)"
Node_03142,6,[X O O | . . X | X . O],4,0.4686,3,"[4, 5, 8]",,,,0.4686,0.0,,,0.0612,,"(1, -1, -1, 0, 0, 1, 1, 0, -1)"
Node_03143,6,[X X . | X . O | O . O],3,0.4686,3,"[3, 5, 8]",,,0.4686,,-0.3439,,,0.1483,,"(1, 1, 0, 1, 0, -1, -1, 0, -1)"
Node_03144,6,[O . X | X . X | O O .],5,0.4686,3,"[2, 5, 9]",,-0.1923,,,0.4686,,,,0.19,"(-1, 0, 1, 1, 0, 1, -1, -1, 0)"
Node_03145,6,[. . X | X . O | X O O],5,0.4686,3,"[1, 2, 5]",0.271,0.0,,,0.4686,,,,,"(0, 0, 1, 1, 0, -1, 1, -1, -1)"
Node_03146,6,[. O O | X X O | X . .],1,0.4686,3,"[1, 8, 9]",0.4686,,,,,,,-0.4095,-0.0926,"(0, -1, -1, 1, 1, -1, 1, 0, 0)"
Node_03147,6,[. O X | . O X | O X .],9,0.4686,3,"[1, 4, 9]",0.2284,,,0.1537,,,,,0.4686,"(0, -1, 1, 0, -1, 1, -1, 1, 0)"
Node_03148,6,[. O O | X . X | X . O],1,0.4686,3,"[1, 5, 8]",0.4686,,,,0.1,,,-0.271,,"(0, -1, -1, 1, 0, 1, 1, 0, -1)"
Node_03149,6,[X X O | . . . | O X O],5,0.4686,3,"[4, 5, 6]",,,,-0.3439,0.4686,-0.1596,,,,"(1, 1, -1, 0, 0, 0, -1, 1, -1)"
Node_03150,6,[O X X | . . X | O O .],9,0.4686,3,"[4, 5, 9]",,,,-0.1,-0.19,,,,0.4686,"(-1, 1, 1, 0, 0, 1, -1, -1, 0)"
Node_03151,6,[X . O | O . . | O X X],5,0.4686,3,"[2, 5, 6]",,-0.0492,,,0.4686,-0.0448,,,,"(1, 0, -1, -1, 0, 0, -1, 1, 1)"
Node_03152,6,[. X X | X . O | O O .],1,0.4686,3,"[1, 5, 9]",0.4686,,,,-0.2439,,,,0.1338,"(0, 1, 1, 1, 0, -1, -1, -1, 0)"
Node_03153,6,[X . X | . . O | O X O],2,0.4686,3,"[2, 4, 5]",,0.4686,,0.3481,0.2162,,,,,"(1, 0, 1, 0, 0, -1, -1, 1, -1)"
Node_03154,6,[O O X | . O X | X . .],9,0.4686,3,"[4, 8, 9]",,,,-0.3439,,,,-0.5736,0.4686,"(-1, -1, 1, 0, -1, 1, 1, 0, 0)"
Node_03155,6,[. O X | O . O | X X .],9,0.4686,3,"[1, 5, 9]",0.2393,,,,0.271,,,,0.4686,"(0, -1, 1, -1, 0, -1, 1, 1, 0)"
Node_03156,6,[X O . | X . X | . O O],5,0.4686,3,"[3, 5, 7]",,,-0.3439,,0.4686,,0.19,,,"(1, -1, 0, 1, 0, 1, 0, -1, -1)"
Node_03157,6,[O . O | X O . | . X X],7,0.4686,3,"[2, 6, 7]",,-0.0261,,,,-0.3439,0.4686,,,"(-1, 0, -1, 1, -1, 0, 0, 1, 1)"
Node_03158,6,[X . O | X . O | O . X],5,0.4686,3,"[2, 5, 8]",,0.0,,,0.4686,,,-0.0914,,"(1, 0, -1, 1, 0, -1, -1, 0, 1)"
Node_03159,6,[O . . | X . X | O X O],5,0.4686,3,"[2, 3, 5]",,0.0,-0.19,,0.4686,,,,,"(-1, 0, 0, 1, 0, 1, -1, 1, -1)"
Node_03160,6,[X X . | O . . | O X O],5,0.4686,3,"[3, 5, 6]",,,0.19,,0.4686,0.1597,,,,"(1, 1, 0, -1, 0, 0, -1, 1, -1)"
Node_03161,6,[. X O | X . . | O X O],5,0.4686,3,"[1, 5, 6]",-0.4686,,,,0.4686,-0.19,,,,"(0, 1, -1, 1, 0, 0, -1, 1, -1)"
Node_03162,6,[. . O | O O X | . X X],7,0.4686,3,"[1, 2, 7]",-0.0914,0.0658,,,,,0.4686,,,"(0, 0, -1, -1, -1, 1, 0, 1, 1)"
Node_03163,6,[X X . | O . O | . X O],3,0.4686,3,"[3, 5, 7]",,,0.4686,,0.1,,-0.19,,,"(1, 1, 0, -1, 0, -1, 0, 1, -1)"
Node_03164,6,[X O X | . . O | X O .],4,0.4686,3,"[4, 5, 9]",,,,0.4686,0.0,,,,0.0,"(1, -1, 1, 0, 0, -1, 1, -1, 0)"
Node_03165,6,[O X . | X . X | O . O],5,0.4686,3,"[3, 5, 8]",,,-0.19,,0.4686,,,0.0869,,"(-1, 1, 0, 1, 0, 1, -1, 0, -1)"
Node_03166,6,[X . X | O . O | X O .],2,0.4686,3,"[2, 5, 9]",,0.4686,,,0.19,,,,0.1438,"(1, 0, 1, -1, 0, -1, 1, -1, 0)"
Node_03167,6,[. O X | O . X | X O .],5,0.4686,3,"[1, 5, 9]",0.0,,,,0.4686,,,,0.1,"(0, -1, 1, -1, 0, 1, 1, -1, 0)"
Node_03168,6,[. O . | O O X | . X X],7,0.4686,3,"[1, 3, 7]",0.1703,,0.4095,,,,0.4686,,,"(0, -1, 0, -1, -1, 1, 0, 1, 1)"
Node_03169,6,[O . X | X . . | X O O],5,0.4686,3,"[2, 5, 6]",,0.3092,,,0.4686,0.204,,,,"(-1, 0, 1, 1, 0, 0, 1, -1, -1)"
Node_03170,6,[X . O | X . X | . O O],7,0.4686,3,"[2, 5, 7]",,-0.19,,,0.19,,0.4686,,,"(1, 0, -1, 1, 0, 1, 0, -1, -1)"
Node_03171,6,[O O . | X . X | O X .],5,0.4686,3,"[3, 5, 9]",,,0.0,,0.4686,,,,0.1615,"(-1, -1, 0, 1, 0, 1, -1, 1, 0)"
Node_03172,6,[X O . | X O X | . . O],7,0.4686,3,"[3, 7, 8]",,,-0.1,,,,0.4686,0.2738,,"(1, -1, 0, 1, -1, 1, 0, 0, -1)"
Node_03173,6,[O . . | X . X | X O O],5,0.4686,3,"[2, 3, 5]",,0.059,-0.0825,,0.4686,,,,,"(-1, 0, 0, 1, 0, 1, 1, -1, -1)"
Node_03174,6,[. . O | X . X | X O O],5,0.4686,3,"[1, 2, 5]",0.271,0.257,,,0.4686,,,,,"(0, 0, -1, 1, 0, 1, 1, -1, -1)"
Node_03175,6,[. O . | O O X | X X .],9,0.4686,3,"[1, 3, 9]",0.135,,0.2192,,,,,,0.4686,"(0, -1, 0, -1, -1, 1, 1, 1, 0)"
Node_03176,6,[X . . | O . X | X O O],3,0.4678,3,"[2, 3, 5]",,0.3392,0.4678,,0.0933,,,,,"(1, 0, 0, -1, 0, 1, 1, -1, -1)"
Node_03177,6,[. X O | O X . | X O .],9,0.4639,3,"[1, 6, 9]",0.3386,,,,,0.0,,,0.4639,"(0, 1, -1, -1, 1, 0, 1, -1, 0)"
Node_03178,6,[. O . | O . X | O X X],1,0.4637,3,"[1, 3, 5]",0.4637,,0.271,,-0.1228,,,,,"(0, -1, 0, -1, 0, 1, -1, 1, 1)"
Node_03179,6,[O X X | X . O | . O .],7,0.4615,3,"[5, 7, 9]",,,,,0.2648,,0.4615,,0.0,"(-1, 1, 1, 1, 0, -1, 0, -1, 0)"
Node_03180,6,[O X X | O . O | . . X],5,0.4605,3,"[5, 7, 8]",,,,,0.4605,,0.1482,-0.19,,"(-1, 1, 1, -1, 0, -1, 0, 0, 1)"
Node_03181,6,[. X O | O . X | O . X],1,0.4598,3,"[1, 5, 8]",0.4598,,,,0.0081,,,-0.1,,"(0, 1, -1, -1, 0, 1, -1, 0, 1)"
Node_03182,6,[X O O | X . O | . . X],8,0.4569,3,"[5, 7, 8]",,,,,0.271,,0.271,0.4569,,"(1, -1, -1, 1, 0, -1, 0, 0, 1)"
Node_03183,6,[. O X | X . O | O . X],5,0.4532,3,"[1, 5, 8]",0.1556,,,,0.4532,,,0.0,,"(0, -1, 1, 1, 0, -1, -1, 0, 1)"
Node_03184,6,[O X X | . . O | . O X],5,0.4515,3,"[4, 5, 7]",,,,0.0,0.4515,,0.2489,,,"(-1, 1, 1, 0, 0, -1, 0, -1, 1)"
Node_03185,6,[O X . | O . X | X O .],3,0.4511,3,"[3, 5, 9]",,,0.4511,,0.0,,,,0.0,"(-1, 1, 0, -1, 0, 1, 1, -1, 0)"
Node_03186,6,[O X O | X . . | X O .],5,0.4498,3,"[5, 6, 9]",,,,,0.4498,0.0,,,0.0,"(-1, 1, -1, 1, 0, 0, 1, -1, 0)"
Node_03187,6,[X O O | X . O | . X .],9,0.4447,3,"[5, 7, 9]",,,,,-0.19,,0.19,,0.4447,"(1, -1, -1, 1, 0, -1, 0, 1, 0)"
Node_03188,6,[O X O | . . X | . X O],4,0.4301,3,"[4, 5, 7]",,,,0.4301,0.0,,-0.1,,,"(-1, 1, -1, 0, 0, 1, 0, 1, -1)"
Node_03189,6,[X O X | X . O | O . .],5,0.4239,3,"[5, 8, 9]",,,,,0.4239,,,0.0,0.3012,"(1, -1, 1, 1, 0, -1, -1, 0, 0)"
Node_03190,6,[O X . | X O . | O . X],3,0.4224,3,"[3, 6, 8]",,,0.4224,,,0.1248,,-0.3698,,"(-1, 1, 0, 1, -1, 0, -1, 0, 1)"
Node_03191,6,[X . O | O . X | X O .],9,0.4191,3,"[2, 5, 9]",,0.0,,,0.2361,,,,0.4191,"(1, 0, -1, -1, 0, 1, 1, -1, 0)"
Node_03192,6,[. X X | O . O | . O X],5,0.4138,3,"[1, 5, 7]",0.1,,,,0.4138,,0.0,,,"(0, 1, 1, -1, 0, -1, 0, -1, 1)"
Node_03193,6,[X O . | . . X | O X O],4,0.4134,3,"[3, 4, 5]",,,0.0,0.4134,0.0,,,,,"(1, -1, 0, 0, 0, 1, -1, 1, -1)"
Node_03194,6,[X O X | O . X | . . O],7,0.4118,3,"[5, 7, 8]",,,,,0.0574,,0.4118,0.0,,"(1, -1, 1, -1, 0, 1, 0, 0, -1)"
Node_03195,6,[O O . | X . . | X O X],3,0.4117,3,"[3, 5, 6]",,,0.4117,,-0.1923,-0.19,,,,"(-1, -1, 0, 1, 0, 0, 1, -1, 1)"
Node_03196,6,[X O . | X . X | O . O],5,0.4095,3,"[3, 5, 8]",,,-0.3195,,0.4095,,,0.1729,,"(1, -1, 0, 1, 0, 1, -1, 0, -1)"
Node_03197,6,[O X . | . . O | O X X],5,0.4095,3,"[3, 4, 5]",,,-0.2629,0.0,0.4095,,,,,"(-1, 1, 0, 0, 0, -1, -1, 1, 1)"
Node_03198,6,[. O X | . . X | X O O],5,0.4095,3,"[1, 4, 5]",-0.0668,,,-0.271,0.4095,,,,,"(0, -1, 1, 0, 0, 1, 1, -1, -1)"
Node_03199,6,[. O X | X . O | X O .],5,0.4095,3,"[1, 5, 9]",0.0,,,,0.4095,,,,0.0159,"(0, -1, 1, 1, 0, -1, 1, -1, 0)"
Node_03200,6,[. O O | X . X | . O X],5,0.4095,3,"[1, 5, 7]",0.0276,,,,0.4095,,-0.4686,,,"(0, -1, -1, 1, 0, 1, 0, -1, 1)"
Node_03201,6,[. X X | O . X | O O .],1,0.4095,3,"[1, 5, 9]",0.4095,,,,-0.4095,,,,0.271,"(0, 1, 1, -1, 0, 1, -1, -1, 0)"
Node_03202,6,[. O X | X . X | . O O],5,0.4095,3,"[1, 5, 7]",-0.3439,,,,0.4095,,-0.0967,,,"(0, -1, 1, 1, 0, 1, 0, -1, -1)"
Node_03203,6,[X X O | . . O | O X .],5,0.4095,3,"[4, 5, 9]",,,,-0.3439,0.4095,,,,0.1457,"(1, 1, -1, 0, 0, -1, -1, 1, 0)"
Node_03204,6,[O O . | X . X | X O .],5,0.4095,3,"[3, 5, 9]",,,-0.1,,0.4095,,,,-0.271,"(-1, -1, 0, 1, 0, 1, 1, -1, 0)"
Node_03205,6,[. X O | X . X | O . O],5,0.4095,3,"[1, 5, 8]",-0.1,,,,0.4095,,,-0.3439,,"(0, 1, -1, 1, 0, 1, -1, 0, -1)"
Node_03206,6,[O O . | X . X | O . X],3,0.4095,3,"[3, 5, 8]",,,0.4095,,0.271,,,-0.19,,"(-1, -1, 0, 1, 0, 1, -1, 0, 1)"
Node_03207,6,[. X X | O . . | O O X],6,0.4095,3,"[1, 5, 6]",0.19,,,,-0.273,0.4095,,,,"(0, 1, 1, -1, 0, 0, -1, -1, 1)"
Node_03208,6,[. O X | O . X | X . O],5,0.4095,3,"[1, 5, 8]",0.1602,,,,0.4095,,,0.131,,"(0, -1, 1, -1, 0, 1, 1, 0, -1)"
Node_03209,6,[X . O | X . . | O O X],5,0.4095,3,"[2, 5, 6]",,-0.19,,,0.4095,0.199,,,,"(1, 0, -1, 1, 0, 0, -1, -1, 1)"
Node_03210,6,[O X O | . . X | O X .],5,0.4095,3,"[4, 5, 9]",,,,-0.0278,0.4095,,,,-0.3439,"(-1, 1, -1, 0, 0, 1, -1, 1, 0)"
Node_03211,6,[X X O | O . . | . X O],5,0.4095,3,"[5, 6, 7]",,,,,0.4095,0.0,-0.09,,,"(1, 1, -1, -1, 0, 0, 0, 1, -1)"
Node_03212,6,[O O . | O . X | . X X],3,0.4095,3,"[3, 5, 7]",,,0.4095,,-0.4095,,0.1,,,"(-1, -1, 0, -1, 0, 1, 0, 1, 1)"
Node_03213,6,[. X . | . O X | O O X],3,0.4095,3,"[1, 3, 4]",0.2341,,0.4095,0.1302,,,,,,"(0, 1, 0, 0, -1, 1, -1, -1, 1)"
Node_03214,6,[X O . | X . O | O . X],5,0.4095,3,"[3, 5, 8]",,,0.0,,0.4095,,,0.2664,,"(1, -1, 0, 1, 0, -1, -1, 0, 1)"
Node_03215,6,[X O O | X . X | . O .],7,0.4095,3,"[5, 7, 9]",,,,,0.19,,0.4095,,-0.1,"(1, -1, -1, 1, 0, 1, 0, -1, 0)"
Node_03216,6,[X O O | X O X | . . .],7,0.4095,3,"[7, 8, 9]",,,,,,,0.4095,-0.0348,-0.3439,"(1, -1, -1, 1, -1, 1, 0, 0, 0)"
Node_03217,6,[O . O | X . X | . O X],5,0.4095,3,"[2, 5, 7]",,0.1411,,,0.4095,,-0.2195,,,"(-1, 0, -1, 1, 0, 1, 0, -1, 1)"
Node_03218,6,[O . O | X . X | X . O],5,0.4095,3,"[2, 5, 8]",,-0.0254,,,0.4095,,,-0.19,,"(-1, 0, -1, 1, 0, 1, 1, 0, -1)"
Node_03219,6,[X X . | O . . | X O O],3,0.4095,3,"[3, 5, 6]",,,0.4095,,0.0,0.1417,,,,"(1, 1, 0, -1, 0, 0, 1, -1, -1)"
Node_03220,6,[X X . | O . O | O X .],3,0.4095,3,"[3, 5, 9]",,,0.4095,,0.271,,,,0.0829,"(1, 1, 0, -1, 0, -1, -1, 1, 0)"
Node_03221,6,[O X X | . . O | . X O],5,0.4095,3,"[4, 5, 7]",,,,0.0,0.4095,,0.0556,,,"(-1, 1, 1, 0, 0, -1, 0, 1, -1)"
Node_03222,6,[X . O | O . O | . X X],5,0.4095,3,"[2, 5, 7]",,0.0848,,,0.4095,,0.19,,,"(1, 0, -1, -1, 0, -1, 0, 1, 1)"
Node_03223,6,[. . O | X . X | O O X],5,0.4095,3,"[1, 2, 5]",-0.0272,0.2466,,,0.4095,,,,,"(0, 0, -1, 1, 0, 1, -1, -1, 1)"
Node_03224,6,[X O X | . . O | . O X],5,0.4095,3,"[4, 5, 7]",,,,-0.094,0.4095,,-0.1677,,,"(1, -1, 1, 0, 0, -1, 0, -1, 1)"
Node_03225,6,[O . X | O . O | X X .],9,0.4095,3,"[2, 5, 9]",,-0.1,,,0.0,,,,0.4095,"(-1, 0, 1, -1, 0, -1, 1, 1, 0)"
Node_03226,6,[. X X | . . O | O X O],5,0.4095,3,"[1, 4, 5]",0.1,,,0.1456,0.4095,,,,,"(0, 1, 1, 0, 0, -1, -1, 1, -1)"
Node_03227,6,[. O O | X . . | X O X],1,0.4095,3,"[1, 5, 6]",0.4095,,,,0.1155,-0.4095,,,,"(0, -1, -1, 1, 0, 0, 1, -1, 1)"
Node_03228,6,[. O O | X . X | X O .],5,0.4095,3,"[1, 5, 9]",0.0,,,,0.4095,,,,-0.1,"(0, -1, -1, 1, 0, 1, 1, -1, 0)"
Node_03229,6,[X O . | . . O | O X X],5,0.4095,3,"[3, 4, 5]",,,0.1275,0.1075,0.4095,,,,,"(1, -1, 0, 0, 0, -1, -1, 1, 1)"
Node_03230,6,[X X O | . . . | O O X],5,0.4095,3,"[4, 5, 6]",,,,0.0,0.4095,0.0699,,,,"(1, 1, -1, 0, 0, 0, -1, -1, 1)"
Node_03231,6,[. X X | O . . | O X O],5,0.4095,3,"[1, 5, 6]",0.1,,,,0.4095,-0.19,,,,"(0, 1, 1, -1, 0, 0, -1, 1, -1)"
Node_03232,6,[X X O | X . O | . O .],7,0.4095,3,"[5, 7, 9]",,,,,0.1765,,0.4095,,0.1766,"(1, 1, -1, 1, 0, -1, 0, -1, 0)"
Node_03233,6,[. O . | X O X | . X O],1,0.4073,3,"[1, 3, 7]",0.4073,,-0.19,,,,-0.31,,,"(0, -1, 0, 1, -1, 1, 0, 1, -1)"
Node_03234,6,[O . . | X . O | O X X],2,0.4066,3,"[2, 3, 5]",,0.4066,0.0,,0.1341,,,,,"(-1, 0, 0, 1, 0, -1, -1, 1, 1)"
Node_03235,6,[O X O | . X . | . O X],6,0.4065,3,"[4, 6, 7]",,,,0.0003,,0.4065,0.0,,,"(-1, 1, -1, 0, 1, 0, 0, -1, 1)"
Node_03236,6,[O X . | . X O | . O X],3,0.4038,3,"[3, 4, 7]",,,0.4038,0.0,,,0.1443,,,"(-1, 1, 0, 0, 1, -1, 0, -1, 1)"
Node_03237,6,[. O X | X O . | O X .],9,0.4029,3,"[1, 6, 9]",0.0,,,,,0.1788,,,0.4029,"(0, -1, 1, 1, -1, 0, -1, 1, 0)"
Node_03238,6,[. . O | X . X | O X O],2,0.4024,3,"[1, 2, 5]",0.1152,0.4024,,,0.19,,,,,"(0, 0, -1, 1, 0, 1, -1, 1, -1)"
Node_03239,6,[X X O | . . . | X O O],6,0.4,3,"[4, 5, 6]",,,,0.271,-0.2629,0.4,,,,"(1, 1, -1, 0, 0, 0, 1, -1, -1)"
Node_03240,6,[. O O | . . X | X X O],1,0.3989,3,"[1, 4, 5]",0.3989,,,-0.1518,-0.1,,,,,"(0, -1, -1, 0, 0, 1, 1, 1, -1)"
Node_03241,6,[. . X | O . X | O X O],1,0.3969,3,"[1, 2, 5]",0.3969,-0.0825,,,-0.271,,,,,"(0, 0, 1, -1, 0, 1, -1, 1, -1)"
Node_03242,6,[. . X | X O O | O . X],2,0.3967,3,"[1, 2, 8]",0.1666,0.3967,,,,,,0.0,,"(0, 0, 1, 1, -1, -1, -1, 0, 1)"
Node_03243,6,[O . . | O . X | X O X],5,0.3935,3,"[2, 3, 5]",,0.1148,0.1,,0.3935,,,,,"(-1, 0, 0, -1, 0, 1, 1, -1, 1)"
Node_03244,6,[. O . | X O X | O X .],3,0.3895,3,"[1, 3, 9]",-0.2539,,0.3895,,,,,,-0.233,"(0, -1, 0, 1, -1, 1, -1, 1, 0)"
Node_03245,6,[. X . | O . O | O X X],1,0.389,3,"[1, 3, 5]",0.389,,0.0,,0.271,,,,,"(0, 1, 0, -1, 0, -1, -1, 1, 1)"
Node_03246,6,[. . X | O . O | O X X],1,0.3864,3,"[1, 2, 5]",0.3864,-0.4686,,,-0.0042,,,,,"(0, 0, 1, -1, 0, -1, -1, 1, 1)"
Node_03247,6,[. X O | X O X | . O .],7,0.3824,3,"[1, 7, 9]",0.0787,,,,,,0.3824,,-0.171,"(0, 1, -1, 1, -1, 1, 0, -1, 0)"
Node_03248,6,[X O . | X O O | . X .],3,0.3773,3,"[3, 7, 9]",,,0.3773,,,,0.3439,,0.2725,"(1, -1, 0, 1, -1, -1, 0, 1, 0)"
Node_03249,6,[. X . | . O O | X O X],4,0.3766,3,"[1, 3, 4]",-0.7683,,-0.4984,0.3766,,,,,,"(0, 1, 0, 0, -1, -1, 1, -1, 1)"
Node_03250,6,[O . O | X . X | X O .],2,0.3764,3,"[2, 5, 9]",,0.3764,,,0.0,,,,-0.3095,"(-1, 0, -1, 1, 0, 1, 1, -1, 0)"
Node_03251,6,[O X O | O . X | X . .],5,0.3764,3,"[5, 8, 9]",,,,,0.3764,,,0.149,0.3247,"(-1, 1, -1, -1, 0, 1, 1, 0, 0)"
Node_03252,6,[X O . | X O . | . X O],6,0.3738,3,"[3, 6, 7]",,,0.2304,,,0.3738,0.1,,,"(1, -1, 0, 1, -1, 0, 0, 1, -1)"
Node_03253,6,[O . X | . . O | X X O],4,0.3717,3,"[2, 4, 5]",,0.2052,,0.3717,0.1,,,,,"(-1, 0, 1, 0, 0, -1, 1, 1, -1)"
Node_03254,6,[. O X | . . X | O X O],5,0.3682,3,"[1, 4, 5]",0.0,,,0.2688,0.3682,,,,,"(0, -1, 1, 0, 0, 1, -1, 1, -1)"
Node_03255,6,[O . X | X . O | X O .],9,0.3646,3,"[2, 5, 9]",,0.2911,,,0.3439,,,,0.3646,"(-1, 0, 1, 1, 0, -1, 1, -1, 0)"
Node_03256,6,[O X . | X O . | . O X],6,0.3631,3,"[3, 6, 7]",,,0.0,,,0.3631,0.0,,,"(-1, 1, 0, 1, -1, 0, 0, -1, 1)"
Node_03257,6,[. . O | O . X | X X O],2,0.3603,3,"[1, 2, 5]",0.0,0.3603,,,0.0,,,,,"(0, 0, -1, -1, 0, 1, 1, 1, -1)"
Node_03258,6,[. O . | X O . | O X X],3,0.3571,3,"[1, 3, 6]",-0.6335,,0.3571,,,-0.3027,,,,"(0, -1, 0, 1, -1, 0, -1, 1, 1)"
Node_03259,6,[O X . | X O O | . X .],9,0.3541,3,"[3, 7, 9]",,,-0.2556,,,,-0.059,,0.3541,"(-1, 1, 0, 1, -1, -1, 0, 1, 0)"
Node_03260,6,[. O O | O . X | X X .],1,0.3504,3,"[1, 5, 9]",0.3504,,,,0.0,,,,0.19,"(0, -1, -1, -1, 0, 1, 1, 1, 0)"
Node_03261,6,[O X O | X . X | O . .],8,0.3471,3,"[5, 8, 9]",,,,,0.1,,,0.3471,0.2208,"(-1, 1, -1, 1, 0, 1, -1, 0, 0)"
Node_03262,6,[O O X | X . O | . . X],5,0.3458,3,"[5, 7, 8]",,,,,0.3458,,0.1692,0.0,,"(-1, -1, 1, 1, 0, -1, 0, 0, 1)"
Node_03263,6,[. O X | X O O | . . X],8,0.3456,3,"[1, 7, 8]",-0.9069,,,,,,-0.5447,0.3456,,"(0, -1, 1, 1, -1, -1, 0, 0, 1)"
Node_03264,6,[O . X | O . . | X X O],5,0.3439,3,"[2, 5, 6]",,-0.5217,,,0.3439,-0.0085,,,,"(-1, 0, 1, -1, 0, 0, 1, 1, -1)"
Node_03265,6,[O X . | O . O | X X .],9,0.3439,3,"[3, 5, 9]",,,-0.1923,,0.19,,,,0.3439,"(-1, 1, 0, -1, 0, -1, 1, 1, 0)"
Node_03266,6,[X . O | O . O | X X .],9,0.3439,3,"[2, 5, 9]",,-0.1,,,0.1518,,,,0.3439,"(1, 0, -1, -1, 0, -1, 1, 1, 0)"
Node_03267,6,[. X X | O . O | . X O],1,0.3439,3,"[1, 5, 7]",0.3439,,,,0.0,,-0.19,,,"(0, 1, 1, -1, 0, -1, 0, 1, -1)"
Node_03268,6,[. O . | X O X | X . O],1,0.3439,3,"[1, 3, 8]",0.3439,,-0.4095,,,,,-0.187,,"(0, -1, 0, 1, -1, 1, 1, 0, -1)"
Node_03269,6,[X X . | . . O | X O O],3,0.3439,3,"[3, 4, 5]",,,0.3439,0.1,-0.271,,,,,"(1, 1, 0, 0, 0, -1, 1, -1, -1)"
Node_03270,6,[O O . | X . X | X . O],5,0.3439,3,"[3, 5, 8]",,,0.1652,,0.3439,,,-0.4095,,"(-1, -1, 0, 1, 0, 1, 1, 0, -1)"
Node_03271,6,[X X O | X . . | . O O],7,0.3439,3,"[5, 6, 7]",,,,,0.0,0.047,0.3439,,,"(1, 1, -1, 1, 0, 0, 0, -1, -1)"
Node_03272,6,[O O X | . O X | . X .],9,0.3439,3,"[4, 7, 9]",,,,0.167,,,-0.079,,0.3439,"(-1, -1, 1, 0, -1, 1, 0, 1, 0)"
Node_03273,6,[O . O | X . X | O X .],5,0.3439,3,"[2, 5, 9]",,-0.0099,,,0.3439,,,,-0.19,"(-1, 0, -1, 1, 0, 1, -1, 1, 0)"
Node_03274,6,[. O X | O . O | X . X],5,0.3439,3,"[1, 5, 8]",-0.19,,,,0.3439,,,0.19,,"(0, -1, 1, -1, 0, -1, 1, 0, 1)"
Node_03275,6,[O X . | . . X | O O X],3,0.3439,3,"[3, 4, 5]",,,0.3439,0.1778,0.025,,,,,"(-1, 1, 0, 0, 0, 1, -1, -1, 1)"
Node_03276,6,[X O O | X . X | O . .],5,0.3439,3,"[5, 8, 9]",,,,,0.3439,,,-0.1,-0.271,"(1, -1, -1, 1, 0, 1, -1, 0, 0)"
Node_03277,6,[. X O | O . O | . X X],7,0.3439,3,"[1, 5, 7]",0.1676,,,,0.19,,0.3439,,,"(0, 1, -1, -1, 0, -1, 0, 1, 1)"
Node_03278,6,[X X . | O . X | . O O],3,0.3439,3,"[3, 5, 7]",,,0.3439,,0.0,,0.199,,,"(1, 1, 0, -1, 0, 1, 0, -1, -1)"
Node_03279,6,[O X . | . . X | O X O],5,0.3439,3,"[3, 4, 5]",,,0.0,0.0,0.3439,,,,,"(-1, 1, 0, 0, 0, 1, -1, 1, -1)"
Node_03280,6,[X . O | X O X | . O .],7,0.3439,3,"[2, 7, 9]",,-0.214,,,,,0.3439,,-0.3439,"(1, 0, -1, 1, -1, 1, 0, -1, 0)"
Node_03281,6,[X X O | O . O | . . X],5,0.3439,3,"[5, 7, 8]",,,,,0.3439,,-0.19,0.1119,,"(1, 1, -1, -1, 0, -1, 0, 0, 1)"
Node_03282,6,[X . O | . . O | O X X],5,0.3439,3,"[2, 4, 5]",,0.1692,,0.2361,0.3439,,,,,"(1, 0, -1, 0, 0, -1, -1, 1, 1)"
Node_03283,6,[X O O | X . X | . . O],5,0.3439,3,"[5, 7, 8]",,,,,0.3439,,0.19,0.1703,,"(1, -1, -1, 1, 0, 1, 0, 0, -1)"
Node_03284,6,[. O O | O . X | . X X],7,0.3439,3,"[1, 5, 7]",0.1758,,,,-0.1,,0.3439,,,"(0, -1, -1, -1, 0, 1, 0, 1, 1)"
Node_03285,6,[O O . | . . X | X O X],3,0.3439,3,"[3, 4, 5]",,,0.3439,-0.1,0.0,,,,,"(-1, -1, 0, 0, 0, 1, 1, -1, 1)"
Node_03286,6,[X O X | . . X | O O .],9,0.3439,3,"[4, 5, 9]",,,,-0.19,0.1574,,,,0.3439,"(1, -1, 1, 0, 0, 1, -1, -1, 0)"
Node_03287,6,[. . X | O . O | X X O],5,0.3439,3,"[1, 2, 5]",-0.19,0.0,,,0.3439,,,,,"(0, 0, 1, -1, 0, -1, 1, 1, -1)"
Node_03288,6,[X X . | X . O | . O O],7,0.3439,3,"[3, 5, 7]",,,0.1,,-0.1,,0.3439,,,"(1, 1, 0, 1, 0, -1, 0, -1, -1)"
Node_03289,6,[X . O | O . X | . O X],7,0.3432,3,"[2, 5, 7]",,0.1652,,,0.19,,0.3432,,,"(1, 0, -1, -1, 0, 1, 0, -1, 1)"
Node_03290,6,[. . X | X X O | O O .],9,0.3405,3,"[1, 2, 9]",-0.2657,-0.4108,,,,,,,0.3405,"(0, 0, 1, 1, 1, -1, -1, -1, 0)"
Node_03291,6,[O X O | . . X | X O .],5,0.3389,3,"[4, 5, 9]",,,,0.1692,0.3389,,,,0.0,"(-1, 1, -1, 0, 0, 1, 1, -1, 0)"
Node_03292,6,[X O X | . . X | . O O],5,0.3318,3,"[4, 5, 7]",,,,-0.271,0.3318,,-0.271,,,"(1, -1, 1, 0, 0, 1, 0, -1, -1)"
Node_03293,6,[X O . | O . . | X O X],3,0.331,3,"[3, 5, 6]",,,0.331,,0.1,0.3258,,,,"(1, -1, 0, -1, 0, 0, 1, -1, 1)"
Node_03294,6,[. X O | O . X | X . O],8,0.3285,3,"[1, 5, 8]",0.0,,,,0.2861,,,0.3285,,"(0, 1, -1, -1, 0, 1, 1, 0, -1)"
Node_03295,6,[. X O | . O X | X O .],4,0.3268,3,"[1, 4, 9]",0.0562,,,0.3268,,,,,0.0,"(0, 1, -1, 0, -1, 1, 1, -1, 0)"
Node_03296,6,[. X O | O O X | X . .],8,0.3218,3,"[1, 8, 9]",0.0,,,,,,,0.3218,0.063,"(0, 1, -1, -1, -1, 1, 1, 0, 0)"
Node_03297,6,[O X O | O . X | . . X],7,0.3182,3,"[5, 7, 8]",,,,,-0.3439,,0.3182,-0.1152,,"(-1, 1, -1, -1, 0, 1, 0, 0, 1)"
Node_03298,6,[X X O | O . X | . O .],5,0.3173,3,"[5, 7, 9]",,,,,0.3173,,0.0,,0.0,"(1, 1, -1, -1, 0, 1, 0, -1, 0)"
Node_03299,6,[X O X | . O O | . X .],4,0.3124,3,"[4, 7, 9]",,,,0.3124,,,-0.6275,,-0.8066,"(1, -1, 1, 0, -1, -1, 0, 1, 0)"
Node_03300,6,[O X X | O . X | . O .],7,0.3116,3,"[5, 7, 9]",,,,,0.3068,,0.3116,,0.1,"(-1, 1, 1, -1, 0, 1, 0, -1, 0)"
Node_03301,6,[X O . | . O X | . X O],4,0.3108,3,"[3, 4, 7]",,,0.0,0.3108,,,0.3004,,,"(1, -1, 0, 0, -1, 1, 0, 1, -1)"
Node_03302,6,[O . X | X . O | . O X],5,0.3068,3,"[2, 5, 7]",,0.0,,,0.3068,,0.0,,,"(-1, 0, 1, 1, 0, -1, 0, -1, 1)"
Node_03303,6,[O X X | X . . | O O .],6,0.3068,3,"[5, 6, 9]",,,,,-0.181,0.3068,,,0.2977,"(-1, 1, 1, 1, 0, 0, -1, -1, 0)"
Node_03304,6,[. X X | . . O | O O X],4,0.3066,3,"[1, 4, 5]",0.271,,,0.3066,0.0,,,,,"(0, 1, 1, 0, 0, -1, -1, -1, 1)"
Node_03305,6,[. O . | X . X | O X O],3,0.3061,3,"[1, 3, 5]",0.0,,0.3061,,0.1,,,,,"(0, -1, 0, 1, 0, 1, -1, 1, -1)"
Node_03306,6,[. . X | O O X | X . O],1,0.3046,3,"[1, 2, 8]",0.3046,-0.6565,,,,,,-0.6726,,"(0, 0, 1, -1, -1, 1, 1, 0, -1)"
Node_03307,6,[X O . | O X . | . X O],7,0.3045,3,"[3, 6, 7]",,,0.0,,,0.0,0.3045,,,"(1, -1, 0, -1, 1, 0, 0, 1, -1)"
Node_03308,6,[. O X | . . O | O X X],5,0.3021,3,"[1, 4, 5]",0.1568,,,0.0,0.3021,,,,,"(0, -1, 1, 0, 0, -1, -1, 1, 1)"
Node_03309,6,[O X X | X . O | O . .],8,0.2991,3,"[5, 8, 9]",,,,,0.1255,,,0.2991,0.0,"(-1, 1, 1, 1, 0, -1, -1, 0, 0)"
Node_03310,6,[X O . | X . O | O X .],5,0.2989,3,"[3, 5, 9]",,,0.0,,0.2989,,,,0.0,"(1, -1, 0, 1, 0, -1, -1, 1, 0)"
Node_03311,6,[. O . | O . X | X X O],5,0.2946,3,"[1, 3, 5]",0.0,,0.0,,0.2946,,,,,"(0, -1, 0, -1, 0, 1, 1, 1, -1)"
Node_03312,6,[X . . | . O X | O X O],3,0.2855,3,"[2, 3, 4]",,-0.3137,0.2855,-0.4872,,,,,,"(1, 0, 0, 0, -1, 1, -1, 1, -1)"
Node_03313,6,[X . O | . O X | . X O],7,0.2844,3,"[2, 4, 7]",,-0.4795,,-0.202,,,0.2844,,,"(1, 0, -1, 0, -1, 1, 0, 1, -1)"
Node_03314,6,[X . O | O O X | X . .],9,0.2844,3,"[2, 8, 9]",,0.0,,,,,,0.0497,0.2844,"(1, 0, -1, -1, -1, 1, 1, 0, 0)"
Node_03315,6,[. . O | O X X | X O .],9,0.2843,3,"[1, 2, 9]",0.2779,0.0,,,,,,,0.2843,"(0, 0, -1, -1, 1, 1, 1, -1, 0)"
Node_03316,6,[O X . | X O O | X . .],9,0.2825,3,"[3, 8, 9]",,,-0.6338,,,,,-0.6763,0.2825,"(-1, 1, 0, 1, -1, -1, 1, 0, 0)"
Node_03317,6,[O X X | O . O | X . .],9,0.2812,3,"[5, 8, 9]",,,,,0.1,,,-0.1,0.2812,"(-1, 1, 1, -1, 0, -1, 1, 0, 0)"
Node_03318,6,[X O . | O . . | X X O],3,0.273,3,"[3, 5, 6]",,,0.273,,0.135,0.0,,,,"(1, -1, 0, -1, 0, 0, 1, 1, -1)"
Node_03319,6,[X . . | X . O | O X O],3,0.2721,3,"[2, 3, 5]",,-0.16,0.2721,,-0.3439,,,,,"(1, 0, 0, 1, 0, -1, -1, 1, -1)"
Node_03320,6,[X O X | O . X | . O .],9,0.271,3,"[5, 7, 9]",,,,,0.1417,,0.0388,,0.271,"(1, -1, 1, -1, 0, 1, 0, -1, 0)"
Node_03321,6,[O X . | O . O | . X X],5,0.271,3,"[3, 5, 7]",,,0.0,,0.271,,0.19,,,"(-1, 1, 0, -1, 0, -1, 0, 1, 1)"
Node_03322,6,[X X . | O . O | X . O],3,0.271,3,"[3, 5, 8]",,,0.271,,-0.2107,,,-0.19,,"(1, 1, 0, -1, 0, -1, 1, 0, -1)"
Node_03323,6,[. X O | X . X | O O .],5,0.271,3,"[1, 5, 9]",-0.4095,,,,0.271,,,,-0.0967,"(0, 1, -1, 1, 0, 1, -1, -1, 0)"
Node_03324,6,[O X X | O . . | X . O],5,0.271,3,"[5, 6, 8]",,,,,0.271,-0.0287,,0.2327,,"(-1, 1, 1, -1, 0, 0, 1, 0, -1)"
Node_03325,6,[O O X | X . X | . O .],9,0.271,3,"[5, 7, 9]",,,,,0.19,,-0.1,,0.271,"(-1, -1, 1, 1, 0, 1, 0, -1, 0)"
Node_03326,6,[. O X | O . . | X O X],6,0.271,3,"[1, 5, 6]",-0.1232,,,,0.1,0.271,,,,"(0, -1, 1, -1, 0, 0, 1, -1, 1)"
Node_03327,6,[X X O | X O . | . O .],7,0.271,3,"[6, 7, 9]",,,,,,0.0076,0.271,,0.0993,"(1, 1, -1, 1, -1, 0, 0, -1, 0)"
Node_03328,6,[X O . | X . O | . X O],3,0.271,3,"[3, 5, 7]",,,0.271,,-0.3686,,0.1,,,"(1, -1, 0, 1, 0, -1, 0, 1, -1)"
Node_03329,6,[O O . | O . X | X . X],3,0.271,3,"[3, 5, 8]",,,0.271,,-0.19,,,0.19,,"(-1, -1, 0, -1, 0, 1, 1, 0, 1)"
Node_03330,6,[X X . | . . O | O X O],3,0.271,3,"[3, 4, 5]",,,0.271,0.1476,0.271,,,,,"(1, 1, 0, 0, 0, -1, -1, 1, -1)"
Node_03331,6,[O X X | . . O | X . O],5,0.271,3,"[4, 5, 8]",,,,-0.3439,0.271,,,-0.0025,,"(-1, 1, 1, 0, 0, -1, 1, 0, -1)"
Node_03332,6,[. X O | X . X | . O O],5,0.271,3,"[1, 5, 7]",0.1753,,,,0.271,,0.1758,,,"(0, 1, -1, 1, 0, 1, 0, -1, -1)"
Node_03333,6,[X O . | X . X | O O .],5,0.271,3,"[3, 5, 9]",,,-0.1,,0.271,,,,0.1549,"(1, -1, 0, 1, 0, 1, -1, -1, 0)"
Node_03334,6,[O . X | O . O | . X X],7,0.271,3,"[2, 5, 7]",,0.0,,,-0.4095,,0.271,,,"(-1, 0, 1, -1, 0, -1, 0, 1, 1)"
Node_03335,6,[. O X | . . O | X O X],5,0.271,3,"[1, 4, 5]",-0.1,,,0.1679,0.271,,,,,"(0, -1, 1, 0, 0, -1, 1, -1, 1)"
Node_03336,6,[. . X | X . O | O X O],2,0.2652,3,"[1, 2, 5]",0.0,0.2652,,,0.2493,,,,,"(0, 0, 1, 1, 0, -1, -1, 1, -1)"
Node_03337,6,[X . . | O O X | . X O],3,0.265,3,"[2, 3, 7]",,0.1241,0.265,,,,0.0,,,"(1, 0, 0, -1, -1, 1, 0, 1, -1)"
Node_03338,6,[O . X | X O O | . . X],8,0.2641,3,"[2, 7, 8]",,0.0,,,,,0.0455,0.2641,,"(-1, 0, 1, 1, -1, -1, 0, 0, 1)"
Node_03339,6,[O X . | X . O | O X .],9,0.2633,3,"[3, 5, 9]",,,0.2031,,0.1,,,,0.2633,"(-1, 1, 0, 1, 0, -1, -1, 1, 0)"
Node_03340,6,[. O X | X X O | O . .],1,0.261,3,"[1, 8, 9]",0.261,,,,,,,0.0,0.2397,"(0, -1, 1, 1, 1, -1, -1, 0, 0)"
Node_03341,6,[O X . | O X X | . O .],7,0.2582,3,"[3, 7, 9]",,,-0.4541,,,,0.2582,,-0.5004,"(-1, 1, 0, -1, 1, 1, 0, -1, 0)"
Node_03342,6,[X . . | X O . | O O X],2,0.2575,3,"[2, 3, 6]",,0.2575,-0.1,,,-0.4095,,,,"(1, 0, 0, 1, -1, 0, -1, -1, 1)"
Node_03343,6,[O X . | X . O | X O .],5,0.2558,3,"[3, 5, 9]",,,0.0,,0.2558,,,,0.0,"(-1, 1, 0, 1, 0, -1, 1, -1, 0)"
Node_03344,6,[. O . | . O X | X X O],1,0.2534,3,"[1, 3, 4]",0.2534,,-0.6886,-0.3072,,,,,,"(0, -1, 0, 0, -1, 1, 1, 1, -1)"
Node_03345,6,[O X . | . . O | X O X],5,0.2484,3,"[3, 4, 5]",,,0.2197,0.0,0.2484,,,,,"(-1, 1, 0, 0, 0, -1, 1, -1, 1)"
Node_03346,6,[O X O | X O . | X . .],9,0.2431,3,"[6, 8, 9]",,,,,,-0.7463,,-0.3364,0.2431,"(-1, 1, -1, 1, -1, 0, 1, 0, 0)"
Node_03347,6,[X . . | O X X | . O O],7,0.2402,3,"[2, 3, 7]",,-0.5116,0.1219,,,,0.2402,,,"(1, 0, 0, -1, 1, 1, 0, -1, -1)"
Node_03348,6,[. O O | . . X | X O X],5,0.2315,3,"[1, 4, 5]",-0.271,,,-0.3439,0.2315,,,,,"(0, -1, -1, 0, 0, 1, 1, -1, 1)"
Node_03349,6,[. O O | O X X | X . .],1,0.2281,3,"[1, 8, 9]",0.2281,,,,,,,-0.5735,-0.5825,"(0, -1, -1, -1, 1, 1, 1, 0, 0)"
Node_03350,6,[O . X | X O . | O X .],9,0.2255,3,"[2, 6, 9]",,-0.5575,,,,-0.4831,,,0.2255,"(-1, 0, 1, 1, -1, 0, -1, 1, 0)"
Node_03351,6,[. O X | O X . | O X .],1,0.2237,3,"[1, 6, 9]",0.2237,,,,,-0.5979,,,-0.1673,"(0, -1, 1, -1, 1, 0, -1, 1, 0)"
Node_03352,6,[. X O | O . . | X O X],5,0.223,3,"[1, 5, 6]",0.1275,,,,0.223,0.0,,,,"(0, 1, -1, -1, 0, 0, 1, -1, 1)"
Node_03353,6,[. X . | O O X | X . O],1,0.2215,3,"[1, 3, 8]",0.2215,,-0.5962,,,,,-0.3366,,"(0, 1, 0, -1, -1, 1, 1, 0, -1)"
Node_03354,6,[X X O | . O X | . . O],7,0.2213,3,"[4, 7, 8]",,,,-0.147,,,0.2213,-0.5621,,"(1, 1, -1, 0, -1, 1, 0, 0, -1)"
Node_03355,6,[O X . | . O . | X O X],6,0.2193,3,"[3, 4, 6]",,,0.0278,0.0,,0.2193,,,,"(-1, 1, 0, 0, -1, 0, 1, -1, 1)"
Node_03356,6,[O . . | X O . | O X X],3,0.2168,3,"[2, 3, 6]",,-0.6827,0.2168,,,-0.6198,,,,"(-1, 0, 0, 1, -1, 0, -1, 1, 1)"
Node_03357,6,[. O O | . . X | O X X],5,0.2128,3,"[1, 4, 5]",-0.2053,,,-0.271,0.2128,,,,,"(0, -1, -1, 0, 0, 1, -1, 1, 1)"
Node_03358,6,[O X O | X . X | . O .],7,0.2127,3,"[5, 7, 9]",,,,,0.1,,0.2127,,0.1748,"(-1, 1, -1, 1, 0, 1, 0, -1, 0)"
Node_03359,6,[O . X | X . O | O X .],2,0.2078,3,"[2, 5, 9]",,0.2078,,,0.1582,,,,0.0,"(-1, 0, 1, 1, 0, -1, -1, 1, 0)"
Node_03360,6,[. X O | O . X | O X .],1,0.2075,3,"[1, 5, 9]",0.2075,,,,0.1,,,,-0.1,"(0, 1, -1, -1, 0, 1, -1, 1, 0)"
Node_03361,6,[O X X | . . O | O X .],4,0.2059,3,"[4, 5, 9]",,,,0.2059,0.19,,,,-0.271,"(-1, 1, 1, 0, 0, -1, -1, 1, 0)"
Node_03362,6,[X . O | O . X | . X O],2,0.2039,3,"[2, 5, 7]",,0.2039,,,0.0,,0.0,,,"(1, 0, -1, -1, 0, 1, 0, 1, -1)"
Node_03363,6,[X O . | O . X | O X .],3,0.2011,3,"[3, 5, 9]",,,0.2011,,0.1784,,,,0.1652,"(1, -1, 0, -1, 0, 1, -1, 1, 0)"
Node_03364,6,[. O . | X X O | O X .],9,0.1986,3,"[1, 3, 9]",0.0196,,0.0,,,,,,0.1986,"(0, -1, 0, 1, 1, -1, -1, 1, 0)"
Node_03365,6,[. X O | . O . | X O X],4,0.1981,3,"[1, 4, 6]",0.0709,,,0.1981,,0.0,,,,"(0, 1, -1, 0, -1, 0, 1, -1, 1)"
Node_03366,6,[O . . | X X O | . O X],3,0.1939,3,"[2, 3, 7]",,0.0,0.1939,,,,0.1744,,,"(-1, 0, 0, 1, 1, -1, 0, -1, 1)"
Node_03367,6,[O X . | X O O | . . X],8,0.1925,3,"[3, 7, 8]",,,0.0,,,,0.0376,0.1925,,"(-1, 1, 0, 1, -1, -1, 0, 0, 1)"
Node_03368,6,[O X X | . O . | X O .],9,0.1924,3,"[4, 6, 9]",,,,-0.7951,,-0.6726,,,0.1924,"(-1, 1, 1, 0, -1, 0, 1, -1, 0)"
Node_03369,6,[. . X | X O . | O X O],1,0.1923,3,"[1, 2, 6]",0.1923,-0.6675,,,,-0.8219,,,,"(0, 0, 1, 1, -1, 0, -1, 1, -1)"
Node_03370,6,[O X O | X O . | . X .],7,0.1916,3,"[6, 7, 9]",,,,,,-0.5695,0.1916,,-0.1247,"(-1, 1, -1, 1, -1, 0, 0, 1, 0)"
Node_03371,6,[. . O | . O X | X X O],1,0.1905,3,"[1, 2, 4]",0.1905,-0.3439,,-0.1181,,,,,,"(0, 0, -1, 0, -1, 1, 1, 1, -1)"
Node_03372,6,[O . X | X . X | O . O],5,0.19,3,"[2, 5, 8]",,-0.271,,,0.19,,,0.0843,,"(-1, 0, 1, 1, 0, 1, -1, 0, -1)"
Node_03373,6,[X O O | . . X | . O X],5,0.19,3,"[4, 5, 7]",,,,-0.271,0.19,,0.0939,,,"(1, -1, -1, 0, 0, 1, 0, -1, 1)"
Node_03374,6,[. O O | X . X | O X .],5,0.19,3,"[1, 5, 9]",-0.1,,,,0.19,,,,-0.19,"(0, -1, -1, 1, 0, 1, -1, 1, 0)"
Node_03375,6,[. X O | O . . | X X O],5,0.19,3,"[1, 5, 6]",-0.1,,,,0.19,0.0,,,,"(0, 1, -1, -1, 0, 0, 1, 1, -1)"
Node_03376,6,[O X . | X . . | O X O],5,0.19,3,"[3, 5, 6]",,,0.0095,,0.19,-0.1708,,,,"(-1, 1, 0, 1, 0, 0, -1, 1, -1)"
Node_03377,6,[. O . | X . X | X O O],1,0.19,3,"[1, 3, 5]",0.19,,-0.271,,0.19,,,,,"(0, -1, 0, 1, 0, 1, 1, -1, -1)"
Node_03378,6,[O X O | X . . | . X O],5,0.19,3,"[5, 6, 7]",,,,,0.19,0.0556,-0.4095,,,"(-1, 1, -1, 1, 0, 0, 0, 1, -1)"
Node_03379,6,[. . O | O . X | X O X],5,0.1878,3,"[1, 2, 5]",0.1729,0.0,,,0.1878,,,,,"(0, 0, -1, -1, 0, 1, 1, -1, 1)"
Node_03380,6,[O X . | O . X | . O X],7,0.1873,3,"[3, 5, 7]",,,0.1,,0.0,,0.1873,,,"(-1, 1, 0, -1, 0, 1, 0, -1, 1)"
Node_03381,6,[O X O | X . O | X . .],9,0.1868,3,"[5, 8, 9]",,,,,-0.1,,,0.0803,0.1868,"(-1, 1, -1, 1, 0, -1, 1, 0, 0)"
Node_03382,6,[. O . | X X O | . X O],3,0.185,3,"[1, 3, 7]",-0.7117,,0.185,,,,-0.2593,,,"(0, -1, 0, 1, 1, -1, 0, 1, -1)"
Node_03383,6,[. O X | . O . | X X O],1,0.1847,3,"[1, 4, 6]",0.1847,,,-0.5711,,-0.5811,,,,"(0, -1, 1, 0, -1, 0, 1, 1, -1)"
Node_03384,6,[O O X | X . . | . X O],5,0.18,3,"[5, 6, 7]",,,,,0.18,-0.0575,-0.4095,,,"(-1, -1, 1, 1, 0, 0, 0, 1, -1)"
Node_03385,6,[O X O | . . X | . O X],5,0.18,3,"[4, 5, 7]",,,,0.1192,0.18,,0.0,,,"(-1, 1, -1, 0, 0, 1, 0, -1, 1)"
Node_03386,6,[X O . | X . . | O X O],5,0.1762,3,"[3, 5, 6]",,,0.0,,0.1762,0.1148,,,,"(1, -1, 0, 1, 0, 0, -1, 1, -1)"
Node_03387,6,[. X X | O . X | . O O],7,0.1753,3,"[1, 5, 7]",0.1,,,,0.0598,,0.1753,,,"(0, 1, 1, -1, 0, 1, 0, -1, -1)"
Node_03388,6,[X O . | O O X | X . .],8,0.1675,3,"[3, 8, 9]",,,-0.7521,,,,,0.1675,-0.6856,"(1, -1, 0, -1, -1, 1, 1, 0, 0)"
Node_03389,6,[X . . | X O O | O . X],3,0.167,3,"[2, 3, 8]",,-0.1893,0.167,,,,,-0.6271,,"(1, 0, 0, 1, -1, -1, -1, 0, 1)"
Node_03390,6,[. O . | O X X | O X .],1,0.1651,3,"[1, 3, 9]",0.1651,,-0.8136,,,,,,-0.6515,"(0, -1, 0, -1, 1, 1, -1, 1, 0)"
Node_03391,6,[O . X | X O O | X . .],9,0.1632,3,"[2, 8, 9]",,-0.4355,,,,,,-0.6965,0.1632,"(-1, 0, 1, 1, -1, -1, 1, 0, 0)"
Node_03392,6,[. X . | X O O | O X .],3,0.16,3,"[1, 3, 9]",-0.0601,,0.16,,,,,,-0.3439,"(0, 1, 0, 1, -1, -1, -1, 1, 0)"
Node_03393,6,[. . X | O . O | X O X],1,0.1597,3,"[1, 2, 5]",0.1597,-0.3439,,,0.1,,,,,"(0, 0, 1, -1, 0, -1, 1, -1, 1)"
Node_03394,6,[X X O | X . . | O O .],9,0.1596,3,"[5, 6, 9]",,,,,-0.19,-0.271,,,0.1596,"(1, 1, -1, 1, 0, 0, -1, -1, 0)"
Node_03395,6,[O X X | X O . | . O .],9,0.1582,3,"[6, 7, 9]",,,,,,-0.5426,-0.6842,,0.1582,"(-1, 1, 1, 1, -1, 0, 0, -1, 0)"
Node_03396,6,[X . O | X . O | O X .],9,0.1582,3,"[2, 5, 9]",,-0.271,,,0.0487,,,,0.1582,"(1, 0, -1, 1, 0, -1, -1, 1, 0)"
Node_03397,6,[. X . | O O . | X O X],6,0.1562,3,"[1, 3, 6]",-0.9338,,-0.6944,,,0.1562,,,,"(0, 1, 0, -1, -1, 0, 1, -1, 1)"
Node_03398,6,[. X O | O . X | . O X],1,0.1532,3,"[1, 5, 7]",0.1532,,,,0.15,,0.0,,,"(0, 1, -1, -1, 0, 1, 0, -1, 1)"
Node_03399,6,[O X O | X . . | . O X],6,0.1519,3,"[5, 6, 7]",,,,,0.1455,0.1519,0.0,,,"(-1, 1, -1, 1, 0, 0, 0, -1, 1)"
Node_03400,6,[X O O | X . . | O . X],8,0.1517,3,"[5, 6, 8]",,,,,0.1,0.1081,,0.1517,,"(1, -1, -1, 1, 0, 0, -1, 0, 1)"
Node_03401,6,[. X O | O O X | . X .],7,0.1493,3,"[1, 7, 9]",-0.3029,,,,,,0.1493,,-0.5217,"(0, 1, -1, -1, -1, 1, 0, 1, 0)"
Node_03402,6,[. O . | X . O | O X X],1,0.149,3,"[1, 3, 5]",0.149,,0.0,,0.0,,,,,"(0, -1, 0, 1, 0, -1, -1, 1, 1)"
Node_03403,6,[. X . | X O X | O O .],3,0.1488,3,"[1, 3, 9]",-0.271,,0.1488,,,,,,0.0002,"(0, 1, 0, 1, -1, 1, -1, -1, 0)"
Node_03404,6,[. O X | X . . | O X O],5,0.1455,3,"[1, 5, 6]",0.0,,,,0.1455,0.131,,,,"(0, -1, 1, 1, 0, 0, -1, 1, -1)"
Node_03405,6,[. O X | O . X | . X O],5,0.1438,3,"[1, 5, 7]",0.0,,,,0.1438,,0.1415,,,"(0, -1, 1, -1, 0, 1, 0, 1, -1)"
Node_03406,6,[. . X | . O X | O X O],1,0.141,3,"[1, 2, 4]",0.141,-0.2146,,-0.8115,,,,,,"(0, 0, 1, 0, -1, 1, -1, 1, -1)"
Node_03407,6,[O O . | X X O | . X .],3,0.141,3,"[3, 7, 9]",,,0.141,,,,-0.4675,,-0.6247,"(-1, -1, 0, 1, 1, -1, 0, 1, 0)"
Node_03408,6,[O X O | . O X | . . X],7,0.1325,3,"[4, 7, 8]",,,,-0.8382,,,0.1325,-0.4396,,"(-1, 1, -1, 0, -1, 1, 0, 0, 1)"
Node_03409,6,[X O . | O . X | X . O],3,0.131,3,"[3, 5, 8]",,,0.131,,0.1307,,,0.0,,"(1, -1, 0, -1, 0, 1, 1, 0, -1)"
Node_03410,6,[X . O | O O X | . . X],7,0.1294,3,"[2, 7, 8]",,-0.5406,,,,,0.1294,-0.4777,,"(1, 0, -1, -1, -1, 1, 0, 0, 1)"
Node_03411,6,[X O . | . X O | . X O],3,0.1234,3,"[3, 4, 7]",,,0.1234,-0.71,,,-0.5751,,,"(1, -1, 0, 0, 1, -1, 0, 1, -1)"
Node_03412,6,[X . . | X O . | O X O],3,0.1194,3,"[2, 3, 6]",,-0.3977,0.1194,,,-0.5035,,,,"(1, 0, 0, 1, -1, 0, -1, 1, -1)"
Node_03413,6,[X O O | . X . | . X O],6,0.1153,3,"[4, 6, 7]",,,,-0.3692,,0.1153,-0.9009,,,"(1, -1, -1, 0, 1, 0, 0, 1, -1)"
Node_03414,6,[. O X | X O . | . X O],1,0.11,3,"[1, 6, 7]",0.11,,,,,-0.8371,-0.606,,,"(0, -1, 1, 1, -1, 0, 0, 1, -1)"
Node_03415,6,[X O . | . O X | O X .],3,0.1091,3,"[3, 4, 9]",,,0.1091,-0.6667,,,,,-0.4145,"(1, -1, 0, 0, -1, 1, -1, 1, 0)"
Node_03416,6,[. O . | O X X | . X O],3,0.105,3,"[1, 3, 7]",0.0,,0.105,,,,0.0053,,,"(0, -1, 0, -1, 1, 1, 0, 1, -1)"
Node_03417,6,[O X . | O X . | . O X],7,0.1045,3,"[3, 6, 7]",,,-0.4296,,,-0.5745,0.1045,,,"(-1, 1, 0, -1, 1, 0, 0, -1, 1)"
Node_03418,6,[X O X | O . . | . X O],7,0.1041,3,"[5, 6, 7]",,,,,0.0,0.0,0.1041,,,"(1, -1, 1, -1, 0, 0, 0, 1, -1)"
Node_03419,6,[X O X | . O . | . X O],7,0.1025,3,"[4, 6, 7]",,,,0.0646,,0.0,0.1025,,,"(1, -1, 1, 0, -1, 0, 0, 1, -1)"
Node_03420,6,[O X O | X . . | O X .],5,0.1,3,"[5, 6, 9]",,,,,0.1,-0.1,,,0.0658,"(-1, 1, -1, 1, 0, 0, -1, 1, 0)"
Node_03421,6,[. O X | X . X | O O .],5,0.1,3,"[1, 5, 9]",0.0,,,,0.1,,,,0.1,"(0, -1, 1, 1, 0, 1, -1, -1, 0)"
Node_03422,6,[X O X | . O . | O X .],6,0.0998,3,"[4, 6, 9]",,,,0.0,,0.0998,,,0.0944,"(1, -1, 1, 0, -1, 0, -1, 1, 0)"
Node_03423,6,[. . X | O O X | . X O],1,0.0974,3,"[1, 2, 7]",0.0974,-0.6588,,,,,-0.8444,,,"(0, 0, 1, -1, -1, 1, 0, 1, -1)"
Node_03424,6,[. . X | X O O | O X .],2,0.0952,3,"[1, 2, 9]",0.095,0.0952,,,,,,,0.0,"(0, 0, 1, 1, -1, -1, -1, 1, 0)"
Node_03425,6,[. X O | O O X | . . X],7,0.091,3,"[1, 7, 8]",-0.7924,,,,,,0.091,-0.5437,,"(0, 1, -1, -1, -1, 1, 0, 0, 1)"
Node_03426,6,[X O . | . O . | O X X],3,0.0886,3,"[3, 4, 6]",,,0.0886,-0.8449,,-0.3673,,,,"(1, -1, 0, 0, -1, 0, -1, 1, 1)"
Node_03427,6,[X . . | O X X | O . O],8,0.0882,3,"[2, 3, 8]",,-0.4183,-0.7951,,,,,0.0882,,"(1, 0, 0, -1, 1, 1, -1, 0, -1)"
Node_03428,6,[O . X | O . X | . X O],5,0.0873,3,"[2, 5, 7]",,-0.271,,,0.0873,,-0.0323,,,"(-1, 0, 1, -1, 0, 1, 0, 1, -1)"
Node_03429,6,[O . O | X X O | . . X],2,0.0861,3,"[2, 7, 8]",,0.0861,,,,,-0.7236,-0.5714,,"(-1, 0, -1, 1, 1, -1, 0, 0, 1)"
Node_03430,6,[X . O | O O X | . X .],7,0.0832,3,"[2, 7, 9]",,-0.7338,,,,,0.0832,,-0.366,"(1, 0, -1, -1, -1, 1, 0, 1, 0)"
Node_03431,6,[O O . | X . . | O X X],6,0.0803,3,"[3, 5, 6]",,,0.0,,-0.1,0.0803,,,,"(-1, -1, 0, 1, 0, 0, -1, 1, 1)"
Node_03432,6,[. X O | X O X | . . O],7,0.0735,3,"[1, 7, 8]",-0.0276,,,,,,0.0735,-0.5695,,"(0, 1, -1, 1, -1, 1, 0, 0, -1)"
Node_03433,6,[O X . | . O X | X O .],9,0.0709,3,"[3, 4, 9]",,,-0.5268,-0.9205,,,,,0.0709,"(-1, 1, 0, 0, -1, 1, 1, -1, 0)"
Node_03434,6,[. X . | X X O | O O .],9,0.0682,3,"[1, 3, 9]",-0.673,,-0.6837,,,,,,0.0682,"(0, 1, 0, 1, 1, -1, -1, -1, 0)"
Node_03435,6,[. X O | . O X | X . O],1,0.0647,3,"[1, 4, 8]",0.0647,,,-0.3236,,,,-0.5444,,"(0, 1, -1, 0, -1, 1, 1, 0, -1)"
Node_03436,6,[X O . | X . . | O O X],3,0.0641,3,"[3, 5, 6]",,,0.0641,,0.0,-0.1,,,,"(1, -1, 0, 1, 0, 0, -1, -1, 1)"
Node_03437,6,[X X O | . O . | . O X],7,0.0599,3,"[4, 6, 7]",,,,-0.0743,,-0.4949,0.0599,,,"(1, 1, -1, 0, -1, 0, 0, -1, 1)"
Node_03438,6,[X . . | X O O | O X .],3,0.0548,3,"[2, 3, 9]",,-0.1175,0.0548,,,,,,-0.6299,"(1, 0, 0, 1, -1, -1, -1, 1, 0)"
Node_03439,6,[X O X | O O . | . X .],6,0.0537,3,"[6, 7, 9]",,,,,,0.0537,-0.5834,,-0.5774,"(1, -1, 1, -1, -1, 0, 0, 1, 0)"
Node_03440,6,[O O X | X O . | X . .],8,0.0517,3,"[6, 8, 9]",,,,,,-0.5217,,0.0517,0.0066,"(-1, -1, 1, 1, -1, 0, 1, 0, 0)"
Node_03441,6,[O X X | . . X | . O O],5,0.0504,3,"[4, 5, 7]",,,,-0.271,0.0504,,-0.2696,,,"(-1, 1, 1, 0, 0, 1, 0, -1, -1)"
Node_03442,6,[. O X | . X O | O X .],1,0.0457,3,"[1, 4, 9]",0.0457,,,0.0,,,,,0.0454,"(0, -1, 1, 0, 1, -1, -1, 1, 0)"
Node_03443,6,[O O . | X X O | . . X],3,0.0427,3,"[3, 7, 8]",,,0.0427,,,,-0.3985,-0.6867,,"(-1, -1, 0, 1, 1, -1, 0, 0, 1)"
Node_03444,6,[. X O | X O . | . O X],7,0.0322,3,"[1, 6, 7]",-0.7266,,,,,-0.8663,0.0322,,,"(0, 1, -1, 1, -1, 0, 0, -1, 1)"
Node_03445,6,[O X O | . O X | X . .],9,0.0291,3,"[4, 8, 9]",,,,-0.2832,,,,-0.2277,0.0291,"(-1, 1, -1, 0, -1, 1, 1, 0, 0)"
Node_03446,6,[. O O | O X X | . X .],1,0.0283,3,"[1, 7, 9]",0.0283,,,,,,-0.7395,,-0.4417,"(0, -1, -1, -1, 1, 1, 0, 1, 0)"
Node_03447,6,[X . O | O X X | . . O],2,0.0257,3,"[2, 7, 8]",,0.0257,,,,,0.0,0.0025,,"(1, 0, -1, -1, 1, 1, 0, 0, -1)"
Node_03448,6,[X . . | O O X | X O .],2,0.024,3,"[2, 3, 9]",,0.024,-0.0292,,,,,,-0.5388,"(1, 0, 0, -1, -1, 1, 1, -1, 0)"
Node_03449,6,[. . X | X X O | O . O],8,0.0238,3,"[1, 2, 8]",-0.8729,-0.3171,,,,,,0.0238,,"(0, 0, 1, 1, 1, -1, -1, 0, -1)"
Node_03450,6,[. X O | . X . | X O O],6,0.0227,3,"[1, 4, 6]",-0.8139,,,-0.7489,,0.0227,,,,"(0, 1, -1, 0, 1, 0, 1, -1, -1)"
Node_03451,6,[O X O | X O . | . . X],7,0.0211,3,"[6, 7, 8]",,,,,,-0.4767,0.0211,-0.5169,,"(-1, 1, -1, 1, -1, 0, 0, 0, 1)"
Node_03452,6,[. X . | O X X | . O O],7,0.0189,3,"[1, 3, 7]",-0.7998,,-0.7459,,,,0.0189,,,"(0, 1, 0, -1, 1, 1, 0, -1, -1)"
Node_03453,6,[O . X | X X O | O . .],8,0.0176,3,"[2, 8, 9]",,0.0097,,,,,,0.0176,0.0,"(-1, 0, 1, 1, 1, -1, -1, 0, 0)"
Node_03454,6,[. . O | O X X | X . O],2,0.0169,3,"[1, 2, 8]",0.0,0.0169,,,,,,0.0033,,"(0, 0, -1, -1, 1, 1, 1, 0, -1)"
Node_03455,6,[O X O | . X . | X O .],6,0.016,3,"[4, 6, 9]",,,,0.0007,,0.016,,,0.0,"(-1, 1, -1, 0, 1, 0, 1, -1, 0)"
Node_03456,6,[X O . | . X . | O X O],4,0.0158,3,"[3, 4, 6]",,,0.0,0.0158,,0.0028,,,,"(1, -1, 0, 0, 1, 0, -1, 1, -1)"
Node_03457,6,[. X O | X X O | . O .],9,0.0148,3,"[1, 7, 9]",-0.3107,,,,,,-0.6784,,0.0148,"(0, 1, -1, 1, 1, -1, 0, -1, 0)"
Node_03458,6,[O O X | . X . | O X .],4,0.0134,3,"[4, 6, 9]",,,,0.0134,,-0.7109,,,-0.8727,"(-1, -1, 1, 0, 1, 0, -1, 1, 0)"
Node_03459,6,[. X O | O X X | . O .],9,0.0129,3,"[1, 7, 9]",0.0125,,,,,,0.0,,0.0129,"(0, 1, -1, -1, 1, 1, 0, -1, 0)"
Node_03460,6,[O . . | X X O | O . X],8,0.0094,3,"[2, 3, 8]",,0.0087,0.0,,,,,0.0094,,"(-1, 0, 0, 1, 1, -1, -1, 0, 1)"
Node_03461,6,[O X . | . X . | O O X],4,0.0087,3,"[3, 4, 6]",,,-0.8404,0.0087,,-0.9077,,,,"(-1, 1, 0, 0, 1, 0, -1, -1, 1)"
Node_03462,6,[O X . | X X O | . O .],3,0.0086,3,"[3, 7, 9]",,,0.0086,,,,0.0026,,0.0,"(-1, 1, 0, 1, 1, -1, 0, -1, 0)"
Node_03463,6,[X X O | . . X | . O O],4,0.008,3,"[4, 5, 7]",,,,0.008,-0.09,,0.0,,,"(1, 1, -1, 0, 0, 1, 0, -1, -1)"
Node_03464,6,[O . O | O X X | X . .],2,0.0074,3,"[2, 8, 9]",,0.0074,,,,,,-0.3984,-0.8264,"(-1, 0, -1, -1, 1, 1, 1, 0, 0)"
Node_03465,6,[. X . | X O O | O . X],3,0.0041,3,"[1, 3, 8]",-0.5452,,0.0041,,,,,-0.9367,,"(0, 1, 0, 1, -1, -1, -1, 0, 1)"
Node_03466,6,[. O X | . X . | O X O],4,0.0038,3,"[1, 4, 6]",0.0,,,0.0038,,0.0035,,,,"(0, -1, 1, 0, 1, 0, -1, 1, -1)"
Node_03467,6,[X X O | . O X | . O .],7,0.0021,3,"[4, 7, 9]",,,,-0.5243,,,0.0021,,-0.5557,"(1, 1, -1, 0, -1, 1, 0, -1, 0)"
Node_03468,6,[O . O | X . . | O X X],5,0.0001,3,"[2, 5, 6]",,-0.0924,,,0.0001,-0.1,,,,"(-1, 0, -1, 1, 0, 0, -1, 1, 1)"
Node_03469,6,[. O X | . O X | . X O],1,0.0,3,"[1, 4, 7]",0.0,,,-0.4966,,,-0.181,,,"(0, -1, 1, 0, -1, 1, 0, 1, -1)"
Node_03470,6,[X . O | O X . | X . O],6,0.0,3,"[2, 6, 8]",,-0.6978,,,,0.0,,-0.5924,,"(1, 0, -1, -1, 1, 0, 1, 0, -1)"
Node_03471,6,[. . . | O O X | X X O],1,0.0,3,"[1, 2, 3]",0.0,-0.5196,-0.2981,,,,,,,"(0, 0, 0, -1, -1, 1, 1, 1, -1)"
Node_03472,6,[X X O | O O X | . . .],7,0.0,3,"[7, 8, 9]",,,,,,,0.0,-0.271,-0.6107,"(1, 1, -1, -1, -1, 1, 0, 0, 0)"
Node_03473,6,[X X O | O . . | X . O],6,0.0,3,"[5, 6, 8]",,,,,-0.2366,0.0,,-0.4095,,"(1, 1, -1, -1, 0, 0, 1, 0, -1)"
Node_03474,6,[X . O | O . X | X . O],2,0.0,3,"[2, 5, 8]",,0.0,,,0.0,,,0.0,,"(1, 0, -1, -1, 0, 1, 1, 0, -1)"
Node_03475,6,[X . O | O . . | X X O],6,0.0,3,"[2, 5, 6]",,-0.2817,,,-0.3129,0.0,,,,"(1, 0, -1, -1, 0, 0, 1, 1, -1)"
Node_03476,6,[O . O | X . . | X O X],2,0.0,3,"[2, 5, 6]",,0.0,,,-0.3686,-0.081,,,,"(-1, 0, -1, 1, 0, 0, 1, -1, 1)"
Node_03477,6,[X . . | O O . | X X O],6,0.0,3,"[2, 3, 6]",,-0.826,-0.7467,,,0.0,,,,"(1, 0, 0, -1, -1, 0, 1, 1, -1)"
Node_03478,6,[. . O | . O X | X O X],2,0.0,3,"[1, 2, 4]",-0.8143,0.0,,-0.8836,,,,,,"(0, 0, -1, 0, -1, 1, 1, -1, 1)"
Node_03479,6,[X O . | X O . | O X .],3,0.0,3,"[3, 6, 9]",,,0.0,,,-0.2957,,,-0.3876,"(1, -1, 0, 1, -1, 0, -1, 1, 0)"
Node_03480,6,[O X X | X O O | . . .],9,0.0,3,"[7, 8, 9]",,,,,,,-0.3366,-0.357,0.0,"(-1, 1, 1, 1, -1, -1, 0, 0, 0)"
Node_03481,6,[X O X | . . X | O . O],8,0.0,3,"[4, 5, 8]",,,,-0.3817,-0.216,,,0.0,,"(1, -1, 1, 0, 0, 1, -1, 0, -1)"
Node_03482,6,[O . . | X O . | X O X],2,0.0,3,"[2, 3, 6]",,0.0,-0.7285,,,-0.867,,,,"(-1, 0, 0, 1, -1, 0, 1, -1, 1)"
Node_03483,6,[. X O | O . X | X O .],1,0.0,3,"[1, 5, 9]",0.0,,,,0.0,,,,0.0,"(0, 1, -1, -1, 0, 1, 1, -1, 0)"
Node_03484,6,[O X X | . . O | O . X],4,0.0,3,"[4, 5, 8]",,,,0.0,-0.181,,,-0.2366,,"(-1, 1, 1, 0, 0, -1, -1, 0, 1)"
Node_03485,6,[O X O | . . . | X O X],4,0.0,3,"[4, 5, 6]",,,,0.0,0.0,0.0,,,,"(-1, 1, -1, 0, 0, 0, 1, -1, 1)"
Node_03486,6,[. X O | . O X | . O X],7,0.0,3,"[1, 4, 7]",-0.3017,,,-0.3195,,,0.0,,,"(0, 1, -1, 0, -1, 1, 0, -1, 1)"
Node_03487,6,[O . X | X . O | O . X],2,0.0,3,"[2, 5, 8]",,0.0,,,0.0,,,0.0,,"(-1, 0, 1, 1, 0, -1, -1, 0, 1)"
Node_03488,6,[O . O | . X . | X O X],2,0.0,3,"[2, 4, 6]",,0.0,,-0.6295,,-0.5555,,,,"(-1, 0, -1, 0, 1, 0, 1, -1, 1)"
Node_03489,6,[X O . | O . X | . X O],3,0.0,3,"[3, 5, 7]",,,0.0,,0.0,,0.0,,,"(1, -1, 0, -1, 0, 1, 0, 1, -1)"
Node_03490,6,[. . X | . O O | O X X],4,0.0,3,"[1, 2, 4]",-0.867,-0.8425,,0.0,,,,,,"(0, 0, 1, 0, -1, -1, -1, 1, 1)"
Node_03491,6,[O . O | . . X | X O X],2,0.0,3,"[2, 4, 5]",,0.0,,-0.19,-0.1466,,,,,"(-1, 0, -1, 0, 0, 1, 1, -1, 1)"
Node_03492,6,[X O X | X O . | O . .],8,0.0,3,"[6, 8, 9]",,,,,,-0.8642,,0.0,-0.8493,"(1, -1, 1, 1, -1, 0, -1, 0, 0)"
Node_03493,6,[X X O | O O . | X . .],6,0.0,3,"[6, 8, 9]",,,,,,0.0,,-0.7534,-0.7853,"(1, 1, -1, -1, -1, 0, 1, 0, 0)"
Node_03494,6,[X O X | . . . | O X O],4,0.0,3,"[4, 5, 6]",,,,0.0,0.0,0.0,,,,"(1, -1, 1, 0, 0, 0, -1, 1, -1)"
Node_03495,6,[O . X | . . O | O X X],4,0.0,3,"[2, 4, 5]",,-0.181,,0.0,-0.1729,,,,,"(-1, 0, 1, 0, 0, -1, -1, 1, 1)"
Node_03496,6,[X O X | . O X | . . O],8,0.0,3,"[4, 7, 8]",,,,-0.8654,,,-0.7267,0.0,,"(1, -1, 1, 0, -1, 1, 0, 0, -1)"
Node_03497,6,[. . . | X O O | O X X],3,0.0,3,"[1, 2, 3]",-0.3195,-0.3751,0.0,,,,,,,"(0, 0, 0, 1, -1, -1, -1, 1, 1)"
Node_03498,6,[X O X | . X . | O . O],8,0.0,3,"[4, 6, 8]",,,,-0.4707,,-0.5567,,0.0,,"(1, -1, 1, 0, 1, 0, -1, 0, -1)"
Node_03499,6,[O X . | X O . | X O .],9,0.0,3,"[3, 6, 9]",,,-0.4295,,,-0.3985,,,0.0,"(-1, 1, 0, 1, -1, 0, 1, -1, 0)"
Node_03500,6,[O X . | . . O | X X O],5,0.0,3,"[3, 4, 5]",,,-0.2641,-0.19,0.0,,,,,"(-1, 1, 0, 0, 0, -1, 1, 1, -1)"
Node_03501,6,[X O X | X . . | O . O],8,0.0,3,"[5, 6, 8]",,,,,-0.4497,-0.3295,,0.0,,"(1, -1, 1, 1, 0, 0, -1, 0, -1)"
Node_03502,6,[. O X | X . O | O X .],1,0.0,3,"[1, 5, 9]",0.0,,,,0.0,,,,0.0,"(0, -1, 1, 1, 0, -1, -1, 1, 0)"
Node_03503,6,[O X X | . O O | . . X],4,0.0,3,"[4, 7, 8]",,,,0.0,,,-0.9271,-0.9631,,"(-1, 1, 1, 0, -1, -1, 0, 0, 1)"
Node_03504,6,[O X . | X . O | . O X],3,0.0,3,"[3, 5, 7]",,,0.0,,0.0,,0.0,,,"(-1, 1, 0, 1, 0, -1, 0, -1, 1)"
Node_03505,6,[O . X | . X O | O . X],4,0.0,3,"[2, 4, 8]",,-0.4298,,0.0,,,,-0.6796,,"(-1, 0, 1, 0, 1, -1, -1, 0, 1)"
Node_03506,6,[O X X | O O . | X . .],9,-0.0024,3,"[6, 8, 9]",,,,,,-0.271,,-0.7458,-0.0024,"(-1, 1, 1, -1, -1, 0, 1, 0, 0)"
Node_03507,6,[. X . | X X O | . O O],3,-0.0079,3,"[1, 3, 7]",-0.6126,,-0.0079,,,,-0.1359,,,"(0, 1, 0, 1, 1, -1, 0, -1, -1)"
Node_03508,6,[X X O | . O O | . . X],7,-0.0172,3,"[4, 7, 8]",,,,-0.1356,,,-0.0172,-0.5695,,"(1, 1, -1, 0, -1, -1, 0, 0, 1)"
Node_03509,6,[O O . | X . . | X X O],3,-0.0287,3,"[3, 5, 6]",,,-0.0287,,-0.173,-0.4686,,,,"(-1, -1, 0, 1, 0, 0, 1, 1, -1)"
Node_03510,6,[O X O | . O X | . X .],7,-0.0313,3,"[4, 7, 9]",,,,-0.4095,,,-0.0313,,-0.1469,"(-1, 1, -1, 0, -1, 1, 0, 1, 0)"
Node_03511,6,[. X O | X O O | . X .],9,-0.0497,3,"[1, 7, 9]",-0.5217,,,,,,-0.0942,,-0.0497,"(0, 1, -1, 1, -1, -1, 0, 1, 0)"
Node_03512,6,[O X O | . . X | O . X],4,-0.0498,3,"[4, 5, 8]",,,,-0.0498,-0.1397,,,-0.4686,,"(-1, 1, -1, 0, 0, 1, -1, 0, 1)"
Node_03513,6,[O . O | . . X | X X O],2,-0.0589,3,"[2, 4, 5]",,-0.0589,,-0.4686,-0.3614,,,,,"(-1, 0, -1, 0, 0, 1, 1, 1, -1)"
Node_03514,6,[. X . | X O O | . X O],3,-0.0666,3,"[1, 3, 7]",-0.0752,,-0.0666,,,,-0.271,,,"(0, 1, 0, 1, -1, -1, 0, 1, -1)"
Node_03515,6,[. X . | O O X | O X .],1,-0.0983,3,"[1, 3, 9]",-0.0983,,-0.1295,,,,,,-0.4095,"(0, 1, 0, -1, -1, 1, -1, 1, 0)"
Node_03516,6,[. . O | X O X | . X O],7,-0.099,3,"[1, 2, 7]",-0.6126,-0.6126,,,,,-0.099,,,"(0, 0, -1, 1, -1, 1, 0, 1, -1)"
Node_03517,6,[. O O | X . . | O X X],5,-0.1,3,"[1, 5, 6]",-0.2683,,,,-0.1,-0.1,,,,"(0, -1, -1, 1, 0, 0, -1, 1, 1)"
Node_03518,6,[O O . | . . X | X X O],3,-0.1178,3,"[3, 4, 5]",,,-0.1178,-0.4686,-0.1758,,,,,"(-1, -1, 0, 0, 0, 1, 1, 1, -1)"
Node_03519,6,[O X O | X . . | X . O],6,-0.1202,3,"[5, 6, 8]",,,,,-0.1906,-0.1202,,-0.5217,,"(-1, 1, -1, 1, 0, 0, 1, 0, -1)"
Node_03520,6,[O X X | O . X | . . O],7,-0.1207,3,"[5, 7, 8]",,,,,-0.1326,,-0.1207,-0.19,,"(-1, 1, 1, -1, 0, 1, 0, 0, -1)"
Node_03521,6,[O . . | X . O | X X O],3,-0.1247,3,"[2, 3, 5]",,-0.5217,-0.1247,,-0.187,,,,,"(-1, 0, 0, 1, 0, -1, 1, 1, -1)"
Node_03522,6,[. . X | . O O | X X O],4,-0.1381,3,"[1, 2, 4]",-0.1837,-0.4095,,-0.1381,,,,,,"(0, 0, 1, 0, -1, -1, 1, 1, -1)"
Node_03523,6,[. . O | O . X | O X X],1,-0.1478,3,"[1, 2, 5]",-0.1478,-0.271,,,-0.271,,,,,"(0, 0, -1, -1, 0, 1, -1, 1, 1)"
Node_03524,6,[X X O | . . X | O . O],5,-0.1482,3,"[4, 5, 8]",,,,-0.19,-0.1482,,,-0.2424,,"(1, 1, -1, 0, 0, 1, -1, 0, -1)"
Node_03525,6,[X . . | O . O | X X O],3,-0.1618,3,"[2, 3, 5]",,-0.271,-0.1618,,-0.2976,,,,,"(1, 0, 0, -1, 0, -1, 1, 1, -1)"
Node_03526,6,[X . . | O O . | O X X],3,-0.1668,3,"[2, 3, 6]",,-0.5695,-0.1668,,,-0.1953,,,,"(1, 0, 0, -1, -1, 0, -1, 1, 1)"
Node_03527,6,[. . X | . O X | X O O],2,-0.1733,3,"[1, 2, 4]",-0.2863,-0.1733,,-0.4095,,,,,,"(0, 0, 1, 0, -1, 1, 1, -1, -1)"
Node_03528,6,[. O O | X O X | . X .],1,-0.2174,3,"[1, 7, 9]",-0.2174,,,,,,-0.2641,,-0.3439,"(0, -1, -1, 1, -1, 1, 0, 1, 0)"
Node_03529,6,[X . O | X . . | O X O],6,-0.2217,3,"[2, 5, 6]",,-0.6126,,,-0.2362,-0.2217,,,,"(1, 0, -1, 1, 0, 0, -1, 1, -1)"
Node_03530,6,[O X X | X . . | . O O],5,-0.2275,3,"[5, 6, 7]",,,,,-0.2275,-0.271,-0.3193,,,"(-1, 1, 1, 1, 0, 0, 0, -1, -1)"
Node_03531,6,[O X . | X . O | X . O],3,-0.2303,3,"[3, 5, 8]",,,-0.2303,,-0.2991,,,-0.271,,"(-1, 1, 0, 1, 0, -1, 1, 0, -1)"
Node_03532,6,[X X O | X . O | O . .],9,-0.2406,3,"[5, 8, 9]",,,,,-0.2649,,,-0.6862,-0.2406,"(1, 1, -1, 1, 0, -1, -1, 0, 0)"
Node_03533,6,[. X . | X O X | . O O],1,-0.2478,3,"[1, 3, 7]",-0.2478,,-0.4686,,,,-0.3122,,,"(0, 1, 0, 1, -1, 1, 0, -1, -1)"
Node_03534,6,[O . X | . . X | O X O],4,-0.2479,3,"[2, 4, 5]",,-0.5217,,-0.2479,-0.2985,,,,,"(-1, 0, 1, 0, 0, 1, -1, 1, -1)"
Node_03535,6,[O X . | X O . | O X .],3,-0.2556,3,"[3, 6, 9]",,,-0.2556,,,-0.271,,,-0.3147,"(-1, 1, 0, 1, -1, 0, -1, 1, 0)"
Node_03536,6,[O . . | X O X | O X .],9,-0.2748,3,"[2, 3, 9]",,-0.3439,-0.3409,,,,,,-0.2748,"(-1, 0, 0, 1, -1, 1, -1, 1, 0)"
Node_03537,6,[. X . | . O X | O X O],3,-0.2851,3,"[1, 3, 4]",-0.3534,,-0.2851,-0.4095,,,,,,"(0, 1, 0, 0, -1, 1, -1, 1, -1)"
Node_03538,6,[O O . | X O X | . X .],3,-0.2953,3,"[3, 7, 9]",,,-0.2953,,,,-0.4095,,-0.3908,"(-1, -1, 0, 1, -1, 1, 0, 1, 0)"
Node_03539,6,[O X . | O O X | . X .],7,-0.3063,3,"[3, 7, 9]",,,-0.3439,,,,-0.3063,,-0.3415,"(-1, 1, 0, -1, -1, 1, 0, 1, 0)"
Node_03540,6,[O X X | X . . | O . O],5,-0.3153,3,"[5, 6, 8]",,,,,-0.3153,-0.6513,,-0.5695,,"(-1, 1, 1, 1, 0, 0, -1, 0, -1)"
Node_03541,6,[. O O | X X O | . X .],1,-0.3297,3,"[1, 7, 9]",-0.3297,,,,,,-0.6513,,-0.5593,"(0, -1, -1, 1, 1, -1, 0, 1, 0)"
Node_03542,6,[X X O | O . O | X . .],5,-0.3317,3,"[5, 8, 9]",,,,,-0.3317,,,-0.4686,-0.351,"(1, 1, -1, -1, 0, -1, 1, 0, 0)"
Node_03543,6,[. X . | . O O | X X O],4,-0.3439,3,"[1, 3, 4]",-0.4095,,-0.4095,-0.3439,,,,,,"(0, 1, 0, 0, -1, -1, 1, 1, -1)"
Node_03544,6,[O . O | . . X | O X X],2,-0.3439,3,"[2, 4, 5]",,-0.3439,,-0.3439,-0.4095,,,,,"(-1, 0, -1, 0, 0, 1, -1, 1, 1)"
Node_03545,6,[. X . | X O . | O X O],3,-0.3945,3,"[1, 3, 6]",-0.4277,,-0.3945,,,-0.6126,,,,"(0, 1, 0, 1, -1, 0, -1, 1, -1)"
Node_03546,6,[. X O | . O X | . X O],4,-0.4095,3,"[1, 4, 7]",-0.4483,,,-0.4095,,,-0.4627,,,"(0, 1, -1, 0, -1, 1, 0, 1, -1)"
Node_03547,6,[O . O | X O X | . . X],8,-0.5217,3,"[2, 7, 8]",,-0.5233,,,,,-0.5553,-0.5217,,"(-1, 0, -1, 1, -1, 1, 0, 0, 1)"
Node_03548,6,[. X . | O X X | O O .],1,-0.5218,3,"[1, 3, 9]",-0.5218,,-0.8332,,,,,,-0.6633,"(0, 1, 0, -1, 1, 1, -1, -1, 0)"
Node_03549,6,[O O . | O X X | . X .],3,-0.5228,3,"[3, 7, 9]",,,-0.5228,,,,-0.5475,,-0.8147,"(-1, -1, 0, -1, 1, 1, 0, 1, 0)"
Node_03550,6,[X . . | X O X | O . O],8,-0.5397,3,"[2, 3, 8]",,-0.6126,-0.5789,,,,,-0.5397,,"(1, 0, 0, 1, -1, 1, -1, 0, -1)"
Node_03551,6,[. X . | O O . | X X O],1,-0.5422,3,"[1, 3, 6]",-0.5422,,-0.6126,,,-0.6237,,,,"(0, 1, 0, -1, -1, 0, 1, 1, -1)"
Node_03552,6,[X O O | . O X | . . X],7,-0.56,3,"[4, 7, 8]",,,,-0.5695,,,-0.56,-0.7604,,"(1, -1, -1, 0, -1, 1, 0, 0, 1)"
Node_03553,6,[O X X | . O O | . X .],9,-0.5603,3,"[4, 7, 9]",,,,-0.6941,,,-0.7712,,-0.5603,"(-1, 1, 1, 0, -1, -1, 0, 1, 0)"
Node_03554,6,[O . O | X . . | X X O],2,-0.5695,3,"[2, 5, 6]",,-0.5695,,,-0.5695,-0.5695,,,,"(-1, 0, -1, 1, 0, 0, 1, 1, -1)"
Node_03555,6,[X O . | X O X | O . .],3,-0.5902,3,"[3, 8, 9]",,,-0.5902,,,,,-0.599,-0.6513,"(1, -1, 0, 1, -1, 1, -1, 0, 0)"
Node_03556,6,[O X . | X O X | O . .],3,-0.592,3,"[3, 8, 9]",,,-0.592,,,,,-0.6126,-0.5925,"(-1, 1, 0, 1, -1, 1, -1, 0, 0)"
Node_03557,6,[O . . | X O X | X O .],9,-0.5937,3,"[2, 3, 9]",,-0.6293,-0.6513,,,,,,-0.5937,"(-1, 0, 0, 1, -1, 1, 1, -1, 0)"
Node_03558,6,[O X . | . O . | O X X],4,-0.6125,3,"[3, 4, 6]",,,-0.7009,-0.6125,,-0.7176,,,,"(-1, 1, 0, 0, -1, 0, -1, 1, 1)"
Node_03559,6,[. . X | . O O | X O X],4,-0.6156,3,"[1, 2, 4]",-0.6513,-0.6461,,-0.6156,,,,,,"(0, 0, 1, 0, -1, -1, 1, -1, 1)"
Node_03560,6,[X X O | O O . | . X .],6,-0.6332,3,"[6, 7, 9]",,,,,,-0.6332,-0.6518,,-0.6513,"(1, 1, -1, -1, -1, 0, 0, 1, 0)"
Node_03561,6,[O X X | . O O | X . .],4,-0.6349,3,"[4, 8, 9]",,,,-0.6349,,,,-0.6513,-0.6513,"(-1, 1, 1, 0, -1, -1, 1, 0, 0)"
Node_03562,6,[. O X | . O X | X . O],1,-0.6352,3,"[1, 4, 8]",-0.6352,,,-0.6513,,,,-0.651,,"(0, -1, 1, 0, -1, 1, 1, 0, -1)"
Node_03563,6,[O X O | X O X | . . .],7,-0.6413,3,"[7, 8, 9]",,,,,,,-0.6413,-0.6513,-0.6618,"(-1, 1, -1, 1, -1, 1, 0, 0, 0)"
Node_03564,6,[X X O | X . . | O . O],5,-0.6513,3,"[5, 6, 8]",,,,,-0.6513,-0.6862,,-0.6862,,"(1, 1, -1, 1, 0, 0, -1, 0, -1)"
Node_03565,6,[. . X | X O X | O . O],8,-0.6694,3,"[1, 2, 8]",-0.6718,-0.6862,,,,,,-0.6694,,"(0, 0, 1, 1, -1, 1, -1, 0, -1)"
Node_03566,6,[. O X | X O X | . . O],1,-0.6802,3,"[1, 7, 8]",-0.6802,,,,,,-0.7458,-0.7345,,"(0, -1, 1, 1, -1, 1, 0, 0, -1)"
Node_03567,6,[. X . | X O X | O . O],3,-0.6862,3,"[1, 3, 8]",-0.7176,,-0.6862,,,,,-0.7176,,"(0, 1, 0, 1, -1, 1, -1, 0, -1)"
Node_03568,6,[. X O | X O . | . X O],6,-0.6862,3,"[1, 6, 7]",-0.7176,,,,,-0.6862,-0.7176,,,"(0, 1, -1, 1, -1, 0, 0, 1, -1)"
Node_03569,6,[O X X | . O . | O X .],9,-0.7095,3,"[4, 6, 9]",,,,-0.7976,,-0.7941,,,-0.7095,"(-1, 1, 1, 0, -1, 0, -1, 1, 0)"
Node_03570,6,[O . X | X O . | X O .],2,-0.7258,3,"[2, 6, 9]",,-0.7258,,,,-0.7458,,,-0.7272,"(-1, 0, 1, 1, -1, 0, 1, -1, 0)"
Node_03571,6,[. . X | X O X | . O O],1,-0.7458,3,"[1, 2, 7]",-0.7458,-0.7458,,,,,-0.7458,,,"(0, 0, 1, 1, -1, 1, 0, -1, -1)"
Node_03572,6,[. X . | . O O | O X X],1,-0.7458,3,"[1, 3, 4]",-0.7458,,-0.7616,-0.7542,,,,,,"(0, 1, 0, 0, -1, -1, -1, 1, 1)"
Node_03573,6,[O . O | X O X | . X .],9,-0.7458,3,"[2, 7, 9]",,-0.7712,,,,,-0.7712,,-0.7458,"(-1, 0, -1, 1, -1, 1, 0, 1, 0)"
Node_03574,6,[O X X | . . X | O . O],4,-0.7458,3,"[4, 5, 8]",,,,-0.7458,-0.7458,,,-0.7458,,"(-1, 1, 1, 0, 0, 1, -1, 0, -1)"
Node_03575,6,[O X X | O O . | . X .],6,-0.7458,3,"[6, 7, 9]",,,,,,-0.7458,-0.7458,,-0.7458,"(-1, 1, 1, -1, -1, 0, 0, 1, 0)"
Node_03576,6,[O O . | X O X | X . .],3,-0.7458,3,"[3, 8, 9]",,,-0.7458,,,,,-0.8147,-0.7458,"(-1, -1, 0, 1, -1, 1, 1, 0, 0)"
Node_03577,6,[. . . | X O X | O X O],1,-0.7752,3,"[1, 2, 3]",-0.7752,-0.8649,-0.7762,,,,,,,"(0, 0, 0, 1, -1, 1, -1, 1, -1)"
Node_03578,6,[X . . | O O . | X O X],6,-0.7828,3,"[2, 3, 6]",,-0.7885,-0.7941,,,-0.7828,,,,"(1, 0, 0, -1, -1, 0, 1, -1, 1)"
Node_03579,6,[X . O | . O X | . O X],2,-0.7833,3,"[2, 4, 7]",,-0.7833,,-0.8332,,,-0.8046,,,"(1, 0, -1, 0, -1, 1, 0, -1, 1)"
Node_03580,6,[. . O | X O X | . O X],7,-0.7918,3,"[1, 2, 7]",-0.7941,-0.8069,,,,,-0.7918,,,"(0, 0, -1, 1, -1, 1, 0, -1, 1)"
Node_03581,6,[. X O | . O . | X X O],6,-0.8108,3,"[1, 4, 6]",-0.8199,,,-0.8147,,-0.8108,,,,"(0, 1, -1, 0, -1, 0, 1, 1, -1)"
Node_03582,6,[. X . | O O . | O X X],1,-0.8332,3,"[1, 3, 6]",-0.8332,,-0.8332,,,-0.8332,,,,"(0, 1, 0, -1, -1, 0, -1, 1, 1)"
Node_03583,6,[. . X | O O . | X X O],2,-0.8332,3,"[1, 2, 6]",-0.8457,-0.8332,,,,-0.8666,,,,"(0, 0, 1, -1, -1, 0, 1, 1, -1)"
Node_03584,6,[X O . | X O . | O . X],6,-0.8332,3,"[3, 6, 8]",,,-0.8417,,,-0.8332,,-0.8472,,"(1, -1, 0, 1, -1, 0, -1, 0, 1)"
Node_03585,6,[X O X | . O O | . . X],4,-0.8426,3,"[4, 7, 8]",,,,-0.8426,,,-0.9202,-0.9239,,"(1, -1, 1, 0, -1, -1, 0, 0, 1)"
Node_03586,6,[X . . | X O X | O O .],2,-0.8499,3,"[2, 3, 9]",,-0.8499,-0.8649,,,,,,-0.8649,"(1, 0, 0, 1, -1, 1, -1, -1, 0)"
Node_03587,6,[. O O | X O X | . . X],1,-0.8499,3,"[1, 7, 8]",-0.8499,,,,,,-0.8499,-0.8499,,"(0, -1, -1, 1, -1, 1, 0, 0, 1)"
Node_03588,6,[X . . | . O O | O X X],4,-0.8552,3,"[2, 3, 4]",,-0.8649,-0.8554,-0.8552,,,,,,"(1, 0, 0, 0, -1, -1, -1, 1, 1)"
Node_03589,6,[X X O | O O . | . . X],7,-0.8561,3,"[6, 7, 8]",,,,,,-0.8668,-0.8561,-0.8649,,"(1, 1, -1, -1, -1, 0, 0, 0, 1)"
Node_03590,6,[X X O | . O . | . X O],7,-0.861,3,"[4, 6, 7]",,,,-0.8649,,-0.8696,-0.861,,,"(1, 1, -1, 0, -1, 0, 0, 1, -1)"
Node_03591,6,[O . O | X X O | X . .],2,-0.8729,3,"[2, 8, 9]",,-0.8729,,,,,,-0.9722,-0.922,"(-1, 0, -1, 1, 1, -1, 1, 0, 0)"
Node_03592,6,[O . O | X O X | X . .],2,-0.8831,3,"[2, 8, 9]",,-0.8831,,,,,,-0.8906,-0.8864,"(-1, 0, -1, 1, -1, 1, 1, 0, 0)"
Node_03593,6,[X X O | . O O | . X .],4,-0.9015,3,"[4, 7, 9]",,,,-0.9015,,,-0.9015,,-0.9015,"(1, 1, -1, 0, -1, -1, 0, 1, 0)"
Node_03594,6,[O X X | . X . | O O .],9,-0.9185,3,"[4, 6, 9]",,,,-0.9326,,-0.9576,,,-0.9185,"(-1, 1, 1, 0, 1, 0, -1, -1, 0)"
Node_03595,6,[. O O | . X . | X X O],1,-0.9259,3,"[1, 4, 6]",-0.9259,,,-0.9282,,-0.9274,,,,"(0, -1, -1, 0, 1, 0, 1, 1, -1)"
Node_03596,6,[X . . | X X O | O . O],3,-0.9261,3,"[2, 3, 8]",,-0.9282,-0.9261,,,,,-0.9281,,"(1, 0, 0, 1, 1, -1, -1, 0, -1)"
Node_03597,6,[X O X | O O . | X . .],8,-0.9409,3,"[6, 8, 9]",,,,,,-0.9412,,-0.9409,-0.9419,"(1, -1, 1, -1, -1, 0, 1, 0, 0)"
Node_03598,6,[O X . | . O X | O X .],3,-0.9477,3,"[3, 4, 9]",,,-0.9477,-0.9477,,,,,-0.9477,"(-1, 1, 0, 0, -1, 1, -1, 1, 0)"
Node_03599,6,[O . O | O X X | . . X],7,-0.9487,3,"[2, 7, 8]",,-0.9494,,,,,-0.9487,-0.9529,,"(-1, 0, -1, -1, 1, 1, 0, 0, 1)"
Node_03600,6,[O O . | . X . | O X X],4,-0.95,3,"[3, 4, 6]",,,-0.9539,-0.95,,-0.9529,,,,"(-1, -1, 0, 0, 1, 0, -1, 1, 1)"
Node_03601,6,[. . X | O X X | O . O],8,-0.9613,3,"[1, 2, 8]",-0.9631,-0.9913,,,,,,-0.9613,,"(0, 0, 1, -1, 1, 1, -1, 0, -1)"
Node_03602,6,[X X O | . X . | . O O],6,-0.964,3,"[4, 6, 7]",,,,-0.9657,,-0.964,-0.9704,,,"(1, 1, -1, 0, 1, 0, 0, -1, -1)"
Node_03603,7,[O O X | . O O | . X X],7,1.0,2,"[4, 7]",,,,0.0,,,1.0,,,"(-1, -1, 1, 0, -1, -1, 0, 1, 1)"
Node_03604,7,[O O X | . O . | O X X],6,1.0,2,"[4, 6]",,,,0.0,,1.0,,,,"(-1, -1, 1, 0, -1, 0, -1, 1, 1)"
Node_03605,7,[X . X | X O O | O . O],2,1.0,2,"[2, 8]",,1.0,,,,,,0.0,,"(1, 0, 1, 1, -1, -1, -1, 0, -1)"
Node_03606,7,[X O X | O O X | O . .],9,1.0,2,"[8, 9]",,,,,,,,0.0,1.0,"(1, -1, 1, -1, -1, 1, -1, 0, 0)"
Node_03607,7,[O . O | O O X | X . X],8,1.0,2,"[2, 8]",,0.0,,,,,,1.0,,"(-1, 0, -1, -1, -1, 1, 1, 0, 1)"
Node_03608,7,[O . O | X O O | X . X],8,1.0,2,"[2, 8]",,0.0,,,,,,1.0,,"(-1, 0, -1, 1, -1, -1, 1, 0, 1)"
Node_03609,7,[X O O | . O . | X X O],4,1.0,2,"[4, 6]",,,,1.0,,0.0,,,,"(1, -1, -1, 0, -1, 0, 1, 1, -1)"
Node_03610,7,[X X O | . O . | X O O],4,1.0,2,"[4, 6]",,,,1.0,,0.0,,,,"(1, 1, -1, 0, -1, 0, 1, -1, -1)"
Node_03611,7,[O X X | . O . | O O X],6,1.0,2,"[4, 6]",,,,0.0,,1.0,,,,"(-1, 1, 1, 0, -1, 0, -1, -1, 1)"
Node_03612,7,[. . O | X O O | X O X],1,0.9999,2,"[1, 2]",0.9999,0.0,,,,,,,,"(0, 0, -1, 1, -1, -1, 1, -1, 1)"
Node_03613,7,[O . . | O O X | X O X],3,0.9999,2,"[2, 3]",,0.0,0.9999,,,,,,,"(-1, 0, 0, -1, -1, 1, 1, -1, 1)"
Node_03614,7,[X O O | O O . | X X .],9,0.9998,2,"[6, 9]",,,,,,0.0,,,0.9998,"(1, -1, -1, -1, -1, 0, 1, 1, 0)"
Node_03615,7,[X X . | O O . | X O O],3,0.9998,2,"[3, 6]",,,0.9998,,,0.0,,,,"(1, 1, 0, -1, -1, 0, 1, -1, -1)"
Node_03616,7,[O X O | X X O | O . .],8,0.9997,2,"[8, 9]",,,,,,,,0.9997,0.0,"(-1, 1, -1, 1, 1, -1, -1, 0, 0)"
Node_03617,7,[X O X | O X O | O . .],9,0.9996,2,"[8, 9]",,,,,,,,0.0,0.9996,"(1, -1, 1, -1, 1, -1, -1, 0, 0)"
Node_03618,7,[O X O | . X X | . O O],4,0.9996,2,"[4, 7]",,,,0.9996,,,0.0,,,"(-1, 1, -1, 0, 1, 1, 0, -1, -1)"
Node_03619,7,[X O X | X O O | . . O],7,0.9996,2,"[7, 8]",,,,,,,0.9996,0.0,,"(1, -1, 1, 1, -1, -1, 0, 0, -1)"
Node_03620,7,[X O . | . O O | X X O],4,0.9995,2,"[3, 4]",,,-0.8784,0.9995,,,,,,"(1, -1, 0, 0, -1, -1, 1, 1, -1)"
Node_03621,7,[X . X | O O X | O . O],2,0.9994,2,"[2, 8]",,0.9994,,,,,,0.0,,"(1, 0, 1, -1, -1, 1, -1, 0, -1)"
Node_03622,7,[O . O | . X X | X O O],4,0.9994,2,"[2, 4]",,0.0,,0.9994,,,,,,"(-1, 0, -1, 0, 1, 1, 1, -1, -1)"
Node_03623,7,[. X X | . O O | O O X],1,0.9993,2,"[1, 4]",0.9993,,,0.0,,,,,,"(0, 1, 1, 0, -1, -1, -1, -1, 1)"
Node_03624,7,[X . O | O X X | O O .],9,0.9991,2,"[2, 9]",,-0.8649,,,,,,,0.9991,"(1, 0, -1, -1, 1, 1, -1, -1, 0)"
Node_03625,7,[X O O | . X X | . O O],4,0.999,2,"[4, 7]",,,,0.999,,,0.0,,,"(1, -1, -1, 0, 1, 1, 0, -1, -1)"
Node_03626,7,[O O X | X X . | O . O],6,0.999,2,"[6, 8]",,,,,,0.999,,0.0,,"(-1, -1, 1, 1, 1, 0, -1, 0, -1)"
Node_03627,7,[X . X | . O O | O O X],2,0.999,2,"[2, 4]",,0.999,,-0.9354,,,,,,"(1, 0, 1, 0, -1, -1, -1, -1, 1)"
Node_03628,7,[. . O | X X O | O O X],1,0.9989,2,"[1, 2]",0.9989,0.0,,,,,,,,"(0, 0, -1, 1, 1, -1, -1, -1, 1)"
Node_03629,7,[O O X | X X O | . . O],7,0.9989,2,"[7, 8]",,,,,,,0.9989,0.0,,"(-1, -1, 1, 1, 1, -1, 0, 0, -1)"
Node_03630,7,[X . X | X O O | O O .],2,0.9988,2,"[2, 9]",,0.9988,,,,,,,-0.9282,"(1, 0, 1, 1, -1, -1, -1, -1, 0)"
Node_03631,7,[O . O | X X . | O O X],6,0.9987,2,"[2, 6]",,0.0,,,,0.9987,,,,"(-1, 0, -1, 1, 1, 0, -1, -1, 1)"
Node_03632,7,[. . O | O X O | X O X],1,0.9987,2,"[1, 2]",0.9987,0.0,,,,,,,,"(0, 0, -1, -1, 1, -1, 1, -1, 1)"
Node_03633,7,[O . X | . X O | O X O],2,0.9985,2,"[2, 4]",,0.9985,,0.0,,,,,,"(-1, 0, 1, 0, 1, -1, -1, 1, -1)"
Node_03634,7,[O O X | . X . | O O X],6,0.9985,2,"[4, 6]",,,,0.0,,0.9985,,,,"(-1, -1, 1, 0, 1, 0, -1, -1, 1)"
Node_03635,7,[O X . | O X . | X O O],3,0.9985,2,"[3, 6]",,,0.9985,,,0.0,,,,"(-1, 1, 0, -1, 1, 0, 1, -1, -1)"
Node_03636,7,[X O O | O X X | . O .],9,0.9984,2,"[7, 9]",,,,,,,0.0,,0.9984,"(1, -1, -1, -1, 1, 1, 0, -1, 0)"
Node_03637,7,[X O O | . X . | X O O],4,0.9982,2,"[4, 6]",,,,0.9982,,0.0,,,,"(1, -1, -1, 0, 1, 0, 1, -1, -1)"
Node_03638,7,[X O O | O X . | O X .],9,0.9982,2,"[6, 9]",,,,,,0.0,,,0.9982,"(1, -1, -1, -1, 1, 0, -1, 1, 0)"
Node_03639,7,[X X O | . O O | X O .],4,0.9982,2,"[4, 9]",,,,0.9982,,,,,-0.8499,"(1, 1, -1, 0, -1, -1, 1, -1, 0)"
Node_03640,7,[. X O | O X . | O O X],1,0.998,2,"[1, 6]",0.998,,,,,-0.8332,,,,"(0, 1, -1, -1, 1, 0, -1, -1, 1)"
Node_03641,7,[O X O | O X . | X . O],8,0.998,2,"[6, 8]",,,,,,0.0,,0.998,,"(-1, 1, -1, -1, 1, 0, 1, 0, -1)"
Node_03642,7,[. O . | O X X | X O O],3,0.998,2,"[1, 3]",0.0,,0.998,,,,,,,"(0, -1, 0, -1, 1, 1, 1, -1, -1)"
Node_03643,7,[. . X | O X O | O X O],2,0.9978,2,"[1, 2]",0.0,0.9978,,,,,,,,"(0, 0, 1, -1, 1, -1, -1, 1, -1)"
Node_03644,7,[O X O | O X X | . . O],8,0.9978,2,"[7, 8]",,,,,,,0.0,0.9978,,"(-1, 1, -1, -1, 1, 1, 0, 0, -1)"
Node_03645,7,[O X O | X X . | O O .],6,0.9975,2,"[6, 9]",,,,,,0.9975,,,0.0,"(-1, 1, -1, 1, 1, 0, -1, -1, 0)"
Node_03646,7,[X . X | O X O | O . O],2,0.9975,2,"[2, 8]",,0.9975,,,,,,0.0,,"(1, 0, 1, -1, 1, -1, -1, 0, -1)"
Node_03647,7,[O X O | O X O | . . X],8,0.9973,2,"[7, 8]",,,,,,,0.0,0.9973,,"(-1, 1, -1, -1, 1, -1, 0, 0, 1)"
Node_03648,7,[O . . | O X X | X O O],3,0.9973,2,"[2, 3]",,0.0,0.9973,,,,,,,"(-1, 0, 0, -1, 1, 1, 1, -1, -1)"
Node_03649,7,[X O X | O X O | . . O],7,0.997,2,"[7, 8]",,,,,,,0.997,0.0,,"(1, -1, 1, -1, 1, -1, 0, 0, -1)"
Node_03650,7,[O O . | X O O | X X .],9,0.997,2,"[3, 9]",,,-0.8332,,,,,,0.997,"(-1, -1, 0, 1, -1, -1, 1, 1, 0)"
Node_03651,7,[X . O | O X . | O X O],2,0.997,2,"[2, 6]",,0.997,,,,0.0,,,,"(1, 0, -1, -1, 1, 0, -1, 1, -1)"
Node_03652,7,[. X O | O X O | . O X],1,0.997,2,"[1, 7]",0.997,,,,,,0.0,,,"(0, 1, -1, -1, 1, -1, 0, -1, 1)"
Node_03653,7,[O . X | O O . | X O X],6,0.9966,2,"[2, 6]",,-0.9282,,,,0.9966,,,,"(-1, 0, 1, -1, -1, 0, 1, -1, 1)"
Node_03654,7,[. X O | X O O | X O .],1,0.9966,2,"[1, 9]",0.9966,,,,,,,,0.0,"(0, 1, -1, 1, -1, -1, 1, -1, 0)"
Node_03655,7,[X O O | O O . | X . X],8,0.9962,2,"[6, 8]",,,,,,-0.9202,,0.9962,,"(1, -1, -1, -1, -1, 0, 1, 0, 1)"
Node_03656,7,[X O O | . X O | O X .],9,0.9962,2,"[4, 9]",,,,-0.8147,,,,,0.9962,"(1, -1, -1, 0, 1, -1, -1, 1, 0)"
Node_03657,7,[. O X | O X O | . X O],7,0.9962,2,"[1, 7]",0.0,,,,,,0.9962,,,"(0, -1, 1, -1, 1, -1, 0, 1, -1)"
Node_03658,7,[O O . | X X . | O X O],6,0.9958,2,"[3, 6]",,,0.0,,,0.9958,,,,"(-1, -1, 0, 1, 1, 0, -1, 1, -1)"
Node_03659,7,[X O . | . X O | X O O],4,0.9954,2,"[3, 4]",,,0.6126,0.9954,,,,,,"(1, -1, 0, 0, 1, -1, 1, -1, -1)"
Node_03660,7,[. O O | O O X | X . X],8,0.9954,2,"[1, 8]",-0.8906,,,,,,,0.9954,,"(0, -1, -1, -1, -1, 1, 1, 0, 1)"
Node_03661,7,[X X . | X O O | O O .],3,0.9954,2,"[3, 9]",,,0.9954,,,,,,-0.7458,"(1, 1, 0, 1, -1, -1, -1, -1, 0)"
Node_03662,7,[. X X | O O X | . O O],1,0.9954,2,"[1, 7]",0.9954,,,,,,-0.8649,,,"(0, 1, 1, -1, -1, 1, 0, -1, -1)"
Node_03663,7,[. O O | X O O | X . X],1,0.9954,2,"[1, 8]",0.9954,,,,,,,0.8499,,"(0, -1, -1, 1, -1, -1, 1, 0, 1)"
Node_03664,7,[O X . | O O X | . O X],3,0.9954,2,"[3, 7]",,,0.9954,,,,0.0,,,"(-1, 1, 0, -1, -1, 1, 0, -1, 1)"
Node_03665,7,[X O O | . X X | O . O],4,0.9954,2,"[4, 8]",,,,0.9954,,,,0.0,,"(1, -1, -1, 0, 1, 1, -1, 0, -1)"
Node_03666,7,[. O O | . X X | X O O],4,0.9948,2,"[1, 4]",0.0,,,0.9948,,,,,,"(0, -1, -1, 0, 1, 1, 1, -1, -1)"
Node_03667,7,[O O . | X O O | X . X],8,0.9948,2,"[3, 8]",,,-0.9015,,,,,0.9948,,"(-1, -1, 0, 1, -1, -1, 1, 0, 1)"
Node_03668,7,[O . O | O X O | X X .],2,0.9943,2,"[2, 9]",,0.9943,,,,,,,0.8784,"(-1, 0, -1, -1, 1, -1, 1, 1, 0)"
Node_03669,7,[X O O | . X O | X O .],4,0.9936,2,"[4, 9]",,,,0.9936,,,,,0.9015,"(1, -1, -1, 0, 1, -1, 1, -1, 0)"
Node_03670,7,[O O X | X X . | O O .],6,0.9936,2,"[6, 9]",,,,,,0.9936,,,0.0,"(-1, -1, 1, 1, 1, 0, -1, -1, 0)"
Node_03671,7,[O O X | X O . | O . X],6,0.9929,2,"[6, 8]",,,,,,0.9929,,0.0,,"(-1, -1, 1, 1, -1, 0, -1, 0, 1)"
Node_03672,7,[O O X | . X O | . X O],7,0.9929,2,"[4, 7]",,,,0.0,,,0.9929,,,"(-1, -1, 1, 0, 1, -1, 0, 1, -1)"
Node_03673,7,[X . O | . O O | X O X],4,0.9929,2,"[2, 4]",,-0.9114,,0.9929,,,,,,"(1, 0, -1, 0, -1, -1, 1, -1, 1)"
Node_03674,7,[X O X | . O O | X . O],4,0.9929,2,"[4, 8]",,,,0.9929,,,,-0.9576,,"(1, -1, 1, 0, -1, -1, 1, 0, -1)"
Node_03675,7,[X O X | O O . | O . X],6,0.9921,2,"[6, 8]",,,,,,0.9921,,-0.7712,,"(1, -1, 1, -1, -1, 0, -1, 0, 1)"
Node_03676,7,[O O X | O X . | . X O],7,0.9921,2,"[6, 7]",,,,,,-0.8649,0.9921,,,"(-1, -1, 1, -1, 1, 0, 0, 1, -1)"
Node_03677,7,[X O . | O X O | O X .],9,0.9921,2,"[3, 9]",,,0.0,,,,,,0.9921,"(1, -1, 0, -1, 1, -1, -1, 1, 0)"
Node_03678,7,[. X O | O X X | O . O],8,0.9921,2,"[1, 8]",-0.8332,,,,,,,0.9921,,"(0, 1, -1, -1, 1, 1, -1, 0, -1)"
Node_03679,7,[X . X | O O X | . O O],2,0.9913,2,"[2, 7]",,0.9913,,,,,-0.8649,,,"(1, 0, 1, -1, -1, 1, 0, -1, -1)"
Node_03680,7,[O X . | . X O | X O O],3,0.9913,2,"[3, 4]",,,0.9913,-0.7712,,,,,,"(-1, 1, 0, 0, 1, -1, 1, -1, -1)"
Node_03681,7,[X . X | O O . | X O O],2,0.9913,2,"[2, 6]",,0.9913,,,,-0.7941,,,,"(1, 0, 1, -1, -1, 0, 1, -1, -1)"
Node_03682,7,[. O X | O O . | O X X],6,0.9903,2,"[1, 6]",-0.7176,,,,,0.9903,,,,"(0, -1, 1, -1, -1, 0, -1, 1, 1)"
Node_03683,7,[X O . | O O X | O . X],3,0.9903,2,"[3, 8]",,,0.9903,,,,,-0.8499,,"(1, -1, 0, -1, -1, 1, -1, 0, 1)"
Node_03684,7,[. O . | X O O | X X O],1,0.9903,2,"[1, 3]",0.9903,,-0.7941,,,,,,,"(0, -1, 0, 1, -1, -1, 1, 1, -1)"
Node_03685,7,[O O . | . O X | O X X],3,0.9903,2,"[3, 4]",,,0.9903,-0.6862,,,,,,"(-1, -1, 0, 0, -1, 1, -1, 1, 1)"
Node_03686,7,[O X O | O O . | X . X],8,0.9903,2,"[6, 8]",,,,,,0.0,,0.9903,,"(-1, 1, -1, -1, -1, 0, 1, 0, 1)"
Node_03687,7,[O . O | O X O | X . X],8,0.9892,2,"[2, 8]",,0.0,,,,,,0.9892,,"(-1, 0, -1, -1, 1, -1, 1, 0, 1)"
Node_03688,7,[O O X | . X O | . O X],7,0.9892,2,"[4, 7]",,,,0.0,,,0.9892,,,"(-1, -1, 1, 0, 1, -1, 0, -1, 1)"
Node_03689,7,[. X O | . X O | O O X],1,0.9892,2,"[1, 4]",0.9892,,,0.0,,,,,,"(0, 1, -1, 0, 1, -1, -1, -1, 1)"
Node_03690,7,[X . X | O O X | O O .],9,0.988,2,"[2, 9]",,0.7458,,,,,,,0.988,"(1, 0, 1, -1, -1, 1, -1, -1, 0)"
Node_03691,7,[X . X | O O . | O X O],2,0.988,2,"[2, 6]",,0.988,,,,0.0,,,,"(1, 0, 1, -1, -1, 0, -1, 1, -1)"
Node_03692,7,[X . . | O X O | O X O],2,0.988,2,"[2, 3]",,0.988,0.0,,,,,,,"(1, 0, 0, -1, 1, -1, -1, 1, -1)"
Node_03693,7,[X X . | . O O | X O O],4,0.988,2,"[3, 4]",,,0.6862,0.988,,,,,,"(1, 1, 0, 0, -1, -1, 1, -1, -1)"
Node_03694,7,[X O O | . O O | X X .],4,0.988,2,"[4, 9]",,,,0.988,,,,,0.6862,"(1, -1, -1, 0, -1, -1, 1, 1, 0)"
Node_03695,7,[O . . | X X O | O X O],2,0.9867,2,"[2, 3]",,0.9867,0.0,,,,,,,"(-1, 0, 0, 1, 1, -1, -1, 1, -1)"
Node_03696,7,[X O O | O X . | X O .],9,0.9867,2,"[6, 9]",,,,,,0.0,,,0.9867,"(1, -1, -1, -1, 1, 0, 1, -1, 0)"
Node_03697,7,[O . . | O X O | X O X],3,0.9867,2,"[2, 3]",,0.0,0.9867,,,,,,,"(-1, 0, 0, -1, 1, -1, 1, -1, 1)"
Node_03698,7,[O X O | . X X | O . O],4,0.9852,2,"[4, 8]",,,,0.9852,,,,0.8147,,"(-1, 1, -1, 0, 1, 1, -1, 0, -1)"
Node_03699,7,[O O . | X X . | O O X],6,0.9852,2,"[3, 6]",,,0.0,,,0.9852,,,,"(-1, -1, 0, 1, 1, 0, -1, -1, 1)"
Node_03700,7,[X . X | X O O | . O O],2,0.9852,2,"[2, 7]",,0.9852,,,,,0.9202,,,"(1, 0, 1, 1, -1, -1, 0, -1, -1)"
Node_03701,7,[O X . | X X O | O . O],8,0.9852,2,"[3, 8]",,,-0.7712,,,,,0.9852,,"(-1, 1, 0, 1, 1, -1, -1, 0, -1)"
Node_03702,7,[O X . | . O X | O O X],3,0.9836,2,"[3, 4]",,,0.9836,-0.6862,,,,,,"(-1, 1, 0, 0, -1, 1, -1, -1, 1)"
Node_03703,7,[X . X | O X O | O O .],9,0.9836,2,"[2, 9]",,0.7458,,,,,,,0.9836,"(1, 0, 1, -1, 1, -1, -1, -1, 0)"
Node_03704,7,[O X X | . X O | O . O],8,0.9836,2,"[4, 8]",,,,-0.8499,,,,0.9836,,"(-1, 1, 1, 0, 1, -1, -1, 0, -1)"
Node_03705,7,[X . X | . O O | X O O],4,0.9836,2,"[2, 4]",,0.5695,,0.9836,,,,,,"(1, 0, 1, 0, -1, -1, 1, -1, -1)"
Node_03706,7,[X O . | O X X | O O .],9,0.9818,2,"[3, 9]",,,-0.8332,,,,,,0.9818,"(1, -1, 0, -1, 1, 1, -1, -1, 0)"
Node_03707,7,[X O O | O X X | O . .],9,0.9818,2,"[8, 9]",,,,,,,,0.0,0.9818,"(1, -1, -1, -1, 1, 1, -1, 0, 0)"
Node_03708,7,[O O . | O X X | X . O],3,0.9818,2,"[3, 8]",,,0.9818,,,,,-0.8332,,"(-1, -1, 0, -1, 1, 1, 1, 0, -1)"
Node_03709,7,[O X O | O X O | X . .],8,0.9818,2,"[8, 9]",,,,,,,,0.9818,0.0,"(-1, 1, -1, -1, 1, -1, 1, 0, 0)"
Node_03710,7,[O . O | O O X | X X .],9,0.9818,2,"[2, 9]",,-0.8147,,,,,,,0.9818,"(-1, 0, -1, -1, -1, 1, 1, 1, 0)"
Node_03711,7,[O O . | . X X | O X O],4,0.9797,2,"[3, 4]",,,-0.6126,0.9797,,,,,,"(-1, -1, 0, 0, 1, 1, -1, 1, -1)"
Node_03712,7,[O O X | X X O | . O .],7,0.9797,2,"[7, 9]",,,,,,,0.9797,,0.0,"(-1, -1, 1, 1, 1, -1, 0, -1, 0)"
Node_03713,7,[. X X | O O . | O O X],6,0.9797,2,"[1, 6]",0.5695,,,,,0.9797,,,,"(0, 1, 1, -1, -1, 0, -1, -1, 1)"
Node_03714,7,[X O O | O X O | . X .],9,0.9797,2,"[7, 9]",,,,,,,-0.8147,,0.9797,"(1, -1, -1, -1, 1, -1, 0, 1, 0)"
Node_03715,7,[O X O | X X . | . O O],6,0.9797,2,"[6, 7]",,,,,,0.9797,-0.7176,,,"(-1, 1, -1, 1, 1, 0, 0, -1, -1)"
Node_03716,7,[O X O | . X O | O . X],8,0.9775,2,"[4, 8]",,,,0.0,,,,0.9775,,"(-1, 1, -1, 0, 1, -1, -1, 0, 1)"
Node_03717,7,[X . X | . O O | O X O],2,0.9775,2,"[2, 4]",,0.9775,,0.0,,,,,,"(1, 0, 1, 0, -1, -1, -1, 1, -1)"
Node_03718,7,[O O X | . X X | O O .],9,0.9775,2,"[4, 9]",,,,0.9015,,,,,0.9775,"(-1, -1, 1, 0, 1, 1, -1, -1, 0)"
Node_03719,7,[. O X | . X O | O O X],1,0.9775,2,"[1, 4]",0.9775,,,0.0,,,,,,"(0, -1, 1, 0, 1, -1, -1, -1, 1)"
Node_03720,7,[O O . | X O O | . X X],7,0.9775,2,"[3, 7]",,,0.0,,,,0.9775,,,"(-1, -1, 0, 1, -1, -1, 0, 1, 1)"
Node_03721,7,[O O X | O O . | . X X],7,0.9775,2,"[6, 7]",,,,,,0.8332,0.9775,,,"(-1, -1, 1, -1, -1, 0, 0, 1, 1)"
Node_03722,7,[O X X | . X O | . O O],7,0.9775,2,"[4, 7]",,,,-0.4686,,,0.9775,,,"(-1, 1, 1, 0, 1, -1, 0, -1, -1)"
Node_03723,7,[O . X | X O . | O O X],6,0.9775,2,"[2, 6]",,0.0,,,,0.9775,,,,"(-1, 0, 1, 1, -1, 0, -1, -1, 1)"
Node_03724,7,[O O X | O O X | X . .],9,0.9775,2,"[8, 9]",,,,,,,,-0.7176,0.9775,"(-1, -1, 1, -1, -1, 1, 1, 0, 0)"
Node_03725,7,[X O O | . O X | X . O],4,0.9775,2,"[4, 8]",,,,0.9775,,,,0.0,,"(1, -1, -1, 0, -1, 1, 1, 0, -1)"
Node_03726,7,[O X O | . X X | O O .],4,0.9775,2,"[4, 9]",,,,0.9775,,,,,-0.8499,"(-1, 1, -1, 0, 1, 1, -1, -1, 0)"
Node_03727,7,[. O X | X X O | . O O],7,0.9775,2,"[1, 7]",-0.6862,,,,,,0.9775,,,"(0, -1, 1, 1, 1, -1, 0, -1, -1)"
Node_03728,7,[X O . | O X . | X O O],3,0.9775,2,"[3, 6]",,,0.9775,,,0.0,,,,"(1, -1, 0, -1, 1, 0, 1, -1, -1)"
Node_03729,7,[X O X | . X O | . O O],7,0.975,2,"[4, 7]",,,,-0.7458,,,0.975,,,"(1, -1, 1, 0, 1, -1, 0, -1, -1)"
Node_03730,7,[X . X | O O . | O O X],6,0.975,2,"[2, 6]",,0.7941,,,,0.975,,,,"(1, 0, 1, -1, -1, 0, -1, -1, 1)"
Node_03731,7,[. O O | X X . | X O O],1,0.975,2,"[1, 6]",0.975,,,,,0.8147,,,,"(0, -1, -1, 1, 1, 0, 1, -1, -1)"
Node_03732,7,[O O X | O X X | . O .],9,0.975,2,"[7, 9]",,,,,,,0.6126,,0.975,"(-1, -1, 1, -1, 1, 1, 0, -1, 0)"
Node_03733,7,[. O O | X X . | O X O],6,0.975,2,"[1, 6]",-0.6126,,,,,0.975,,,,"(0, -1, -1, 1, 1, 0, -1, 1, -1)"
Node_03734,7,[. O X | O X . | O O X],1,0.975,2,"[1, 6]",0.975,,,,,0.7458,,,,"(0, -1, 1, -1, 1, 0, -1, -1, 1)"
Node_03735,7,[. O O | . X X | O X O],4,0.975,2,"[1, 4]",0.0,,,0.975,,,,,,"(0, -1, -1, 0, 1, 1, -1, 1, -1)"
Node_03736,7,[. X X | O O . | O X O],1,0.975,2,"[1, 6]",0.975,,,,,-0.7712,,,,"(0, 1, 1, -1, -1, 0, -1, 1, -1)"
Node_03737,7,[O O . | O O X | X . X],8,0.975,2,"[3, 8]",,,0.7458,,,,,0.975,,"(-1, -1, 0, -1, -1, 1, 1, 0, 1)"
Node_03738,7,[O O X | O X O | . X .],7,0.975,2,"[7, 9]",,,,,,,0.975,,-0.8147,"(-1, -1, 1, -1, 1, -1, 0, 1, 0)"
Node_03739,7,[O O X | . O O | X X .],9,0.975,2,"[4, 9]",,,,-0.7176,,,,,0.975,"(-1, -1, 1, 0, -1, -1, 1, 1, 0)"
Node_03740,7,[O . O | X X . | X O O],6,0.9722,2,"[2, 6]",,-0.7458,,,,0.9722,,,,"(-1, 0, -1, 1, 1, 0, 1, -1, -1)"
Node_03741,7,[X O O | O O . | . X X],7,0.9722,2,"[6, 7]",,,,,,-0.9015,0.9722,,,"(1, -1, -1, -1, -1, 0, 0, 1, 1)"
Node_03742,7,[O X . | O X O | X O .],3,0.9722,2,"[3, 9]",,,0.9722,,,,,,0.0,"(-1, 1, 0, -1, 1, -1, 1, -1, 0)"
Node_03743,7,[. O O | X X O | O . X],1,0.9722,2,"[1, 8]",0.9722,,,,,,,-0.4095,,"(0, -1, -1, 1, 1, -1, -1, 0, 1)"
Node_03744,7,[O O X | O X . | . O X],7,0.9722,2,"[6, 7]",,,,,,0.6513,0.9722,,,"(-1, -1, 1, -1, 1, 0, 0, -1, 1)"
Node_03745,7,[. O O | X X . | O O X],1,0.9691,2,"[1, 6]",0.9691,,,,,0.8332,,,,"(0, -1, -1, 1, 1, 0, -1, -1, 1)"
Node_03746,7,[. O X | O O X | O X .],9,0.9691,2,"[1, 9]",0.0,,,,,,,,0.9691,"(0, -1, 1, -1, -1, 1, -1, 1, 0)"
Node_03747,7,[X O . | O X O | X O .],9,0.9691,2,"[3, 9]",,,0.6862,,,,,,0.9691,"(1, -1, 0, -1, 1, -1, 1, -1, 0)"
Node_03748,7,[X X . | O O X | O . O],3,0.9691,2,"[3, 8]",,,0.9691,,,,,-0.7712,,"(1, 1, 0, -1, -1, 1, -1, 0, -1)"
Node_03749,7,[X O O | X O O | . . X],7,0.9657,2,"[7, 8]",,,,,,,0.9657,-0.7176,,"(1, -1, -1, 1, -1, -1, 0, 0, 1)"
Node_03750,7,[O X O | . O O | X . X],8,0.9657,2,"[4, 8]",,,,0.0,,,,0.9657,,"(-1, 1, -1, 0, -1, -1, 1, 0, 1)"
Node_03751,7,[. X X | X O O | O . O],1,0.9657,2,"[1, 8]",0.9657,,,,,,,-0.7941,,"(0, 1, 1, 1, -1, -1, -1, 0, -1)"
Node_03752,7,[. X . | O X O | O O X],1,0.9657,2,"[1, 3]",0.9657,,-0.7458,,,,,,,"(0, 1, 0, -1, 1, -1, -1, -1, 1)"
Node_03753,7,[. X X | O O . | X O O],1,0.9657,2,"[1, 6]",0.9657,,,,,-0.5695,,,,"(0, 1, 1, -1, -1, 0, 1, -1, -1)"
Node_03754,7,[. O O | O X . | X O X],1,0.9657,2,"[1, 6]",0.9657,,,,,-0.6126,,,,"(0, -1, -1, -1, 1, 0, 1, -1, 1)"
Node_03755,7,[. O . | O O X | O X X],3,0.9657,2,"[1, 3]",-0.7941,,0.9657,,,,,,,"(0, -1, 0, -1, -1, 1, -1, 1, 1)"
Node_03756,7,[. X . | X O O | X O O],1,0.9657,2,"[1, 3]",0.9657,,-0.7941,,,,,,,"(0, 1, 0, 1, -1, -1, 1, -1, -1)"
Node_03757,7,[. X O | X O . | X O O],1,0.9657,2,"[1, 6]",0.9657,,,,,-0.7458,,,,"(0, 1, -1, 1, -1, 0, 1, -1, -1)"
Node_03758,7,[. O O | O O X | X X .],9,0.9657,2,"[1, 9]",0.0,,,,,,,,0.9657,"(0, -1, -1, -1, -1, 1, 1, 1, 0)"
Node_03759,7,[O O X | . X X | . O O],4,0.9657,2,"[4, 7]",,,,0.9657,,,0.6126,,,"(-1, -1, 1, 0, 1, 1, 0, -1, -1)"
Node_03760,7,[X O X | . X O | O O .],9,0.9618,2,"[4, 9]",,,,-0.8147,,,,,0.9618,"(1, -1, 1, 0, 1, -1, -1, -1, 0)"
Node_03761,7,[. O O | X O X | X . O],1,0.9618,2,"[1, 8]",0.9618,,,,,,,-0.5695,,"(0, -1, -1, 1, -1, 1, 1, 0, -1)"
Node_03762,7,[X X . | O O X | . O O],3,0.9618,2,"[3, 7]",,,0.9618,,,,0.0,,,"(1, 1, 0, -1, -1, 1, 0, -1, -1)"
Node_03763,7,[O X X | O O X | . O .],9,0.9618,2,"[7, 9]",,,,,,,-0.4686,,0.9618,"(-1, 1, 1, -1, -1, 1, 0, -1, 0)"
Node_03764,7,[O . X | O O X | X O .],9,0.9618,2,"[2, 9]",,-0.6513,,,,,,,0.9618,"(-1, 0, 1, -1, -1, 1, 1, -1, 0)"
Node_03765,7,[O X X | O O . | . O X],6,0.9618,2,"[6, 7]",,,,,,0.9618,-0.7941,,,"(-1, 1, 1, -1, -1, 0, 0, -1, 1)"
Node_03766,7,[. X X | X O O | O O .],1,0.9618,2,"[1, 9]",0.9618,,,,,,,,0.0,"(0, 1, 1, 1, -1, -1, -1, -1, 0)"
Node_03767,7,[O X . | O X O | X . O],3,0.9576,2,"[3, 8]",,,0.9576,,,,,0.271,,"(-1, 1, 0, -1, 1, -1, 1, 0, -1)"
Node_03768,7,[. O O | X O O | X X .],9,0.9576,2,"[1, 9]",0.6862,,,,,,,,0.9576,"(0, -1, -1, 1, -1, -1, 1, 1, 0)"
Node_03769,7,[O X O | X X . | O . O],8,0.9576,2,"[6, 8]",,,,,,0.7176,,0.9576,,"(-1, 1, -1, 1, 1, 0, -1, 0, -1)"
Node_03770,7,[O O . | O O X | X X .],9,0.9576,2,"[3, 9]",,,-0.7941,,,,,,0.9576,"(-1, -1, 0, -1, -1, 1, 1, 1, 0)"
Node_03771,7,[O . . | X X O | X O O],3,0.9576,2,"[2, 3]",,-0.6513,0.9576,,,,,,,"(-1, 0, 0, 1, 1, -1, 1, -1, -1)"
Node_03772,7,[O . O | . X O | O X X],2,0.9576,2,"[2, 4]",,0.9576,,-0.5695,,,,,,"(-1, 0, -1, 0, 1, -1, -1, 1, 1)"
Node_03773,7,[X O O | O X O | X . .],9,0.9576,2,"[8, 9]",,,,,,,,-0.7941,0.9576,"(1, -1, -1, -1, 1, -1, 1, 0, 0)"
Node_03774,7,[. X . | O X O | X O O],3,0.9576,2,"[1, 3]",-0.5217,,0.9576,,,,,,,"(0, 1, 0, -1, 1, -1, 1, -1, -1)"
Node_03775,7,[O O . | O X . | X O X],3,0.9576,2,"[3, 6]",,,0.9576,,,-0.7176,,,,"(-1, -1, 0, -1, 1, 0, 1, -1, 1)"
Node_03776,7,[X O O | X O . | . X O],7,0.9576,2,"[6, 7]",,,,,,-0.7176,0.9576,,,"(1, -1, -1, 1, -1, 0, 0, 1, -1)"
Node_03777,7,[O O X | O X O | . . X],7,0.9529,2,"[7, 8]",,,,,,,0.9529,-0.7458,,"(-1, -1, 1, -1, 1, -1, 0, 0, 1)"
Node_03778,7,[O O X | . O O | X . X],8,0.9529,2,"[4, 8]",,,,-0.7941,,,,0.9529,,"(-1, -1, 1, 0, -1, -1, 1, 0, 1)"
Node_03779,7,[O . O | O X X | . X O],2,0.9529,2,"[2, 7]",,0.9529,,,,,-0.7712,,,"(-1, 0, -1, -1, 1, 1, 0, 1, -1)"
Node_03780,7,[O O X | X O X | O . .],9,0.9529,2,"[8, 9]",,,,,,,,-0.6126,0.9529,"(-1, -1, 1, 1, -1, 1, -1, 0, 0)"
Node_03781,7,[X O X | O X . | O O .],9,0.9529,2,"[6, 9]",,,,,,-0.7712,,,0.9529,"(1, -1, 1, -1, 1, 0, -1, -1, 0)"
Node_03782,7,[. . O | O X X | O X O],2,0.9529,2,"[1, 2]",0.0,0.9529,,,,,,,,"(0, 0, -1, -1, 1, 1, -1, 1, -1)"
Node_03783,7,[X . O | X O X | . O O],7,0.9529,2,"[2, 7]",,-0.7176,,,,,0.9529,,,"(1, 0, -1, 1, -1, 1, 0, -1, -1)"
Node_03784,7,[X O O | . O O | X . X],8,0.9529,2,"[4, 8]",,,,0.7712,,,,0.9529,,"(1, -1, -1, 0, -1, -1, 1, 0, 1)"
Node_03785,7,[X X . | X O O | O . O],3,0.9529,2,"[3, 8]",,,0.9529,,,,,-0.6126,,"(1, 1, 0, 1, -1, -1, -1, 0, -1)"
Node_03786,7,[X X O | X O O | . O .],7,0.9477,2,"[7, 9]",,,,,,,0.9477,,-0.6513,"(1, 1, -1, 1, -1, -1, 0, -1, 0)"
Node_03787,7,[. O . | O X O | X O X],1,0.9477,2,"[1, 3]",0.9477,,0.8332,,,,,,,"(0, -1, 0, -1, 1, -1, 1, -1, 1)"
Node_03788,7,[O O . | . X X | X O O],4,0.9477,2,"[3, 4]",,,0.6862,0.9477,,,,,,"(-1, -1, 0, 0, 1, 1, 1, -1, -1)"
Node_03789,7,[O O . | . X O | X O X],3,0.9477,2,"[3, 4]",,,0.9477,-0.7941,,,,,,"(-1, -1, 0, 0, 1, -1, 1, -1, 1)"
Node_03790,7,[X O O | X X O | . O .],7,0.9477,2,"[7, 9]",,,,,,,0.9477,,0.7458,"(1, -1, -1, 1, 1, -1, 0, -1, 0)"
Node_03791,7,[O . O | X O O | X X .],9,0.9477,2,"[2, 9]",,-0.7458,,,,,,,0.9477,"(-1, 0, -1, 1, -1, -1, 1, 1, 0)"
Node_03792,7,[. O O | X O O | . X X],7,0.9477,2,"[1, 7]",-0.7712,,,,,,0.9477,,,"(0, -1, -1, 1, -1, -1, 0, 1, 1)"
Node_03793,7,[. X O | O X O | O . X],8,0.9477,2,"[1, 8]",0.4686,,,,,,,0.9477,,"(0, 1, -1, -1, 1, -1, -1, 0, 1)"
Node_03794,7,[X . . | O X O | X O O],3,0.9477,2,"[2, 3]",,-0.5217,0.9477,,,,,,,"(1, 0, 0, -1, 1, -1, 1, -1, -1)"
Node_03795,7,[O X O | . O O | . X X],7,0.9477,2,"[4, 7]",,,,-0.6862,,,0.9477,,,"(-1, 1, -1, 0, -1, -1, 0, 1, 1)"
Node_03796,7,[O . X | X X O | . O O],7,0.9477,2,"[2, 7]",,-0.6862,,,,,0.9477,,,"(-1, 0, 1, 1, 1, -1, 0, -1, -1)"
Node_03797,7,[. O X | O X X | O O .],9,0.9419,2,"[1, 9]",-0.5695,,,,,,,,0.9419,"(0, -1, 1, -1, 1, 1, -1, -1, 0)"
Node_03798,7,[O X X | . O X | O O .],9,0.9419,2,"[4, 9]",,,,-0.7941,,,,,0.9419,"(-1, 1, 1, 0, -1, 1, -1, -1, 0)"
Node_03799,7,[O . O | . X X | O O X],4,0.9419,2,"[2, 4]",,-0.7712,,0.9419,,,,,,"(-1, 0, -1, 0, 1, 1, -1, -1, 1)"
Node_03800,7,[X X O | . X O | O O .],9,0.9419,2,"[4, 9]",,,,-0.7458,,,,,0.9419,"(1, 1, -1, 0, 1, -1, -1, -1, 0)"
Node_03801,7,[. O . | X X O | X O O],1,0.9419,2,"[1, 3]",0.9419,,0.4686,,,,,,,"(0, -1, 0, 1, 1, -1, 1, -1, -1)"
Node_03802,7,[O O . | O X O | X . X],3,0.9419,2,"[3, 8]",,,0.9419,,,,,0.6862,,"(-1, -1, 0, -1, 1, -1, 1, 0, 1)"
Node_03803,7,[X . O | O X O | X O .],9,0.9419,2,"[2, 9]",,-0.5217,,,,,,,0.9419,"(1, 0, -1, -1, 1, -1, 1, -1, 0)"
Node_03804,7,[O X O | O O . | X X .],9,0.9419,2,"[6, 9]",,,,,,-0.6126,,,0.9419,"(-1, 1, -1, -1, -1, 0, 1, 1, 0)"
Node_03805,7,[O . O | O X O | . X X],2,0.9419,2,"[2, 7]",,0.9419,,,,,0.5695,,,"(-1, 0, -1, -1, 1, -1, 0, 1, 1)"
Node_03806,7,[. X X | O O X | O . O],1,0.9354,2,"[1, 8]",0.9354,,,,,,,-0.8784,,"(0, 1, 1, -1, -1, 1, -1, 0, -1)"
Node_03807,7,[. . O | O X X | O O X],1,0.9354,2,"[1, 2]",0.9354,-0.8649,,,,,,,,"(0, 0, -1, -1, 1, 1, -1, -1, 1)"
Node_03808,7,[X O X | O X O | . O .],7,0.9354,2,"[7, 9]",,,,,,,0.9354,,0.6862,"(1, -1, 1, -1, 1, -1, 0, -1, 0)"
Node_03809,7,[X O O | . O O | . X X],7,0.9354,2,"[4, 7]",,,,-0.6126,,,0.9354,,,"(1, -1, -1, 0, -1, -1, 0, 1, 1)"
Node_03810,7,[O . O | O X . | X X O],2,0.9354,2,"[2, 6]",,0.9354,,,,-0.8784,,,,"(-1, 0, -1, -1, 1, 0, 1, 1, -1)"
Node_03811,7,[O X O | O O . | . X X],7,0.9354,2,"[6, 7]",,,,,,-0.7176,0.9354,,,"(-1, 1, -1, -1, -1, 0, 0, 1, 1)"
Node_03812,7,[. O O | O X O | X . X],1,0.9354,2,"[1, 8]",0.9354,,,,,,,0.4686,,"(0, -1, -1, -1, 1, -1, 1, 0, 1)"
Node_03813,7,[O X X | O X O | . . O],7,0.9354,2,"[7, 8]",,,,,,,0.9354,0.5217,,"(-1, 1, 1, -1, 1, -1, 0, 0, -1)"
Node_03814,7,[O O X | . O X | O X .],9,0.9354,2,"[4, 9]",,,,-0.8499,,,,,0.9354,"(-1, -1, 1, 0, -1, 1, -1, 1, 0)"
Node_03815,7,[O . O | X X . | O X O],2,0.9354,2,"[2, 6]",,0.9354,,,,0.5695,,,,"(-1, 0, -1, 1, 1, 0, -1, 1, -1)"
Node_03816,7,[O . X | O X O | . X O],7,0.9354,2,"[2, 7]",,0.8147,,,,,0.9354,,,"(-1, 0, 1, -1, 1, -1, 0, 1, -1)"
Node_03817,7,[. . O | X O X | X O O],1,0.9282,2,"[1, 2]",0.9282,-0.7176,,,,,,,,"(0, 0, -1, 1, -1, 1, 1, -1, -1)"
Node_03818,7,[. O X | O X O | O . X],1,0.9282,2,"[1, 8]",0.9282,,,,,,,-0.7941,,"(0, -1, 1, -1, 1, -1, -1, 0, 1)"
Node_03819,7,[. O X | X O O | X . O],1,0.9282,2,"[1, 8]",0.9282,,,,,,,-0.8499,,"(0, -1, 1, 1, -1, -1, 1, 0, -1)"
Node_03820,7,[. X X | . O O | X O O],1,0.9282,2,"[1, 4]",0.9282,,,-0.7712,,,,,,"(0, 1, 1, 0, -1, -1, 1, -1, -1)"
Node_03821,7,[. O O | X O . | X X O],1,0.9282,2,"[1, 6]",0.9282,,,,,-0.7176,,,,"(0, -1, -1, 1, -1, 0, 1, 1, -1)"
Node_03822,7,[X X . | O O . | O X O],3,0.9282,2,"[3, 6]",,,0.9282,,,-0.4686,,,,"(1, 1, 0, -1, -1, 0, -1, 1, -1)"
Node_03823,7,[O O . | X O X | O . X],3,0.9282,2,"[3, 8]",,,0.9282,,,,,-0.8147,,"(-1, -1, 0, 1, -1, 1, -1, 0, 1)"
Node_03824,7,[. O O | X X O | . O X],1,0.9282,2,"[1, 7]",0.9282,,,,,,-0.7458,,,"(0, -1, -1, 1, 1, -1, 0, -1, 1)"
Node_03825,7,[O O . | O X O | X X .],9,0.9282,2,"[3, 9]",,,0.5695,,,,,,0.9282,"(-1, -1, 0, -1, 1, -1, 1, 1, 0)"
Node_03826,7,[X . O | . O X | X O O],4,0.9282,2,"[2, 4]",,0.0,,0.9282,,,,,,"(1, 0, -1, 0, -1, 1, 1, -1, -1)"
Node_03827,7,[O O X | . X X | O . O],4,0.9202,2,"[4, 8]",,,,0.9202,,,,-0.7176,,"(-1, -1, 1, 0, 1, 1, -1, 0, -1)"
Node_03828,7,[O . O | X X O | O X .],2,0.9202,2,"[2, 9]",,0.9202,,,,,,,-0.5217,"(-1, 0, -1, 1, 1, -1, -1, 1, 0)"
Node_03829,7,[. X . | O O X | O O X],3,0.9202,2,"[1, 3]",-0.7712,,0.9202,,,,,,,"(0, 1, 0, -1, -1, 1, -1, -1, 1)"
Node_03830,7,[X X . | O X O | O . O],3,0.9202,2,"[3, 8]",,,0.9202,,,,,0.7176,,"(1, 1, 0, -1, 1, -1, -1, 0, -1)"
Node_03831,7,[. O O | O O X | . X X],7,0.9202,2,"[1, 7]",-0.8784,,,,,,0.9202,,,"(0, -1, -1, -1, -1, 1, 0, 1, 1)"
Node_03832,7,[. O X | O X X | . O O],7,0.9202,2,"[1, 7]",-0.7458,,,,,,0.9202,,,"(0, -1, 1, -1, 1, 1, 0, -1, -1)"
Node_03833,7,[X O O | X X O | O . .],9,0.9202,2,"[8, 9]",,,,,,,,-0.4095,0.9202,"(1, -1, -1, 1, 1, -1, -1, 0, 0)"
Node_03834,7,[. X X | . O O | O X O],1,0.9202,2,"[1, 4]",0.9202,,,-0.8784,,,,,,"(0, 1, 1, 0, -1, -1, -1, 1, -1)"
Node_03835,7,[O . . | O X O | X X O],2,0.9202,2,"[2, 3]",,0.9202,0.6862,,,,,,,"(-1, 0, 0, -1, 1, -1, 1, 1, -1)"
Node_03836,7,[X O O | O . X | O . X],5,0.9202,2,"[5, 8]",,,,,0.9202,,,-0.6513,,"(1, -1, -1, -1, 0, 1, -1, 0, 1)"
Node_03837,7,[X O O | X X . | O . O],6,0.9202,2,"[6, 8]",,,,,,0.9202,,-0.8332,,"(1, -1, -1, 1, 1, 0, -1, 0, -1)"
Node_03838,7,[O . . | X O X | O O X],3,0.9202,2,"[2, 3]",,-0.5695,0.9202,,,,,,,"(-1, 0, 0, 1, -1, 1, -1, -1, 1)"
Node_03839,7,[X O . | X X O | . O O],7,0.9202,2,"[3, 7]",,,-0.4095,,,,0.9202,,,"(1, -1, 0, 1, 1, -1, 0, -1, -1)"
Node_03840,7,[X O O | . X X | O O .],4,0.9202,2,"[4, 9]",,,,0.9202,,,,,0.6513,"(1, -1, -1, 0, 1, 1, -1, -1, 0)"
Node_03841,7,[O O X | X X . | . O O],7,0.9202,2,"[6, 7]",,,,,,0.7458,0.9202,,,"(-1, -1, 1, 1, 1, 0, 0, -1, -1)"
Node_03842,7,[. O O | . X O | X O X],1,0.9202,2,"[1, 4]",0.9202,,,-0.7458,,,,,,"(0, -1, -1, 0, 1, -1, 1, -1, 1)"
Node_03843,7,[. O . | X X O | O O X],1,0.9202,2,"[1, 3]",0.9202,,0.0,,,,,,,"(0, -1, 0, 1, 1, -1, -1, -1, 1)"
Node_03844,7,[O . X | O X O | . O X],7,0.9202,2,"[2, 7]",,-0.4686,,,,,0.9202,,,"(-1, 0, 1, -1, 1, -1, 0, -1, 1)"
Node_03845,7,[O O X | O O . | X X .],9,0.9202,2,"[6, 9]",,,,,,-0.7176,,,0.9202,"(-1, -1, 1, -1, -1, 0, 1, 1, 0)"
Node_03846,7,[. O O | O X O | . X X],1,0.9114,2,"[1, 7]",0.9114,,,,,,0.4095,,,"(0, -1, -1, -1, 1, -1, 0, 1, 1)"
Node_03847,7,[X O O | X X . | O O .],9,0.9114,2,"[6, 9]",,,,,,0.6862,,,0.9114,"(1, -1, -1, 1, 1, 0, -1, -1, 0)"
Node_03848,7,[O O . | X X . | X O O],6,0.9114,2,"[3, 6]",,,0.7941,,,0.9114,,,,"(-1, -1, 0, 1, 1, 0, 1, -1, -1)"
Node_03849,7,[O O . | O X X | X O .],3,0.9114,2,"[3, 9]",,,0.9114,,,,,,-0.8332,"(-1, -1, 0, -1, 1, 1, 1, -1, 0)"
Node_03850,7,[O O X | O O X | . X .],9,0.9114,2,"[7, 9]",,,,,,,-0.6513,,0.9114,"(-1, -1, 1, -1, -1, 1, 0, 1, 0)"
Node_03851,7,[O O X | O X X | . . O],7,0.9114,2,"[7, 8]",,,,,,,0.9114,-0.5217,,"(-1, -1, 1, -1, 1, 1, 0, 0, -1)"
Node_03852,7,[X O . | X O O | . X O],7,0.9114,2,"[3, 7]",,,0.0,,,,0.9114,,,"(1, -1, 0, 1, -1, -1, 0, 1, -1)"
Node_03853,7,[X X O | O X O | . O .],9,0.9114,2,"[7, 9]",,,,,,,-0.7176,,0.9114,"(1, 1, -1, -1, 1, -1, 0, -1, 0)"
Node_03854,7,[O O X | O O . | X . X],6,0.9114,2,"[6, 8]",,,,,,0.9114,,0.7712,,"(-1, -1, 1, -1, -1, 0, 1, 0, 1)"
Node_03855,7,[. . O | O X O | O X X],1,0.9114,2,"[1, 2]",0.9114,0.6126,,,,,,,,"(0, 0, -1, -1, 1, -1, -1, 1, 1)"
Node_03856,7,[X . O | O X O | O X .],9,0.9114,2,"[2, 9]",,0.5695,,,,,,,0.9114,"(1, 0, -1, -1, 1, -1, -1, 1, 0)"
Node_03857,7,[X X . | O O X | O O .],3,0.9114,2,"[3, 9]",,,0.9114,,,,,,-0.3439,"(1, 1, 0, -1, -1, 1, -1, -1, 0)"
Node_03858,7,[O X X | O X . | . O O],7,0.9015,2,"[6, 7]",,,,,,-0.7458,0.9015,,,"(-1, 1, 1, -1, 1, 0, 0, -1, -1)"
Node_03859,7,[X . . | O O X | O O X],3,0.9015,2,"[2, 3]",,-0.7941,0.9015,,,,,,,"(1, 0, 0, -1, -1, 1, -1, -1, 1)"
Node_03860,7,[X X . | . O O | O O X],3,0.9015,2,"[3, 4]",,,0.9015,-0.8147,,,,,,"(1, 1, 0, 0, -1, -1, -1, -1, 1)"
Node_03861,7,[X O O | X . O | O . X],5,0.9015,2,"[5, 8]",,,,,0.9015,,,-0.5217,,"(1, -1, -1, 1, 0, -1, -1, 0, 1)"
Node_03862,7,[X X O | O X . | O O .],9,0.9015,2,"[6, 9]",,,,,,-0.6126,,,0.9015,"(1, 1, -1, -1, 1, 0, -1, -1, 0)"
Node_03863,7,[X X O | O X O | O . .],9,0.9015,2,"[8, 9]",,,,,,,,0.4686,0.9015,"(1, 1, -1, -1, 1, -1, -1, 0, 0)"
Node_03864,7,[O X O | . O O | X X .],9,0.9015,2,"[4, 9]",,,,-0.6513,,,,,0.9015,"(-1, 1, -1, 0, -1, -1, 1, 1, 0)"
Node_03865,7,[X O X | O X . | . O O],7,0.9015,2,"[6, 7]",,,,,,-0.6126,0.9015,,,"(1, -1, 1, -1, 1, 0, 0, -1, -1)"
Node_03866,7,[. X X | X O O | . O O],1,0.9015,2,"[1, 7]",0.9015,,,,,,-0.7176,,,"(0, 1, 1, 1, -1, -1, 0, -1, -1)"
Node_03867,7,[. X X | O X O | O . O],8,0.8906,2,"[1, 8]",0.7176,,,,,,,0.8906,,"(0, 1, 1, -1, 1, -1, -1, 0, -1)"
Node_03868,7,[. . X | O X O | O O X],1,0.8906,2,"[1, 2]",0.8906,-0.7458,,,,,,,,"(0, 0, 1, -1, 1, -1, -1, -1, 1)"
Node_03869,7,[X X . | O O . | O O X],3,0.8906,2,"[3, 6]",,,0.8906,,,-0.8147,,,,"(1, 1, 0, -1, -1, 0, -1, -1, 1)"
Node_03870,7,[X X . | X O O | . O O],7,0.8906,2,"[3, 7]",,,0.7176,,,,0.8906,,,"(1, 1, 0, 1, -1, -1, 0, -1, -1)"
Node_03871,7,[. X X | O X O | . O O],7,0.8906,2,"[1, 7]",0.7176,,,,,,0.8906,,,"(0, 1, 1, -1, 1, -1, 0, -1, -1)"
Node_03872,7,[X X . | O X O | O O .],9,0.8906,2,"[3, 9]",,,0.6126,,,,,,0.8906,"(1, 1, 0, -1, 1, -1, -1, -1, 0)"
Node_03873,7,[. O X | O X O | . O X],7,0.8906,2,"[1, 7]",0.7176,,,,,,0.8906,,,"(0, -1, 1, -1, 1, -1, 0, -1, 1)"
Node_03874,7,[X X O | X O . | . O O],7,0.8906,2,"[6, 7]",,,,,,-0.5217,0.8906,,,"(1, 1, -1, 1, -1, 0, 0, -1, -1)"
Node_03875,7,[X O O | X X . | . O O],7,0.8906,2,"[6, 7]",,,,,,0.6513,0.8906,,,"(1, -1, -1, 1, 1, 0, 0, -1, -1)"
Node_03876,7,[. O O | O X X | . O X],1,0.8906,2,"[1, 7]",0.8906,,,,,,-0.7712,,,"(0, -1, -1, -1, 1, 1, 0, -1, 1)"
Node_03877,7,[X O . | O X O | X . O],3,0.8784,2,"[3, 8]",,,0.8784,,,,,-0.4686,,"(1, -1, 0, -1, 1, -1, 1, 0, -1)"
Node_03878,7,[X X O | O X . | O . O],8,0.8784,2,"[6, 8]",,,,,,-0.8332,,0.8784,,"(1, 1, -1, -1, 1, 0, -1, 0, -1)"
Node_03879,7,[X . X | O X O | . O O],7,0.8784,2,"[2, 7]",,0.5217,,,,,0.8784,,,"(1, 0, 1, -1, 1, -1, 0, -1, -1)"
Node_03880,7,[O O . | O X O | . X X],7,0.8784,2,"[3, 7]",,,-0.7176,,,,0.8784,,,"(-1, -1, 0, -1, 1, -1, 0, 1, 1)"
Node_03881,7,[O . O | X O O | . X X],7,0.8784,2,"[2, 7]",,-0.5217,,,,,0.8784,,,"(-1, 0, -1, 1, -1, -1, 0, 1, 1)"
Node_03882,7,[O . O | . X X | O X O],2,0.8784,2,"[2, 4]",,0.8784,,0.5217,,,,,,"(-1, 0, -1, 0, 1, 1, -1, 1, -1)"
Node_03883,7,[O O X | O . . | X O X],5,0.8784,2,"[5, 6]",,,,,0.8784,0.6513,,,,"(-1, -1, 1, -1, 0, 0, 1, -1, 1)"
Node_03884,7,[. O O | . X O | O X X],1,0.8784,2,"[1, 4]",0.8784,,,-0.5217,,,,,,"(0, -1, -1, 0, 1, -1, -1, 1, 1)"
Node_03885,7,[. X X | O O X | O O .],9,0.8649,2,"[1, 9]",0.6126,,,,,,,,0.8649,"(0, 1, 1, -1, -1, 1, -1, -1, 0)"
Node_03886,7,[O X X | O X O | . O .],7,0.8649,2,"[7, 9]",,,,,,,0.8649,,-0.4095,"(-1, 1, 1, -1, 1, -1, 0, -1, 0)"
Node_03887,7,[O O . | X X O | X O .],3,0.8649,2,"[3, 9]",,,0.8649,,,,,,-0.7712,"(-1, -1, 0, 1, 1, -1, 1, -1, 0)"
Node_03888,7,[O . O | X . X | O O X],5,0.8649,2,"[2, 5]",,-0.5695,,,0.8649,,,,,"(-1, 0, -1, 1, 0, 1, -1, -1, 1)"
Node_03889,7,[X . O | O . O | X O X],5,0.8499,2,"[2, 5]",,-0.5695,,,0.8499,,,,,"(1, 0, -1, -1, 0, -1, 1, -1, 1)"
Node_03890,7,[X . O | X O O | . O X],7,0.8499,2,"[2, 7]",,-0.6862,,,,,0.8499,,,"(1, 0, -1, 1, -1, -1, 0, -1, 1)"
Node_03891,7,[O . X | X . O | X O O],5,0.8499,2,"[2, 5]",,-0.5217,,,0.8499,,,,,"(-1, 0, 1, 1, 0, -1, 1, -1, -1)"
Node_03892,7,[O . X | O X X | . O O],7,0.8499,2,"[2, 7]",,-0.7176,,,,,0.8499,,,"(-1, 0, 1, -1, 1, 1, 0, -1, -1)"
Node_03893,7,[X . O | X X O | O O .],9,0.8499,2,"[2, 9]",,-0.5217,,,,,,,0.8499,"(1, 0, -1, 1, 1, -1, -1, -1, 0)"
Node_03894,7,[O . O | X . X | X O O],5,0.8499,2,"[2, 5]",,-0.6513,,,0.8499,,,,,"(-1, 0, -1, 1, 0, 1, 1, -1, -1)"
Node_03895,7,[O . X | X O X | O O .],9,0.8499,2,"[2, 9]",,-0.5695,,,,,,,0.8499,"(-1, 0, 1, 1, -1, 1, -1, -1, 0)"
Node_03896,7,[X O X | . . O | X O O],5,0.8499,2,"[4, 5]",,,,0.4095,0.8499,,,,,"(1, -1, 1, 0, 0, -1, 1, -1, -1)"
Node_03897,7,[. O O | O X . | O X X],1,0.8499,2,"[1, 6]",0.8499,,,,,-0.6513,,,,"(0, -1, -1, -1, 1, 0, -1, 1, 1)"
Node_03898,7,[X . O | X . O | O O X],5,0.8499,2,"[2, 5]",,-0.4686,,,0.8499,,,,,"(1, 0, -1, 1, 0, -1, -1, -1, 1)"
Node_03899,7,[X O . | X X O | O O .],9,0.8499,2,"[3, 9]",,,-0.4095,,,,,,0.8499,"(1, -1, 0, 1, 1, -1, -1, -1, 0)"
Node_03900,7,[O X O | . . O | O X X],5,0.8332,2,"[4, 5]",,,,-0.271,0.8332,,,,,"(-1, 1, -1, 0, 0, -1, -1, 1, 1)"
Node_03901,7,[. X X | O X O | O O .],1,0.8332,2,"[1, 9]",0.8332,,,,,,,,-0.3439,"(0, 1, 1, -1, 1, -1, -1, -1, 0)"
Node_03902,7,[. O . | O X O | O X X],1,0.8332,2,"[1, 3]",0.8332,,-0.5217,,,,,,,"(0, -1, 0, -1, 1, -1, -1, 1, 1)"
Node_03903,7,[O O . | O O X | . X X],7,0.8332,2,"[3, 7]",,,0.4686,,,,0.8332,,,"(-1, -1, 0, -1, -1, 1, 0, 1, 1)"
Node_03904,7,[X O O | O . O | X . X],8,0.8332,2,"[5, 8]",,,,,0.6862,,,0.8332,,"(1, -1, -1, -1, 0, -1, 1, 0, 1)"
Node_03905,7,[O O . | . X O | X X O],3,0.8147,2,"[3, 4]",,,0.8147,-0.7941,,,,,,"(-1, -1, 0, 0, 1, -1, 1, 1, -1)"
Node_03906,7,[O O . | O X . | X X O],3,0.8147,2,"[3, 6]",,,0.8147,,,-0.6513,,,,"(-1, -1, 0, -1, 1, 0, 1, 1, -1)"
Node_03907,7,[O O X | O . X | X O .],9,0.8147,2,"[5, 9]",,,,,0.5695,,,,0.8147,"(-1, -1, 1, -1, 0, 1, 1, -1, 0)"
Node_03908,7,[X O X | X . O | . O O],7,0.8147,2,"[5, 7]",,,,,-0.5695,,0.8147,,,"(1, -1, 1, 1, 0, -1, 0, -1, -1)"
Node_03909,7,[O O X | . . O | X O X],5,0.8147,2,"[4, 5]",,,,-0.5695,0.8147,,,,,"(-1, -1, 1, 0, 0, -1, 1, -1, 1)"
Node_03910,7,[X O X | O . . | X O O],5,0.8147,2,"[5, 6]",,,,,0.8147,-0.5695,,,,"(1, -1, 1, -1, 0, 0, 1, -1, -1)"
Node_03911,7,[O O X | X . X | O . O],5,0.8147,2,"[5, 8]",,,,,0.8147,,,-0.5695,,"(-1, -1, 1, 1, 0, 1, -1, 0, -1)"
Node_03912,7,[O O . | . X X | O O X],3,0.8147,2,"[3, 4]",,,0.8147,0.271,,,,,,"(-1, -1, 0, 0, 1, 1, -1, -1, 1)"
Node_03913,7,[X O X | O . O | O . X],5,0.8147,2,"[5, 8]",,,,,0.8147,,,-0.6126,,"(1, -1, 1, -1, 0, -1, -1, 0, 1)"
Node_03914,7,[X . O | O . X | O O X],5,0.8147,2,"[2, 5]",,-0.6513,,,0.8147,,,,,"(1, 0, -1, -1, 0, 1, -1, -1, 1)"
Node_03915,7,[O X O | X . X | . O O],5,0.7941,2,"[5, 7]",,,,,0.7941,,-0.6126,,,"(-1, 1, -1, 1, 0, 1, 0, -1, -1)"
Node_03916,7,[X X . | O X O | . O O],3,0.7941,2,"[3, 7]",,,0.7941,,,,-0.4095,,,"(1, 1, 0, -1, 1, -1, 0, -1, -1)"
Node_03917,7,[O X O | O . O | X . X],8,0.7941,2,"[5, 8]",,,,,0.0,,,0.7941,,"(-1, 1, -1, -1, 0, -1, 1, 0, 1)"
Node_03918,7,[. . X | X O O | X O O],1,0.7941,2,"[1, 2]",0.7941,-0.6126,,,,,,,,"(0, 0, 1, 1, -1, -1, 1, -1, -1)"
Node_03919,7,[X X . | O . O | O O X],3,0.7941,2,"[3, 5]",,,0.7941,,0.5217,,,,,"(1, 1, 0, -1, 0, -1, -1, -1, 1)"
Node_03920,7,[X O O | . . O | X O X],4,0.7941,2,"[4, 5]",,,,0.7941,0.5695,,,,,"(1, -1, -1, 0, 0, -1, 1, -1, 1)"
Node_03921,7,[X O O | O . . | X O X],5,0.7941,2,"[5, 6]",,,,,0.7941,-0.1,,,,"(1, -1, -1, -1, 0, 0, 1, -1, 1)"
Node_03922,7,[X O O | X O X | . . O],7,0.7941,2,"[7, 8]",,,,,,,0.7941,-0.8499,,"(1, -1, -1, 1, -1, 1, 0, 0, -1)"
Node_03923,7,[X . X | O . O | O O X],2,0.7941,2,"[2, 5]",,0.7941,,,0.3439,,,,,"(1, 0, 1, -1, 0, -1, -1, -1, 1)"
Node_03924,7,[O . O | O O X | . X X],7,0.7941,2,"[2, 7]",,-0.4095,,,,,0.7941,,,"(-1, 0, -1, -1, -1, 1, 0, 1, 1)"
Node_03925,7,[X O . | X . O | O O X],5,0.7941,2,"[3, 5]",,,-0.4686,,0.7941,,,,,"(1, -1, 0, 1, 0, -1, -1, -1, 1)"
Node_03926,7,[. O O | O X O | X X .],9,0.7941,2,"[1, 9]",-0.5217,,,,,,,,0.7941,"(0, -1, -1, -1, 1, -1, 1, 1, 0)"
Node_03927,7,[X O O | O . . | O X X],5,0.7712,2,"[5, 6]",,,,,0.7712,-0.6126,,,,"(1, -1, -1, -1, 0, 0, -1, 1, 1)"
Node_03928,7,[X X . | . O O | O X O],3,0.7712,2,"[3, 4]",,,0.7712,-0.5217,,,,,,"(1, 1, 0, 0, -1, -1, -1, 1, -1)"
Node_03929,7,[X O O | . . O | O X X],5,0.7712,2,"[4, 5]",,,,-0.4095,0.7712,,,,,"(1, -1, -1, 0, 0, -1, -1, 1, 1)"
Node_03930,7,[X O X | O . . | O O X],5,0.7712,2,"[5, 6]",,,,,0.7712,0.5217,,,,"(1, -1, 1, -1, 0, 0, -1, -1, 1)"
Node_03931,7,[. O . | O X O | X X O],3,0.7712,2,"[1, 3]",-0.6126,,0.7712,,,,,,,"(0, -1, 0, -1, 1, -1, 1, 1, -1)"
Node_03932,7,[X O O | O . O | X X .],9,0.7712,2,"[5, 9]",,,,,-0.4095,,,,0.7712,"(1, -1, -1, -1, 0, -1, 1, 1, 0)"
Node_03933,7,[. O O | . X X | O O X],1,0.7712,2,"[1, 4]",0.7712,,,0.7458,,,,,,"(0, -1, -1, 0, 1, 1, -1, -1, 1)"
Node_03934,7,[X X O | O . . | O O X],5,0.7458,2,"[5, 6]",,,,,0.7458,-0.3439,,,,"(1, 1, -1, -1, 0, 0, -1, -1, 1)"
Node_03935,7,[X O O | X . . | O O X],5,0.7458,2,"[5, 6]",,,,,0.7458,-0.4686,,,,"(1, -1, -1, 1, 0, 0, -1, -1, 1)"
Node_03936,7,[O X . | X . O | O X O],5,0.7458,2,"[3, 5]",,,-0.7176,,0.7458,,,,,"(-1, 1, 0, 1, 0, -1, -1, 1, -1)"
Node_03937,7,[. X O | O . X | O X O],5,0.7458,2,"[1, 5]",-0.5217,,,,0.7458,,,,,"(0, 1, -1, -1, 0, 1, -1, 1, -1)"
Node_03938,7,[O O X | O . O | X . X],8,0.7458,2,"[5, 8]",,,,,0.4686,,,0.7458,,"(-1, -1, 1, -1, 0, -1, 1, 0, 1)"
Node_03939,7,[O O X | . . O | X X O],5,0.7458,2,"[4, 5]",,,,-0.6862,0.7458,,,,,"(-1, -1, 1, 0, 0, -1, 1, 1, -1)"
Node_03940,7,[O O . | O . X | X O X],3,0.7458,2,"[3, 5]",,,0.7458,,-0.6126,,,,,"(-1, -1, 0, -1, 0, 1, 1, -1, 1)"
Node_03941,7,[X X O | O . O | O . X],5,0.7176,2,"[5, 8]",,,,,0.7176,,,-0.6862,,"(1, 1, -1, -1, 0, -1, -1, 0, 1)"
Node_03942,7,[X O O | X O O | . X .],7,0.7176,2,"[7, 9]",,,,,,,0.7176,,-0.4686,"(1, -1, -1, 1, -1, -1, 0, 1, 0)"
Node_03943,7,[O X X | O . O | X O .],5,0.7176,2,"[5, 9]",,,,,0.7176,,,,-0.271,"(-1, 1, 1, -1, 0, -1, 1, -1, 0)"
Node_03944,7,[X O X | . . O | O O X],5,0.7176,2,"[4, 5]",,,,-0.5217,0.7176,,,,,"(1, -1, 1, 0, 0, -1, -1, -1, 1)"
Node_03945,7,[O O X | O . O | X X .],5,0.7176,2,"[5, 9]",,,,,0.7176,,,,0.5217,"(-1, -1, 1, -1, 0, -1, 1, 1, 0)"
Node_03946,7,[O O X | O . X | X . O],5,0.6862,2,"[5, 8]",,,,,0.6862,,,-0.4095,,"(-1, -1, 1, -1, 0, 1, 1, 0, -1)"
Node_03947,7,[O O X | X . . | X O O],5,0.6862,2,"[5, 6]",,,,,0.6862,-0.7458,,,,"(-1, -1, 1, 1, 0, 0, 1, -1, -1)"
Node_03948,7,[X X O | . . O | O O X],5,0.6862,2,"[4, 5]",,,,-0.4686,0.6862,,,,,"(1, 1, -1, 0, 0, -1, -1, -1, 1)"
Node_03949,7,[O O X | X . . | O O X],6,0.6862,2,"[5, 6]",,,,,0.0,0.6862,,,,"(-1, -1, 1, 1, 0, 0, -1, -1, 1)"
Node_03950,7,[. X X | O . O | O X O],1,0.6862,2,"[1, 5]",0.6862,,,,0.4095,,,,,"(0, 1, 1, -1, 0, -1, -1, 1, -1)"
Node_03951,7,[. O O | X X O | X O .],1,0.6862,2,"[1, 9]",0.6862,,,,,,,,-0.6126,"(0, -1, -1, 1, 1, -1, 1, -1, 0)"
Node_03952,7,[X O O | . . X | X O O],4,0.6862,2,"[4, 5]",,,,0.6862,0.0,,,,,"(1, -1, -1, 0, 0, 1, 1, -1, -1)"
Node_03953,7,[O X X | . . O | O X O],5,0.6862,2,"[4, 5]",,,,-0.4095,0.6862,,,,,"(-1, 1, 1, 0, 0, -1, -1, 1, -1)"
Node_03954,7,[X O O | X . O | . O X],7,0.6862,2,"[5, 7]",,,,,0.4686,,0.6862,,,"(1, -1, -1, 1, 0, -1, 0, -1, 1)"
Node_03955,7,[O X O | O . X | . X O],5,0.6862,2,"[5, 7]",,,,,0.6862,,-0.4095,,,"(-1, 1, -1, -1, 0, 1, 0, 1, -1)"
Node_03956,7,[. X O | O . O | O X X],5,0.6513,2,"[1, 5]",-0.3439,,,,0.6513,,,,,"(0, 1, -1, -1, 0, -1, -1, 1, 1)"
Node_03957,7,[X . X | O . O | O X O],2,0.6513,2,"[2, 5]",,0.6513,,,0.0,,,,,"(1, 0, 1, -1, 0, -1, -1, 1, -1)"
Node_03958,7,[. O X | O . O | X X O],5,0.6513,2,"[1, 5]",-0.4686,,,,0.6513,,,,,"(0, -1, 1, -1, 0, -1, 1, 1, -1)"
Node_03959,7,[. O O | O X X | O . X],1,0.6513,2,"[1, 8]",0.6513,,,,,,,-0.4095,,"(0, -1, -1, -1, 1, 1, -1, 0, 1)"
Node_03960,7,[X O . | O . O | O X X],5,0.6513,2,"[3, 5]",,,-0.4686,,0.6513,,,,,"(1, -1, 0, -1, 0, -1, -1, 1, 1)"
Node_03961,7,[O X O | O . . | X X O],5,0.6513,2,"[5, 6]",,,,,0.6513,-0.6513,,,,"(-1, 1, -1, -1, 0, 0, 1, 1, -1)"
Node_03962,7,[O X X | O . . | X O O],5,0.6513,2,"[5, 6]",,,,,0.6513,-0.4686,,,,"(-1, 1, 1, -1, 0, 0, 1, -1, -1)"
Node_03963,7,[X O X | O . O | X . O],5,0.6513,2,"[5, 8]",,,,,0.6513,,,-0.4686,,"(1, -1, 1, -1, 0, -1, 1, 0, -1)"
Node_03964,7,[X O O | . . X | O O X],5,0.6513,2,"[4, 5]",,,,-0.5217,0.6513,,,,,"(1, -1, -1, 0, 0, 1, -1, -1, 1)"
Node_03965,7,[O X X | O . O | X . O],5,0.6513,2,"[5, 8]",,,,,0.6513,,,-0.19,,"(-1, 1, 1, -1, 0, -1, 1, 0, -1)"
Node_03966,7,[X X O | O . O | . O X],5,0.6126,2,"[5, 7]",,,,,0.6126,,-0.5217,,,"(1, 1, -1, -1, 0, -1, 0, -1, 1)"
Node_03967,7,[O X O | O . O | . X X],5,0.6126,2,"[5, 7]",,,,,0.6126,,0.271,,,"(-1, 1, -1, -1, 0, -1, 0, 1, 1)"
Node_03968,7,[O . X | O . O | X O X],5,0.6126,2,"[2, 5]",,-0.4095,,,0.6126,,,,,"(-1, 0, 1, -1, 0, -1, 1, -1, 1)"
Node_03969,7,[. O O | X . X | X O O],5,0.6126,2,"[1, 5]",0.3439,,,,0.6126,,,,,"(0, -1, -1, 1, 0, 1, 1, -1, -1)"
Node_03970,7,[. X X | O . O | O O X],1,0.6126,2,"[1, 5]",0.6126,,,,-0.19,,,,,"(0, 1, 1, -1, 0, -1, -1, -1, 1)"
Node_03971,7,[X X O | O . . | O X O],5,0.6126,2,"[5, 6]",,,,,0.6126,-0.6513,,,,"(1, 1, -1, -1, 0, 0, -1, 1, -1)"
Node_03972,7,[O . X | O . O | X X O],5,0.6126,2,"[2, 5]",,-0.5695,,,0.6126,,,,,"(-1, 0, 1, -1, 0, -1, 1, 1, -1)"
Node_03973,7,[X . O | O . O | O X X],5,0.6126,2,"[2, 5]",,-0.3439,,,0.6126,,,,,"(1, 0, -1, -1, 0, -1, -1, 1, 1)"
Node_03974,7,[X O . | O . X | O O X],3,0.6126,2,"[3, 5]",,,0.6126,,0.4686,,,,,"(1, -1, 0, -1, 0, 1, -1, -1, 1)"
Node_03975,7,[O O . | X X O | X . O],3,0.5695,2,"[3, 8]",,,0.5695,,,,,-0.7176,,"(-1, -1, 0, 1, 1, -1, 1, 0, -1)"
Node_03976,7,[O O . | O X X | . O X],3,0.5695,2,"[3, 7]",,,0.5695,,,,-0.5217,,,"(-1, -1, 0, -1, 1, 1, 0, -1, 1)"
Node_03977,7,[. O O | X . X | O X O],5,0.5695,2,"[1, 5]",-0.1,,,,0.5695,,,,,"(0, -1, -1, 1, 0, 1, -1, 1, -1)"
Node_03978,7,[O X X | . . O | X O O],5,0.5695,2,"[4, 5]",,,,-0.5217,0.5695,,,,,"(-1, 1, 1, 0, 0, -1, 1, -1, -1)"
Node_03979,7,[O O X | O . O | . X X],7,0.5695,2,"[5, 7]",,,,,-0.4095,,0.5695,,,"(-1, -1, 1, -1, 0, -1, 0, 1, 1)"
Node_03980,7,[X O X | O . O | X O .],5,0.5695,2,"[5, 9]",,,,,0.5695,,,,-0.5217,"(1, -1, 1, -1, 0, -1, 1, -1, 0)"
Node_03981,7,[X O X | O . O | . O X],5,0.5695,2,"[5, 7]",,,,,0.5695,,-0.4686,,,"(1, -1, 1, -1, 0, -1, 0, -1, 1)"
Node_03982,7,[X O O | O . O | . X X],7,0.5695,2,"[5, 7]",,,,,0.271,,0.5695,,,"(1, -1, -1, -1, 0, -1, 0, 1, 1)"
Node_03983,7,[. O . | O X X | O O X],1,0.5695,2,"[1, 3]",0.5695,,0.5695,,,,,,,"(0, -1, 0, -1, 1, 1, -1, -1, 1)"
Node_03984,7,[. O X | O . O | X O X],5,0.5695,2,"[1, 5]",-0.4095,,,,0.5695,,,,,"(0, -1, 1, -1, 0, -1, 1, -1, 1)"
Node_03985,7,[O O . | X . X | O O X],3,0.5217,2,"[3, 5]",,,0.5217,,0.271,,,,,"(-1, -1, 0, 1, 0, 1, -1, -1, 1)"
Node_03986,7,[O O X | X . X | O O .],5,0.5217,2,"[5, 9]",,,,,0.5217,,,,0.4095,"(-1, -1, 1, 1, 0, 1, -1, -1, 0)"
Node_03987,7,[O X O | X . X | O . O],5,0.5217,2,"[5, 8]",,,,,0.5217,,,-0.271,,"(-1, 1, -1, 1, 0, 1, -1, 0, -1)"
Node_03988,7,[X . X | O . O | X O O],5,0.5217,2,"[2, 5]",,0.4095,,,0.5217,,,,,"(1, 0, 1, -1, 0, -1, 1, -1, -1)"
Node_03989,7,[O X O | X . . | O X O],5,0.5217,2,"[5, 6]",,,,,0.5217,-0.4686,,,,"(-1, 1, -1, 1, 0, 0, -1, 1, -1)"
Node_03990,7,[O O . | X . X | O X O],5,0.5217,2,"[3, 5]",,,0.0,,0.5217,,,,,"(-1, -1, 0, 1, 0, 1, -1, 1, -1)"
Node_03991,7,[O . X | O . X | X O O],5,0.5217,2,"[2, 5]",,-0.6126,,,0.5217,,,,,"(-1, 0, 1, -1, 0, 1, 1, -1, -1)"
Node_03992,7,[O O X | X . O | X O .],5,0.5217,2,"[5, 9]",,,,,0.5217,,,,-0.3439,"(-1, -1, 1, 1, 0, -1, 1, -1, 0)"
Node_03993,7,[. O O | X . O | X O X],1,0.5217,2,"[1, 5]",0.5217,,,,-0.1,,,,,"(0, -1, -1, 1, 0, -1, 1, -1, 1)"
Node_03994,7,[X X . | O . O | O X O],5,0.4686,2,"[3, 5]",,,0.271,,0.4686,,,,,"(1, 1, 0, -1, 0, -1, -1, 1, -1)"
Node_03995,7,[O O . | X . X | X O O],5,0.4686,2,"[3, 5]",,,-0.4686,,0.4686,,,,,"(-1, -1, 0, 1, 0, 1, 1, -1, -1)"
Node_03996,7,[O O X | X . O | X . O],5,0.4686,2,"[5, 8]",,,,,0.4686,,,-0.5695,,"(-1, -1, 1, 1, 0, -1, 1, 0, -1)"
Node_03997,7,[X O O | X . X | O O .],5,0.4686,2,"[5, 9]",,,,,0.4686,,,,-0.19,"(1, -1, -1, 1, 0, 1, -1, -1, 0)"
Node_03998,7,[. O X | X . O | X O O],5,0.4686,2,"[1, 5]",0.1,,,,0.4686,,,,,"(0, -1, 1, 1, 0, -1, 1, -1, -1)"
Node_03999,7,[O O X | . . X | X O O],5,0.4686,2,"[4, 5]",,,,-0.4095,0.4686,,,,,"(-1, -1, 1, 0, 0, 1, 1, -1, -1)"
Node_04000,7,[O O X | O . . | X X O],5,0.4686,2,"[5, 6]",,,,,0.4686,-0.3439,,,,"(-1, -1, 1, -1, 0, 0, 1, 1, -1)"
Node_04001,7,[. X X | O . O | X O O],1,0.4686,2,"[1, 5]",0.4686,,,,0.3439,,,,,"(0, 1, 1, -1, 0, -1, 1, -1, -1)"
Node_04002,7,[O O X | X . X | . O O],5,0.4686,2,"[5, 7]",,,,,0.4686,,-0.4686,,,"(-1, -1, 1, 1, 0, 1, 0, -1, -1)"
Node_04003,7,[O X X | O . O | . X O],5,0.4686,2,"[5, 7]",,,,,0.4686,,-0.1,,,"(-1, 1, 1, -1, 0, -1, 0, 1, -1)"
Node_04004,7,[O X O | X . O | O X .],5,0.4095,2,"[5, 9]",,,,,0.4095,,,,-0.4686,"(-1, 1, -1, 1, 0, -1, -1, 1, 0)"
Node_04005,7,[O . O | X . X | O X O],5,0.4095,2,"[2, 5]",,-0.6862,,,0.4095,,,,,"(-1, 0, -1, 1, 0, 1, -1, 1, -1)"
Node_04006,7,[X X O | O . O | O X .],5,0.4095,2,"[5, 9]",,,,,0.4095,,,,-0.271,"(1, 1, -1, -1, 0, -1, -1, 1, 0)"
Node_04007,7,[X X . | O . O | X O O],3,0.4095,2,"[3, 5]",,,0.4095,,-0.4095,,,,,"(1, 1, 0, -1, 0, -1, 1, -1, -1)"
Node_04008,7,[O X O | X . X | O O .],5,0.4095,2,"[5, 9]",,,,,0.4095,,,,-0.5217,"(-1, 1, -1, 1, 0, 1, -1, -1, 0)"
Node_04009,7,[X O . | O . O | X O X],5,0.4095,2,"[3, 5]",,,-0.271,,0.4095,,,,,"(1, -1, 0, -1, 0, -1, 1, -1, 1)"
Node_04010,7,[X O X | O . X | O O .],9,0.3439,2,"[5, 9]",,,,,-0.3439,,,,0.3439,"(1, -1, 1, -1, 0, 1, -1, -1, 0)"
Node_04011,7,[. O X | O . X | X O O],5,0.3439,2,"[1, 5]",-0.7176,,,,0.3439,,,,,"(0, -1, 1, -1, 0, 1, 1, -1, -1)"
Node_04012,7,[O X O | O . O | X X .],9,0.3439,2,"[5, 9]",,,,,0.1,,,,0.3439,"(-1, 1, -1, -1, 0, -1, 1, 1, 0)"
Node_04013,7,[X O O | X . X | O . O],5,0.3439,2,"[5, 8]",,,,,0.3439,,,-0.4686,,"(1, -1, -1, 1, 0, 1, -1, 0, -1)"
Node_04014,7,[O X O | . . X | O X O],5,0.3439,2,"[4, 5]",,,,-0.271,0.3439,,,,,"(-1, 1, -1, 0, 0, 1, -1, 1, -1)"
Node_04015,7,[O X . | O . O | X X O],5,0.271,2,"[3, 5]",,,-0.19,,0.271,,,,,"(-1, 1, 0, -1, 0, -1, 1, 1, -1)"
Node_04016,7,[. O O | X . X | O O X],5,0.271,2,"[1, 5]",0.0,,,,0.271,,,,,"(0, -1, -1, 1, 0, 1, -1, -1, 1)"
Node_04017,7,[X O O | O . X | . O X],5,0.19,2,"[5, 7]",,,,,0.19,,-0.1,,,"(1, -1, -1, -1, 0, 1, 0, -1, 1)"
Node_04018,7,[X O O | X . X | . O O],5,0.1,2,"[5, 7]",,,,,0.1,,0.1,,,"(1, -1, -1, 1, 0, 1, 0, -1, -1)"
Node_04019,7,[O X O | . X O | . O X],4,0.0,2,"[4, 7]",,,,0.0,,,0.0,,,"(-1, 1, -1, 0, 1, -1, 0, -1, 1)"
Node_04020,7,[X . O | O . X | O X O],5,0.0,2,"[2, 5]",,-0.7458,,,0.0,,,,,"(1, 0, -1, -1, 0, 1, -1, 1, -1)"
Node_04021,7,[. X O | O X . | X O O],6,0.0,2,"[1, 6]",-0.9913,,,,,0.0,,,,"(0, 1, -1, -1, 1, 0, 1, -1, -1)"
Node_04022,7,[. O . | X O O | O X X],3,0.0,2,"[1, 3]",-0.9929,,0.0,,,,,,,"(0, -1, 0, 1, -1, -1, -1, 1, 1)"
Node_04023,7,[O X O | . O X | X O .],9,0.0,2,"[4, 9]",,,,-0.7941,,,,,0.0,"(-1, 1, -1, 0, -1, 1, 1, -1, 0)"
Node_04024,7,[O X . | O . O | X O X],5,0.0,2,"[3, 5]",,,-0.4686,,0.0,,,,,"(-1, 1, 0, -1, 0, -1, 1, -1, 1)"
Node_04025,7,[. O X | O X . | O X O],1,0.0,2,"[1, 6]",0.0,,,,,-0.9948,,,,"(0, -1, 1, -1, 1, 0, -1, 1, -1)"
Node_04026,7,[O X . | X . O | O O X],3,0.0,2,"[3, 5]",,,0.0,,0.0,,,,,"(-1, 1, 0, 1, 0, -1, -1, -1, 1)"
Node_04027,7,[O X O | X . . | O O X],5,0.0,2,"[5, 6]",,,,,0.0,-0.6513,,,,"(-1, 1, -1, 1, 0, 0, -1, -1, 1)"
Node_04028,7,[. X O | O O . | X O X],6,0.0,2,"[1, 6]",-0.9996,,,,,0.0,,,,"(0, 1, -1, -1, -1, 0, 1, -1, 1)"
Node_04029,7,[O O X | X O . | O X .],9,0.0,2,"[6, 9]",,,,,,-0.7941,,,0.0,"(-1, -1, 1, 1, -1, 0, -1, 1, 0)"
Node_04030,7,[X O O | O O X | . X .],7,0.0,2,"[7, 9]",,,,,,,0.0,,-0.9992,"(1, -1, -1, -1, -1, 1, 0, 1, 0)"
Node_04031,7,[. O X | X O . | O X O],1,0.0,2,"[1, 6]",0.0,,,,,-0.9477,,,,"(0, -1, 1, 1, -1, 0, -1, 1, -1)"
Node_04032,7,[X . O | O O X | . X O],7,0.0,2,"[2, 7]",,-0.9015,,,,,0.0,,,"(1, 0, -1, -1, -1, 1, 0, 1, -1)"
Node_04033,7,[X O . | O X X | O . O],8,0.0,2,"[3, 8]",,,-0.975,,,,,0.0,,"(1, -1, 0, -1, 1, 1, -1, 0, -1)"
Node_04034,7,[X O . | O X O | . X O],3,0.0,2,"[3, 7]",,,0.0,,,,-0.8332,,,"(1, -1, 0, -1, 1, -1, 0, 1, -1)"
Node_04035,7,[O X O | X . O | O . X],5,0.0,2,"[5, 8]",,,,,0.0,,,-0.6862,,"(-1, 1, -1, 1, 0, -1, -1, 0, 1)"
Node_04036,7,[. O X | X O O | O . X],8,0.0,2,"[1, 8]",-1.0,,,,,,,0.0,,"(0, -1, 1, 1, -1, -1, -1, 0, 1)"
Node_04037,7,[X O X | O O . | O X .],6,0.0,2,"[6, 9]",,,,,,0.0,,,-0.997,"(1, -1, 1, -1, -1, 0, -1, 1, 0)"
Node_04038,7,[O X X | X . O | O O .],9,0.0,2,"[5, 9]",,,,,-0.6513,,,,0.0,"(-1, 1, 1, 1, 0, -1, -1, -1, 0)"
Node_04039,7,[X . . | O O X | X O O],2,0.0,2,"[2, 3]",,0.0,-0.9995,,,,,,,"(1, 0, 0, -1, -1, 1, 1, -1, -1)"
Node_04040,7,[X X O | O O X | . . O],7,0.0,2,"[7, 8]",,,,,,,0.0,-0.9775,,"(1, 1, -1, -1, -1, 1, 0, 0, -1)"
Node_04041,7,[O . X | X . O | O O X],2,0.0,2,"[2, 5]",,0.0,,,0.0,,,,,"(-1, 0, 1, 1, 0, -1, -1, -1, 1)"
Node_04042,7,[X O . | O O X | X . O],8,0.0,2,"[3, 8]",,,-0.9991,,,,,0.0,,"(1, -1, 0, -1, -1, 1, 1, 0, -1)"
Node_04043,7,[X O O | O . . | X X O],6,0.0,2,"[5, 6]",,,,,-0.6126,0.0,,,,"(1, -1, -1, -1, 0, 0, 1, 1, -1)"
Node_04044,7,[O X . | X X O | O O .],9,0.0,2,"[3, 9]",,,-0.9958,,,,,,0.0,"(-1, 1, 0, 1, 1, -1, -1, -1, 0)"
Node_04045,7,[O X O | O O X | . . X],7,0.0,2,"[7, 8]",,,,,,,0.0,-0.7176,,"(-1, 1, -1, -1, -1, 1, 0, 0, 1)"
Node_04046,7,[O O . | X X O | . O X],3,0.0,2,"[3, 7]",,,0.0,,,,-0.7712,,,"(-1, -1, 0, 1, 1, -1, 0, -1, 1)"
Node_04047,7,[. O X | O X O | O X .],1,0.0,2,"[1, 9]",0.0,,,,,,,,-0.6513,"(0, -1, 1, -1, 1, -1, -1, 1, 0)"
Node_04048,7,[X O X | O O X | . . O],8,0.0,2,"[7, 8]",,,,,,,-0.9852,0.0,,"(1, -1, 1, -1, -1, 1, 0, 0, -1)"
Node_04049,7,[X X O | O . . | X O O],6,0.0,2,"[5, 6]",,,,,-0.5695,0.0,,,,"(1, 1, -1, -1, 0, 0, 1, -1, -1)"
Node_04050,7,[O X O | . . X | X O O],5,0.0,2,"[4, 5]",,,,-0.5695,0.0,,,,,"(-1, 1, -1, 0, 0, 1, 1, -1, -1)"
Node_04051,7,[O X O | O X . | . O X],7,0.0,2,"[6, 7]",,,,,,-0.9867,0.0,,,"(-1, 1, -1, -1, 1, 0, 0, -1, 1)"
Node_04052,7,[O X . | O O . | X O X],6,0.0,2,"[3, 6]",,,-0.9999,,,0.0,,,,"(-1, 1, 0, -1, -1, 0, 1, -1, 1)"
Node_04053,7,[. X O | O . O | X O X],5,0.0,2,"[1, 5]",-0.4095,,,,0.0,,,,,"(0, 1, -1, -1, 0, -1, 1, -1, 1)"
Node_04054,7,[X . O | O O . | X X O],6,0.0,2,"[2, 6]",,-0.9691,,,,0.0,,,,"(1, 0, -1, -1, -1, 0, 1, 1, -1)"
Node_04055,7,[X X O | O O . | X . O],6,0.0,2,"[6, 8]",,,,,,0.0,,-0.9354,,"(1, 1, -1, -1, -1, 0, 1, 0, -1)"
Node_04056,7,[O X O | . O X | . O X],7,0.0,2,"[4, 7]",,,,-0.8499,,,0.0,,,"(-1, 1, -1, 0, -1, 1, 0, -1, 1)"
Node_04057,7,[O X X | X O O | . O .],9,0.0,2,"[7, 9]",,,,,,,-0.9913,,0.0,"(-1, 1, 1, 1, -1, -1, 0, -1, 0)"
Node_04058,7,[X O X | . O O | O X .],4,0.0,2,"[4, 9]",,,,0.0,,,,,-0.9975,"(1, -1, 1, 0, -1, -1, -1, 1, 0)"
Node_04059,7,[O X O | O . X | X . O],5,0.0,2,"[5, 8]",,,,,0.0,,,-0.5217,,"(-1, 1, -1, -1, 0, 1, 1, 0, -1)"
Node_04060,7,[. O X | . O X | O X O],1,0.0,2,"[1, 4]",0.0,,,-0.9114,,,,,,"(0, -1, 1, 0, -1, 1, -1, 1, -1)"
Node_04061,7,[. O X | X . O | O X O],1,0.0,2,"[1, 5]",0.0,,,,0.0,,,,,"(0, -1, 1, 1, 0, -1, -1, 1, -1)"
Node_04062,7,[O X X | X O O | O . .],9,0.0,2,"[8, 9]",,,,,,,,-0.9576,0.0,"(-1, 1, 1, 1, -1, -1, -1, 0, 0)"
Node_04063,7,[X . O | O X X | O . O],8,0.0,2,"[2, 8]",,-0.8649,,,,,,0.0,,"(1, 0, -1, -1, 1, 1, -1, 0, -1)"
Node_04064,7,[X O X | O . . | O X O],5,0.0,2,"[5, 6]",,,,,0.0,0.0,,,,"(1, -1, 1, -1, 0, 0, -1, 1, -1)"
Node_04065,7,[O X O | X O O | . . X],7,0.0,2,"[7, 8]",,,,,,,0.0,-0.6513,,"(-1, 1, -1, 1, -1, -1, 0, 0, 1)"
Node_04066,7,[. X O | O O X | X . O],1,0.0,2,"[1, 8]",0.0,,,,,,,-0.9657,,"(0, 1, -1, -1, -1, 1, 1, 0, -1)"
Node_04067,7,[X O X | O . O | O X .],5,0.0,2,"[5, 9]",,,,,0.0,,,,-0.5217,"(1, -1, 1, -1, 0, -1, -1, 1, 0)"
Node_04068,7,[. X O | O O X | . O X],7,0.0,2,"[1, 7]",-0.9691,,,,,,0.0,,,"(0, 1, -1, -1, -1, 1, 0, -1, 1)"
Node_04069,7,[. O O | O X X | X O .],1,0.0,2,"[1, 9]",0.0,,,,,,,,-0.7176,"(0, -1, -1, -1, 1, 1, 1, -1, 0)"
Node_04070,7,[X O O | O X . | . X O],6,0.0,2,"[6, 7]",,,,,,0.0,-0.9852,,,"(1, -1, -1, -1, 1, 0, 0, 1, -1)"
Node_04071,7,[O O X | X . O | O X .],5,0.0,2,"[5, 9]",,,,,0.0,,,,0.0,"(-1, -1, 1, 1, 0, -1, -1, 1, 0)"
Node_04072,7,[X O O | O . X | X O .],5,0.0,2,"[5, 9]",,,,,0.0,,,,-0.5695,"(1, -1, -1, -1, 0, 1, 1, -1, 0)"
Node_04073,7,[. . O | O O X | X O X],2,0.0,2,"[1, 2]",-0.9992,0.0,,,,,,,,"(0, 0, -1, -1, -1, 1, 1, -1, 1)"
Node_04074,7,[O . X | X O O | O X .],9,0.0,2,"[2, 9]",,-0.8784,,,,,,,0.0,"(-1, 0, 1, 1, -1, -1, -1, 1, 0)"
Node_04075,7,[O . X | X . O | O X O],5,0.0,2,"[2, 5]",,-0.6862,,,0.0,,,,,"(-1, 0, 1, 1, 0, -1, -1, 1, -1)"
Node_04076,7,[O O X | X . O | . X O],5,0.0,2,"[5, 7]",,,,,0.0,,-0.19,,,"(-1, -1, 1, 1, 0, -1, 0, 1, -1)"
Node_04077,7,[X O X | X O O | O . .],8,0.0,2,"[8, 9]",,,,,,,,0.0,-0.9987,"(1, -1, 1, 1, -1, -1, -1, 0, 0)"
Node_04078,7,[O X O | O X . | X O .],6,0.0,2,"[6, 9]",,,,,,0.0,,,0.0,"(-1, 1, -1, -1, 1, 0, 1, -1, 0)"
Node_04079,7,[. X . | O O X | X O O],1,0.0,2,"[1, 3]",0.0,,-0.9994,,,,,,,"(0, 1, 0, -1, -1, 1, 1, -1, -1)"
Node_04080,7,[O X O | . O . | X O X],4,0.0,2,"[4, 6]",,,,0.0,,0.0,,,,"(-1, 1, -1, 0, -1, 0, 1, -1, 1)"
Node_04081,7,[O X X | . O O | O . X],4,0.0,2,"[4, 8]",,,,0.0,,,,-0.8784,,"(-1, 1, 1, 0, -1, -1, -1, 0, 1)"
Node_04082,7,[. X . | X O O | O O X],3,0.0,2,"[1, 3]",-0.9477,,0.0,,,,,,,"(0, 1, 0, 1, -1, -1, -1, -1, 1)"
Node_04083,7,[X X O | . O X | . O O],7,0.0,2,"[4, 7]",,,,-0.8784,,,0.0,,,"(1, 1, -1, 0, -1, 1, 0, -1, -1)"
Node_04084,7,[O . X | X X O | O O .],9,0.0,2,"[2, 9]",,-0.9618,,,,,,,0.0,"(-1, 0, 1, 1, 1, -1, -1, -1, 0)"
Node_04085,7,[O X O | O O X | X . .],9,0.0,2,"[8, 9]",,,,,,,,-0.9015,0.0,"(-1, 1, -1, -1, -1, 1, 1, 0, 0)"
Node_04086,7,[. O O | O . X | X X O],1,0.0,2,"[1, 5]",0.0,,,,-0.6126,,,,,"(0, -1, -1, -1, 0, 1, 1, 1, -1)"
Node_04087,7,[. O X | X X O | O . O],8,0.0,2,"[1, 8]",-0.9948,,,,,,,0.0,,"(0, -1, 1, 1, 1, -1, -1, 0, -1)"
Node_04088,7,[. . X | O O X | O X O],1,0.0,2,"[1, 2]",0.0,-0.9015,,,,,,,,"(0, 0, 1, -1, -1, 1, -1, 1, -1)"
Node_04089,7,[O O X | . . O | O X X],4,0.0,2,"[4, 5]",,,,0.0,-0.7176,,,,,"(-1, -1, 1, 0, 0, -1, -1, 1, 1)"
Node_04090,7,[X . O | O X X | . O O],7,0.0,2,"[2, 7]",,-0.9997,,,,,0.0,,,"(1, 0, -1, -1, 1, 1, 0, -1, -1)"
Node_04091,7,[O X . | X O . | O O X],3,0.0,2,"[3, 6]",,,0.0,,,-0.8906,,,,"(-1, 1, 0, 1, -1, 0, -1, -1, 1)"
Node_04092,7,[O X . | O X O | . O X],7,0.0,2,"[3, 7]",,,-0.7941,,,,0.0,,,"(-1, 1, 0, -1, 1, -1, 0, -1, 1)"
Node_04093,7,[X . . | O O X | O X O],3,0.0,2,"[2, 3]",,-0.7176,0.0,,,,,,,"(1, 0, 0, -1, -1, 1, -1, 1, -1)"
Node_04094,7,[O X X | . . O | O O X],4,0.0,2,"[4, 5]",,,,0.0,-0.4686,,,,,"(-1, 1, 1, 0, 0, -1, -1, -1, 1)"
Node_04095,7,[O . O | O X . | X O X],2,0.0,2,"[2, 6]",,0.0,,,,-0.9419,,,,"(-1, 0, -1, -1, 1, 0, 1, -1, 1)"
Node_04096,7,[X O O | . . X | O X O],5,0.0,2,"[4, 5]",,,,-0.5217,0.0,,,,,"(1, -1, -1, 0, 0, 1, -1, 1, -1)"
Node_04097,7,[X O O | . O X | . X O],7,0.0,2,"[4, 7]",,,,-0.9477,,,0.0,,,"(1, -1, -1, 0, -1, 1, 0, 1, -1)"
Node_04098,7,[X O . | . X O | O X O],3,0.0,2,"[3, 4]",,,0.0,-0.9936,,,,,,"(1, -1, 0, 0, 1, -1, -1, 1, -1)"
Node_04099,7,[O O X | X . O | O . X],5,0.0,2,"[5, 8]",,,,,0.0,,,0.0,,"(-1, -1, 1, 1, 0, -1, -1, 0, 1)"
Node_04100,7,[X O O | O . X | X . O],5,0.0,2,"[5, 8]",,,,,0.0,,,0.0,,"(1, -1, -1, -1, 0, 1, 1, 0, -1)"
Node_04101,7,[. X O | O . X | X O O],1,0.0,2,"[1, 5]",0.0,,,,0.0,,,,,"(0, 1, -1, -1, 0, 1, 1, -1, -1)"
Node_04102,7,[. O X | . O O | O X X],4,0.0,2,"[1, 4]",-0.9921,,,0.0,,,,,,"(0, -1, 1, 0, -1, -1, -1, 1, 1)"
Node_04103,7,[O . . | X O O | X O X],2,0.0,2,"[2, 3]",,0.0,-0.9985,,,,,,,"(-1, 0, 0, 1, -1, -1, 1, -1, 1)"
Node_04104,7,[X . . | X O O | O X O],3,0.0,2,"[2, 3]",,-0.8332,0.0,,,,,,,"(1, 0, 0, 1, -1, -1, -1, 1, -1)"
Node_04105,7,[O . O | X X O | . O X],2,0.0,2,"[2, 7]",,0.0,,,,,-0.9797,,,"(-1, 0, -1, 1, 1, -1, 0, -1, 1)"
Node_04106,7,[X O O | O . X | . X O],5,0.0,2,"[5, 7]",,,,,0.0,,0.0,,,"(1, -1, -1, -1, 0, 1, 0, 1, -1)"
Node_04107,7,[O X O | O . X | . O X],7,0.0,2,"[5, 7]",,,,,-0.4686,,0.0,,,"(-1, 1, -1, -1, 0, 1, 0, -1, 1)"
Node_04108,7,[O O X | . X . | O X O],4,0.0,2,"[4, 6]",,,,0.0,,-0.975,,,,"(-1, -1, 1, 0, 1, 0, -1, 1, -1)"
Node_04109,7,[O . X | . X O | O O X],4,0.0,2,"[2, 4]",,-0.9722,,0.0,,,,,,"(-1, 0, 1, 0, 1, -1, -1, -1, 1)"
Node_04110,7,[X O . | X O . | O X O],3,0.0,2,"[3, 6]",,,0.0,,,-0.8332,,,,"(1, -1, 0, 1, -1, 0, -1, 1, -1)"
Node_04111,7,[. X O | O X O | X O .],9,0.0,2,"[1, 9]",-0.6513,,,,,,,,0.0,"(0, 1, -1, -1, 1, -1, 1, -1, 0)"
Node_04112,7,[X . O | O O X | X O .],2,0.0,2,"[2, 9]",,0.0,,,,,,,-1.0,"(1, 0, -1, -1, -1, 1, 1, -1, 0)"
Node_04113,7,[X O X | . O O | . X O],4,0.0,2,"[4, 7]",,,,0.0,,,-0.9996,,,"(1, -1, 1, 0, -1, -1, 0, 1, -1)"
Node_04114,7,[O X O | O . X | X O .],5,0.0,2,"[5, 9]",,,,,0.0,,,,0.0,"(-1, 1, -1, -1, 0, 1, 1, -1, 0)"
Node_04115,7,[X O O | O O X | X . .],8,0.0,2,"[8, 9]",,,,,,,,0.0,-0.9722,"(1, -1, -1, -1, -1, 1, 1, 0, 0)"
Node_04116,7,[O X . | X O O | . O X],3,0.0,2,"[3, 7]",,,0.0,,,,0.0,,,"(-1, 1, 0, 1, -1, -1, 0, -1, 1)"
Node_04117,7,[. X O | . O O | X O X],4,0.0,2,"[1, 4]",-0.9936,,,0.0,,,,,,"(0, 1, -1, 0, -1, -1, 1, -1, 1)"
Node_04118,7,[X . O | O . X | X O O],2,0.0,2,"[2, 5]",,0.0,,,0.0,,,,,"(1, 0, -1, -1, 0, 1, 1, -1, -1)"
Node_04119,7,[. O O | O X X | X . O],1,0.0,2,"[1, 8]",0.0,,,,,,,-0.9913,,"(0, -1, -1, -1, 1, 1, 1, 0, -1)"
Node_04120,7,[O . X | X O O | O . X],2,0.0,2,"[2, 8]",,0.0,,,,,,0.0,,"(-1, 0, 1, 1, -1, -1, -1, 0, 1)"
Node_04121,7,[O X O | X . O | . O X],5,0.0,2,"[5, 7]",,,,,0.0,,0.0,,,"(-1, 1, -1, 1, 0, -1, 0, -1, 1)"
Node_04122,7,[O O X | X . O | . O X],5,0.0,2,"[5, 7]",,,,,0.0,,-0.3439,,,"(-1, -1, 1, 1, 0, -1, 0, -1, 1)"
Node_04123,7,[X O X | . O X | O . O],8,0.0,2,"[4, 8]",,,,-0.9419,,,,0.0,,"(1, -1, 1, 0, -1, 1, -1, 0, -1)"
Node_04124,7,[O X O | . X O | X O .],9,0.0,2,"[4, 9]",,,,-0.9921,,,,,0.0,"(-1, 1, -1, 0, 1, -1, 1, -1, 0)"
Node_04125,7,[. X O | X . O | O O X],5,0.0,2,"[1, 5]",-0.4095,,,,0.0,,,,,"(0, 1, -1, 1, 0, -1, -1, -1, 1)"
Node_04126,7,[O X O | X . O | X O .],9,0.0,2,"[5, 9]",,,,,-0.6126,,,,0.0,"(-1, 1, -1, 1, 0, -1, 1, -1, 0)"
Node_04127,7,[. O X | O O X | . X O],1,0.0,2,"[1, 7]",0.0,,,,,,-0.9477,,,"(0, -1, 1, -1, -1, 1, 0, 1, -1)"
Node_04128,7,[X O X | . . O | O X O],4,0.0,2,"[4, 5]",,,,0.0,0.0,,,,,"(1, -1, 1, 0, 0, -1, -1, 1, -1)"
Node_04129,7,[X O X | O . O | . X O],5,0.0,2,"[5, 7]",,,,,0.0,,-0.4095,,,"(1, -1, 1, -1, 0, -1, 0, 1, -1)"
Node_04130,7,[O X X | X O . | O O .],9,0.0,2,"[6, 9]",,,,,,-0.8499,,,0.0,"(-1, 1, 1, 1, -1, 0, -1, -1, 0)"
Node_04131,7,[. O X | X X O | O O .],9,0.0,2,"[1, 9]",-0.8499,,,,,,,,0.0,"(0, -1, 1, 1, 1, -1, -1, -1, 0)"
Node_04132,7,[O O . | X O . | O X X],3,0.0,2,"[3, 6]",,,0.0,,,-0.7458,,,,"(-1, -1, 0, 1, -1, 0, -1, 1, 1)"
Node_04133,7,[O X O | . X . | X O O],6,0.0,2,"[4, 6]",,,,-0.9852,,0.0,,,,"(-1, 1, -1, 0, 1, 0, 1, -1, -1)"
Node_04134,7,[O X . | O X X | . O O],7,0.0,2,"[3, 7]",,,-0.6126,,,,0.0,,,"(-1, 1, 0, -1, 1, 1, 0, -1, -1)"
Node_04135,7,[X O X | X O . | O . O],8,0.0,2,"[6, 8]",,,,,,-0.9477,,0.0,,"(1, -1, 1, 1, -1, 0, -1, 0, -1)"
Node_04136,7,[O O X | X . . | O X O],5,0.0,2,"[5, 6]",,,,,0.0,-0.5695,,,,"(-1, -1, 1, 1, 0, 0, -1, 1, -1)"
Node_04137,7,[O X . | O . X | X O O],5,0.0,2,"[3, 5]",,,-0.3439,,0.0,,,,,"(-1, 1, 0, -1, 0, 1, 1, -1, -1)"
Node_04138,7,[X O O | . X . | O X O],6,0.0,2,"[4, 6]",,,,-0.9954,,0.0,,,,"(1, -1, -1, 0, 1, 0, -1, 1, -1)"
Node_04139,7,[. X O | X O O | . O X],7,0.0,2,"[1, 7]",-0.9975,,,,,,0.0,,,"(0, 1, -1, 1, -1, -1, 0, -1, 1)"
Node_04140,7,[O X . | X O O | O . X],3,0.0,2,"[3, 8]",,,0.0,,,,,-0.9722,,"(-1, 1, 0, 1, -1, -1, -1, 0, 1)"
Node_04141,7,[X O . | O O X | O X .],3,0.0,2,"[3, 9]",,,0.0,,,,,,-0.9797,"(1, -1, 0, -1, -1, 1, -1, 1, 0)"
Node_04142,7,[. X O | O X X | . O O],7,0.0,2,"[1, 7]",-0.9921,,,,,,0.0,,,"(0, 1, -1, -1, 1, 1, 0, -1, -1)"
Node_04143,7,[X . O | O X . | X O O],6,0.0,2,"[2, 6]",,-0.9282,,,,0.0,,,,"(1, 0, -1, -1, 1, 0, 1, -1, -1)"
Node_04144,7,[X X O | O O . | X O .],6,0.0,2,"[6, 9]",,,,,,0.0,,,-0.998,"(1, 1, -1, -1, -1, 0, 1, -1, 0)"
Node_04145,7,[O X O | O . . | X O X],5,0.0,2,"[5, 6]",,,,,0.0,0.0,,,,"(-1, 1, -1, -1, 0, 0, 1, -1, 1)"
Node_04146,7,[O . O | O . X | X O X],2,0.0,2,"[2, 5]",,0.0,,,-0.5695,,,,,"(-1, 0, -1, -1, 0, 1, 1, -1, 1)"
Node_04147,7,[X O . | . O X | O X O],3,0.0,2,"[3, 4]",,,0.0,-0.9202,,,,,,"(1, -1, 0, 0, -1, 1, -1, 1, -1)"
Node_04148,7,[. . X | X O O | O X O],1,0.0,2,"[1, 2]",0.0,-0.7176,,,,,,,,"(0, 0, 1, 1, -1, -1, -1, 1, -1)"
Node_04149,7,[O . O | . O X | X O X],2,0.0,2,"[2, 4]",,0.0,,-0.8499,,,,,,"(-1, 0, -1, 0, -1, 1, 1, -1, 1)"
Node_04150,7,[X O X | O . X | O . O],8,0.0,2,"[5, 8]",,,,,-0.8499,,,0.0,,"(1, -1, 1, -1, 0, 1, -1, 0, -1)"
Node_04151,7,[O X O | X X O | . O .],9,0.0,2,"[7, 9]",,,,,,,-0.9529,,0.0,"(-1, 1, -1, 1, 1, -1, 0, -1, 0)"
Node_04152,7,[X O O | O X . | X . O],6,0.0,2,"[6, 8]",,,,,,0.0,,-0.9618,,"(1, -1, -1, -1, 1, 0, 1, 0, -1)"
Node_04153,7,[X O X | . X O | O . O],8,0.0,2,"[4, 8]",,,,-0.988,,,,0.0,,"(1, -1, 1, 0, 1, -1, -1, 0, -1)"
Node_04154,7,[O X O | O X X | . O .],7,0.0,2,"[7, 9]",,,,,,,0.0,,-0.9913,"(-1, 1, -1, -1, 1, 1, 0, -1, 0)"
Node_04155,7,[O X O | X O . | . O X],7,0.0,2,"[6, 7]",,,,,,-0.8147,0.0,,,"(-1, 1, -1, 1, -1, 0, 0, -1, 1)"
Node_04156,7,[O O X | . X O | O . X],4,0.0,2,"[4, 8]",,,,0.0,,,,-0.9015,,"(-1, -1, 1, 0, 1, -1, -1, 0, 1)"
Node_04157,7,[O . X | . O O | O X X],4,0.0,2,"[2, 4]",,-0.9657,,0.0,,,,,,"(-1, 0, 1, 0, -1, -1, -1, 1, 1)"
Node_04158,7,[O X . | X O O | X O .],9,0.0,2,"[3, 9]",,,-0.9966,,,,,,0.0,"(-1, 1, 0, 1, -1, -1, 1, -1, 0)"
Node_04159,7,[O . . | X O O | O X X],3,0.0,2,"[2, 3]",,-0.9477,0.0,,,,,,,"(-1, 0, 0, 1, -1, -1, -1, 1, 1)"
Node_04160,7,[X O X | X . O | O . O],8,0.0,2,"[5, 8]",,,,,-0.6513,,,0.0,,"(1, -1, 1, 1, 0, -1, -1, 0, -1)"
Node_04161,7,[O . O | X X O | O . X],2,0.0,2,"[2, 8]",,0.0,,,,,,-0.9903,,"(-1, 0, -1, 1, 1, -1, -1, 0, 1)"
Node_04162,7,[X O O | O X X | . . O],7,0.0,2,"[7, 8]",,,,,,,0.0,0.0,,"(1, -1, -1, -1, 1, 1, 0, 0, -1)"
Node_04163,7,[. O . | X X O | O X O],3,0.0,2,"[1, 3]",-0.9529,,0.0,,,,,,,"(0, -1, 0, 1, 1, -1, -1, 1, -1)"
Node_04164,7,[. O X | X . O | O O X],5,0.0,2,"[1, 5]",-0.4686,,,,0.0,,,,,"(0, -1, 1, 1, 0, -1, -1, -1, 1)"
Node_04165,7,[O O X | X O O | . X .],9,0.0,2,"[7, 9]",,,,,,,-0.9903,,0.0,"(-1, -1, 1, 1, -1, -1, 0, 1, 0)"
Node_04166,7,[X O . | O O X | . X O],3,0.0,2,"[3, 7]",,,0.0,,,,0.0,,,"(1, -1, 0, -1, -1, 1, 0, 1, -1)"
Node_04167,7,[. O O | . O X | X X O],1,0.0,2,"[1, 4]",0.0,,,-0.6862,,,,,,"(0, -1, -1, 0, -1, 1, 1, 1, -1)"
Node_04168,7,[O . O | . X O | X O X],2,0.0,2,"[2, 4]",,0.0,,-0.9202,,,,,,"(-1, 0, -1, 0, 1, -1, 1, -1, 1)"
Node_04169,7,[. . O | O X X | X O O],1,0.0,2,"[1, 2]",0.0,0.0,,,,,,,,"(0, 0, -1, -1, 1, 1, 1, -1, -1)"
Node_04170,7,[. O X | . X O | O X O],1,0.0,2,"[1, 4]",0.0,,,0.0,,,,,,"(0, -1, 1, 0, 1, -1, -1, 1, -1)"
Node_04171,7,[. O X | X O O | O X .],1,0.0,2,"[1, 9]",0.0,,,,,,,,0.0,"(0, -1, 1, 1, -1, -1, -1, 1, 0)"
Node_04172,7,[X O . | X O O | O X .],3,0.0,2,"[3, 9]",,,0.0,,,,,,-0.9015,"(1, -1, 0, 1, -1, -1, -1, 1, 0)"
Node_04173,7,[X X O | O O X | . O .],7,0.0,2,"[7, 9]",,,,,,,0.0,,-0.8499,"(1, 1, -1, -1, -1, 1, 0, -1, 0)"
Node_04174,7,[X O . | O . X | X O O],5,0.0,2,"[3, 5]",,,-0.6862,,0.0,,,,,"(1, -1, 0, -1, 0, 1, 1, -1, -1)"
Node_04175,7,[. O O | O X X | O X .],1,0.0,2,"[1, 9]",0.0,,,,,,,,-0.6513,"(0, -1, -1, -1, 1, 1, -1, 1, 0)"
Node_04176,7,[O X X | . O O | . O X],4,0.0,2,"[4, 7]",,,,0.0,,,-0.9936,,,"(-1, 1, 1, 0, -1, -1, 0, -1, 1)"
Node_04177,7,[. X O | . O X | X O O],1,0.0,2,"[1, 4]",0.0,,,-0.7941,,,,,,"(0, 1, -1, 0, -1, 1, 1, -1, -1)"
Node_04178,7,[O O X | X O O | . . X],8,0.0,2,"[7, 8]",,,,,,,-0.9996,0.0,,"(-1, -1, 1, 1, -1, -1, 0, 0, 1)"
Node_04179,7,[O X O | X O O | X . .],9,0.0,2,"[8, 9]",,,,,,,,-0.8784,0.0,"(-1, 1, -1, 1, -1, -1, 1, 0, 0)"
Node_04180,7,[X O O | O . X | O X .],5,0.0,2,"[5, 9]",,,,,0.0,,,,-0.5695,"(1, -1, -1, -1, 0, 1, -1, 1, 0)"
Node_04181,7,[X O . | O . X | O X O],3,0.0,2,"[3, 5]",,,0.0,,0.0,,,,,"(1, -1, 0, -1, 0, 1, -1, 1, -1)"
Node_04182,7,[. O . | O O X | X X O],1,0.0,2,"[1, 3]",0.0,,-0.9657,,,,,,,"(0, -1, 0, -1, -1, 1, 1, 1, -1)"
Node_04183,7,[O X O | X O . | X O .],9,0.0,2,"[6, 9]",,,,,,-0.9722,,,0.0,"(-1, 1, -1, 1, -1, 0, 1, -1, 0)"
Node_04184,7,[. X O | O O X | X O .],1,0.0,2,"[1, 9]",0.0,,,,,,,,0.0,"(0, 1, -1, -1, -1, 1, 1, -1, 0)"
Node_04185,7,[O O . | X X O | . X O],3,0.0,2,"[3, 7]",,,0.0,,,,-0.4686,,,"(-1, -1, 0, 1, 1, -1, 0, 1, -1)"
Node_04186,7,[X O . | X . O | O X O],3,0.0,2,"[3, 5]",,,0.0,,-0.3439,,,,,"(1, -1, 0, 1, 0, -1, -1, 1, -1)"
Node_04187,7,[O O . | X . O | O X X],3,0.0,2,"[3, 5]",,,0.0,,-0.5217,,,,,"(-1, -1, 0, 1, 0, -1, -1, 1, 1)"
Node_04188,7,[O . X | X X O | O . O],8,0.0,2,"[2, 8]",,-0.975,,,,,,0.0,,"(-1, 0, 1, 1, 1, -1, -1, 0, -1)"
Node_04189,7,[O X . | O O X | X O .],9,0.0,2,"[3, 9]",,,-0.9958,,,,,,0.0,"(-1, 1, 0, -1, -1, 1, 1, -1, 0)"
Node_04190,7,[O . . | X X O | O O X],2,0.0,2,"[2, 3]",,0.0,0.0,,,,,,,"(-1, 0, 0, 1, 1, -1, -1, -1, 1)"
Node_04191,7,[. . X | X O O | O O X],2,0.0,2,"[1, 2]",-0.9994,0.0,,,,,,,,"(0, 0, 1, 1, -1, -1, -1, -1, 1)"
Node_04192,7,[. O X | X O O | . X O],1,0.0,2,"[1, 7]",0.0,,,,,,-0.9998,,,"(0, -1, 1, 1, -1, -1, 0, 1, -1)"
Node_04193,7,[O X . | . X O | O O X],4,0.0,2,"[3, 4]",,,-0.9576,0.0,,,,,,"(-1, 1, 0, 0, 1, -1, -1, -1, 1)"
Node_04194,7,[O X . | . O O | X O X],4,0.0,2,"[3, 4]",,,-0.9985,0.0,,,,,,"(-1, 1, 0, 0, -1, -1, 1, -1, 1)"
Node_04195,7,[X O . | O X . | O X O],3,0.0,2,"[3, 6]",,,0.0,,,0.0,,,,"(1, -1, 0, -1, 1, 0, -1, 1, -1)"
Node_04196,7,[O O X | . X O | O X .],4,0.0,2,"[4, 9]",,,,0.0,,,,,-0.9618,"(-1, -1, 1, 0, 1, -1, -1, 1, 0)"
Node_04197,7,[. X O | X X O | O O .],9,0.0,2,"[1, 9]",-0.8499,,,,,,,,0.0,"(0, 1, -1, 1, 1, -1, -1, -1, 0)"
Node_04198,7,[X . O | O O X | X . O],2,0.0,2,"[2, 8]",,0.0,,,,,,0.0,,"(1, 0, -1, -1, -1, 1, 1, 0, -1)"
Node_04199,7,[O O X | X X O | O . .],8,0.0,2,"[8, 9]",,,,,,,,0.0,0.0,"(-1, -1, 1, 1, 1, -1, -1, 0, 0)"
Node_04200,7,[X O . | O O . | X X O],6,0.0,2,"[3, 6]",,,-0.9997,,,0.0,,,,"(1, -1, 0, -1, -1, 0, 1, 1, -1)"
Node_04201,7,[. O . | O X X | O X O],1,0.0,2,"[1, 3]",0.0,,-0.9722,,,,,,,"(0, -1, 0, -1, 1, 1, -1, 1, -1)"
Node_04202,7,[. . O | O O X | X X O],1,0.0,2,"[1, 2]",0.0,-0.9797,,,,,,,,"(0, 0, -1, -1, -1, 1, 1, 1, -1)"
Node_04203,7,[O . O | X . O | X O X],2,0.0,2,"[2, 5]",,0.0,,,-0.5217,,,,,"(-1, 0, -1, 1, 0, -1, 1, -1, 1)"
Node_04204,7,[O . O | O X X | X . O],2,0.0,2,"[2, 8]",,0.0,,,,,,-0.988,,"(-1, 0, -1, -1, 1, 1, 1, 0, -1)"
Node_04205,7,[O X O | . . O | X O X],4,0.0,2,"[4, 5]",,,,0.0,0.0,,,,,"(-1, 1, -1, 0, 0, -1, 1, -1, 1)"
Node_04206,7,[X O . | O X X | . O O],7,0.0,2,"[3, 7]",,,-0.6513,,,,0.0,,,"(1, -1, 0, -1, 1, 1, 0, -1, -1)"
Node_04207,7,[O . O | X O . | X O X],2,0.0,2,"[2, 6]",,0.0,,,,-0.9529,,,,"(-1, 0, -1, 1, -1, 0, 1, -1, 1)"
Node_04208,7,[X O X | O X . | O . O],8,0.0,2,"[6, 8]",,,,,,-0.9618,,0.0,,"(1, -1, 1, -1, 1, 0, -1, 0, -1)"
Node_04209,7,[X O X | O O . | . X O],6,0.0,2,"[6, 7]",,,,,,0.0,-0.9994,,,"(1, -1, 1, -1, -1, 0, 0, 1, -1)"
Node_04210,7,[O . O | O X X | X O .],2,0.0,2,"[2, 9]",,0.0,,,,,,,-0.8906,"(-1, 0, -1, -1, 1, 1, 1, -1, 0)"
Node_04211,7,[. O X | O . X | O X O],1,0.0,2,"[1, 5]",0.0,,,,-0.1,,,,,"(0, -1, 1, -1, 0, 1, -1, 1, -1)"
Node_04212,7,[X O X | . O . | O X O],4,0.0,2,"[4, 6]",,,,0.0,,0.0,,,,"(1, -1, 1, 0, -1, 0, -1, 1, -1)"
Node_04213,7,[O . X | X O O | . O X],2,0.0,2,"[2, 7]",,0.0,,,,,-0.9973,,,"(-1, 0, 1, 1, -1, -1, 0, -1, 1)"
Node_04214,7,[O X O | . X . | O O X],4,0.0,2,"[4, 6]",,,,0.0,,-0.9948,,,,"(-1, 1, -1, 0, 1, 0, -1, -1, 1)"
Node_04215,7,[O O . | X X O | O X .],3,0.0,2,"[3, 9]",,,0.0,,,,,,-0.9419,"(-1, -1, 0, 1, 1, -1, -1, 1, 0)"
Node_04216,7,[X X O | O . X | . O O],7,0.0,2,"[5, 7]",,,,,-0.271,,0.0,,,"(1, 1, -1, -1, 0, 1, 0, -1, -1)"
Node_04217,7,[O O . | X X O | O . X],3,0.0,2,"[3, 8]",,,0.0,,,,,-0.9202,,"(-1, -1, 0, 1, 1, -1, -1, 0, 1)"
Node_04218,7,[. O O | O X X | . X O],1,0.0,2,"[1, 7]",0.0,,,,,,-0.9354,,,"(0, -1, -1, -1, 1, 1, 0, 1, -1)"
Node_04219,7,[. O O | O . X | X O X],5,-0.271,2,"[1, 5]",-0.4686,,,,-0.271,,,,,"(0, -1, -1, -1, 0, 1, 1, -1, 1)"
Node_04220,7,[O X X | X . O | . O O],7,-0.271,2,"[5, 7]",,,,,-0.3439,,-0.271,,,"(-1, 1, 1, 1, 0, -1, 0, -1, -1)"
Node_04221,7,[X O O | X . O | O X .],5,-0.271,2,"[5, 9]",,,,,-0.271,,,,-0.4686,"(1, -1, -1, 1, 0, -1, -1, 1, 0)"
Node_04222,7,[O O X | O . X | . X O],7,-0.4095,2,"[5, 7]",,,,,-0.5217,,-0.4095,,,"(-1, -1, 1, -1, 0, 1, 0, 1, -1)"
Node_04223,7,[O O . | X . O | X X O],3,-0.4686,2,"[3, 5]",,,-0.4686,,-0.5217,,,,,"(-1, -1, 0, 1, 0, -1, 1, 1, -1)"
Node_04224,7,[X X O | X . O | O O .],5,-0.5217,2,"[5, 9]",,,,,-0.5217,,,,-0.5695,"(1, 1, -1, 1, 0, -1, -1, -1, 0)"
Node_04225,7,[X O X | X . O | O O .],9,-0.5217,2,"[5, 9]",,,,,-0.5695,,,,-0.5217,"(1, -1, 1, 1, 0, -1, -1, -1, 0)"
Node_04226,7,[. O O | X . O | O X X],1,-0.5217,2,"[1, 5]",-0.5217,,,,-0.5217,,,,,"(0, -1, -1, 1, 0, -1, -1, 1, 1)"
Node_04227,7,[X O . | O . O | X X O],5,-0.5695,2,"[3, 5]",,,-0.6513,,-0.5695,,,,,"(1, -1, 0, -1, 0, -1, 1, 1, -1)"
Node_04228,7,[. X O | O . X | O O X],1,-0.5695,2,"[1, 5]",-0.5695,,,,-0.6126,,,,,"(0, 1, -1, -1, 0, 1, -1, -1, 1)"
Node_04229,7,[. O X | O . O | O X X],1,-0.6126,2,"[1, 5]",-0.6126,,,,-0.6126,,,,,"(0, -1, 1, -1, 0, -1, -1, 1, 1)"
Node_04230,7,[O X . | X . O | X O O],3,-0.6126,2,"[3, 5]",,,-0.6126,,-0.6126,,,,,"(-1, 1, 0, 1, 0, -1, 1, -1, -1)"
Node_04231,7,[X X O | O . X | O O .],5,-0.6126,2,"[5, 9]",,,,,-0.6126,,,,-0.7176,"(1, 1, -1, -1, 0, 1, -1, -1, 0)"
Node_04232,7,[O O . | O . X | X X O],3,-0.6513,2,"[3, 5]",,,-0.6513,,-0.6862,,,,,"(-1, -1, 0, -1, 0, 1, 1, 1, -1)"
Node_04233,7,[O X X | O . X | . O O],5,-0.6513,2,"[5, 7]",,,,,-0.6513,,-0.6862,,,"(-1, 1, 1, -1, 0, 1, 0, -1, -1)"
Node_04234,7,[O . O | X . O | O X X],2,-0.6862,2,"[2, 5]",,-0.6862,,,-0.7458,,,,,"(-1, 0, -1, 1, 0, -1, -1, 1, 1)"
Node_04235,7,[X X O | O . O | X O .],5,-0.6862,2,"[5, 9]",,,,,-0.6862,,,,-0.6862,"(1, 1, -1, -1, 0, -1, 1, -1, 0)"
Node_04236,7,[. O O | O . X | O X X],5,-0.6862,2,"[1, 5]",-0.7176,,,,-0.6862,,,,,"(0, -1, -1, -1, 0, 1, -1, 1, 1)"
Node_04237,7,[O X X | O . O | . O X],5,-0.7176,2,"[5, 7]",,,,,-0.7176,,-0.7458,,,"(-1, 1, 1, -1, 0, -1, 0, -1, 1)"
Node_04238,7,[X X O | O . X | O . O],5,-0.7176,2,"[5, 8]",,,,,-0.7176,,,-0.7458,,"(1, 1, -1, -1, 0, 1, -1, 0, -1)"
Node_04239,7,[O O . | X . O | X O X],3,-0.7176,2,"[3, 5]",,,-0.7176,,-0.7458,,,,,"(-1, -1, 0, 1, 0, -1, 1, -1, 1)"
Node_04240,7,[O X O | X O O | . X .],7,-0.7712,2,"[7, 9]",,,,,,,-0.7712,,-0.8147,"(-1, 1, -1, 1, -1, -1, 0, 1, 0)"
Node_04241,7,[O X . | X X O | . O O],3,-0.7712,2,"[3, 7]",,,-0.7712,,,,-0.7941,,,"(-1, 1, 0, 1, 1, -1, 0, -1, -1)"
Node_04242,7,[X O X | O . X | . O O],5,-0.7941,2,"[5, 7]",,,,,-0.7941,,-0.7941,,,"(1, -1, 1, -1, 0, 1, 0, -1, -1)"
Node_04243,7,[O . O | O . X | X X O],2,-0.8147,2,"[2, 5]",,-0.8147,,,-0.8332,,,,,"(-1, 0, -1, -1, 0, 1, 1, 1, -1)"
Node_04244,7,[. O . | X O X | O X O],1,-0.8332,2,"[1, 3]",-0.8332,,-0.8499,,,,,,,"(0, -1, 0, 1, -1, 1, -1, 1, -1)"
Node_04245,7,[X O O | X . . | O X O],5,-0.8499,2,"[5, 6]",,,,,-0.8499,-0.8649,,,,"(1, -1, -1, 1, 0, 0, -1, 1, -1)"
Node_04246,7,[O X O | X . . | X O O],5,-0.8499,2,"[5, 6]",,,,,-0.8499,-0.8499,,,,"(-1, 1, -1, 1, 0, 0, 1, -1, -1)"
Node_04247,7,[. X O | X O X | . O O],1,-0.8499,2,"[1, 7]",-0.8499,,,,,,-0.8649,,,"(0, 1, -1, 1, -1, 1, 0, -1, -1)"
Node_04248,7,[. X . | X O O | O X O],3,-0.8649,2,"[1, 3]",-0.8784,,-0.8649,,,,,,,"(0, 1, 0, 1, -1, -1, -1, 1, -1)"
Node_04249,7,[O O . | X O X | O X .],3,-0.8649,2,"[3, 9]",,,-0.8649,,,,,,-0.8649,"(-1, -1, 0, 1, -1, 1, -1, 1, 0)"
Node_04250,7,[O X O | . . X | O O X],4,-0.8649,2,"[4, 5]",,,,-0.8649,-0.8649,,,,,"(-1, 1, -1, 0, 0, 1, -1, -1, 1)"
Node_04251,7,[O X X | X . O | O . O],5,-0.8784,2,"[5, 8]",,,,,-0.8784,,,-0.8784,,"(-1, 1, 1, 1, 0, -1, -1, 0, -1)"
Node_04252,7,[O O X | . . X | O X O],4,-0.9015,2,"[4, 5]",,,,-0.9015,-0.9015,,,,,"(-1, -1, 1, 0, 0, 1, -1, 1, -1)"
Node_04253,7,[. O O | X O X | . X O],7,-0.9015,2,"[1, 7]",-0.9114,,,,,,-0.9015,,,"(0, -1, -1, 1, -1, 1, 0, 1, -1)"
Node_04254,7,[. X O | O O X | . X O],7,-0.9015,2,"[1, 7]",-0.9114,,,,,,-0.9015,,,"(0, 1, -1, -1, -1, 1, 0, 1, -1)"
Node_04255,7,[O X O | O O X | . X .],7,-0.9114,2,"[7, 9]",,,,,,,-0.9114,,-0.9202,"(-1, 1, -1, -1, -1, 1, 0, 1, 0)"
Node_04256,7,[O X X | . X O | O O .],4,-0.9477,2,"[4, 9]",,,,-0.9477,,,,,-0.9529,"(-1, 1, 1, 0, 1, -1, -1, -1, 0)"
Node_04257,7,[. O O | X X O | O X .],1,-0.9576,2,"[1, 9]",-0.9576,,,,,,,,-0.9576,"(0, -1, -1, 1, 1, -1, -1, 1, 0)"
Node_04258,7,[O X . | X O X | O O .],3,-0.9691,2,"[3, 9]",,,-0.9691,,,,,,-0.9691,"(-1, 1, 0, 1, -1, 1, -1, -1, 0)"
Node_04259,7,[O O . | O X X | . X O],3,-0.975,2,"[3, 7]",,,-0.975,,,,-0.9775,,,"(-1, -1, 0, -1, 1, 1, 0, 1, -1)"
Node_04260,7,[. X . | O O X | O X O],1,-0.975,2,"[1, 3]",-0.975,,-0.9775,,,,,,,"(0, 1, 0, -1, -1, 1, -1, 1, -1)"
Node_04261,7,[O X . | X O O | O X .],3,-0.9797,2,"[3, 9]",,,-0.9797,,,,,,-0.9797,"(-1, 1, 0, 1, -1, -1, -1, 1, 0)"
Node_04262,7,[. O X | O X X | O . O],1,-0.9818,2,"[1, 8]",-0.9818,,,,,,,-0.9818,,"(0, -1, 1, -1, 1, 1, -1, 0, -1)"
Node_04263,7,[X . O | O O X | . O X],2,-0.988,2,"[2, 7]",,-0.988,,,,,-0.9892,,,"(1, 0, -1, -1, -1, 1, 0, -1, 1)"
Node_04264,7,[O X O | X O X | . O .],9,-0.9892,2,"[7, 9]",,,,,,,-0.9903,,-0.9892,"(-1, 1, -1, 1, -1, 1, 0, -1, 0)"
Node_04265,7,[X X O | O O . | . O X],6,-0.9892,2,"[6, 7]",,,,,,-0.9892,-0.9892,,,"(1, 1, -1, -1, -1, 0, 0, -1, 1)"
Node_04266,7,[. X O | O X X | O O .],1,-0.9913,2,"[1, 9]",-0.9913,,,,,,,,-0.9913,"(0, 1, -1, -1, 1, 1, -1, -1, 0)"
Node_04267,7,[X X O | O X . | . O O],6,-0.9913,2,"[6, 7]",,,,,,-0.9913,-0.9921,,,"(1, 1, -1, -1, 1, 0, 0, -1, -1)"
Node_04268,7,[O O . | . X O | O X X],4,-0.9921,2,"[3, 4]",,,-0.9929,-0.9921,,,,,,"(-1, -1, 0, 0, 1, -1, -1, 1, 1)"
Node_04269,7,[O . O | X X O | X O .],2,-0.9929,2,"[2, 9]",,-0.9929,,,,,,,-0.9929,"(-1, 0, -1, 1, 1, -1, 1, -1, 0)"
Node_04270,7,[X O . | X X O | O . O],3,-0.9936,2,"[3, 8]",,,-0.9936,,,,,-0.9936,,"(1, -1, 0, 1, 1, -1, -1, 0, -1)"
Node_04271,7,[. O X | O O X | X . O],1,-0.9948,2,"[1, 8]",-0.9948,,,,,,,-0.9948,,"(0, -1, 1, -1, -1, 1, 1, 0, -1)"
Node_04272,7,[O X . | . O O | O X X],3,-0.9948,2,"[3, 4]",,,-0.9948,-0.9954,,,,,,"(-1, 1, 0, 0, -1, -1, -1, 1, 1)"
Node_04273,7,[. O O | O X . | X X O],1,-0.9954,2,"[1, 6]",-0.9954,,,,,-0.9958,,,,"(0, -1, -1, -1, 1, 0, 1, 1, -1)"
Node_04274,7,[O X X | . O O | O X .],4,-0.9958,2,"[4, 9]",,,,-0.9958,,,,,-0.9958,"(-1, 1, 1, 0, -1, -1, -1, 1, 0)"
Node_04275,7,[X O . | X O X | O . O],3,-0.9962,2,"[3, 8]",,,-0.9962,,,,,-0.9962,,"(1, -1, 0, 1, -1, 1, -1, 0, -1)"
Node_04276,7,[. X O | O O . | X X O],1,-0.9973,2,"[1, 6]",-0.9973,,,,,-0.9973,,,,"(0, 1, -1, -1, -1, 0, 1, 1, -1)"
Node_04277,7,[O O X | X O O | X . .],8,-0.9973,2,"[8, 9]",,,,,,,,-0.9973,-0.9975,"(-1, -1, 1, 1, -1, -1, 1, 0, 0)"
Node_04278,7,[X O . | O O . | O X X],3,-0.9984,2,"[3, 6]",,,-0.9984,,,-0.9984,,,,"(1, -1, 0, -1, -1, 0, -1, 1, 1)"
Node_04279,7,[O . O | O X X | . O X],2,-0.9984,2,"[2, 7]",,-0.9984,,,,,-0.9984,,,"(-1, 0, -1, -1, 1, 1, 0, -1, 1)"
Node_04280,7,[O . O | X O X | X O .],2,-0.9984,2,"[2, 9]",,-0.9984,,,,,,,-0.9985,"(-1, 0, -1, 1, -1, 1, 1, -1, 0)"
Node_04281,7,[. O X | X O X | O . O],1,-0.9985,2,"[1, 8]",-0.9985,,,,,,,-0.9985,,"(0, -1, 1, 1, -1, 1, -1, 0, -1)"
Node_04282,7,[X O . | . O O | O X X],3,-0.9987,2,"[3, 4]",,,-0.9987,-0.9988,,,,,,"(1, -1, 0, 0, -1, -1, -1, 1, 1)"
Node_04283,7,[X X O | O O . | . X O],6,-0.9987,2,"[6, 7]",,,,,,-0.9987,-0.9987,,,"(1, 1, -1, -1, -1, 0, 0, 1, -1)"
Node_04284,7,[X X O | . O O | . O X],7,-0.9987,2,"[4, 7]",,,,-0.9988,,,-0.9987,,,"(1, 1, -1, 0, -1, -1, 0, -1, 1)"
Node_04285,7,[O . O | X O X | . O X],2,-0.9989,2,"[2, 7]",,-0.9989,,,,,-0.9989,,,"(-1, 0, -1, 1, -1, 1, 0, -1, 1)"
Node_04286,7,[. O X | O O . | X X O],6,-0.9992,2,"[1, 6]",-0.9993,,,,,-0.9992,,,,"(0, -1, 1, -1, -1, 0, 1, 1, -1)"
Node_04287,7,[X O . | X O O | O . X],3,-0.9997,2,"[3, 8]",,,-0.9997,,,,,-0.9997,,"(1, -1, 0, 1, -1, -1, -1, 0, 1)"
Node_04288,7,[O X X | O O . | X O .],9,-0.9998,2,"[6, 9]",,,,,,-0.9998,,,-0.9998,"(-1, 1, 1, -1, -1, 0, 1, -1, 0)"
Node_04289,7,[O X X | . O O | X O .],4,-0.9998,2,"[4, 9]",,,,-0.9998,,,,,-0.9998,"(-1, 1, 1, 0, -1, -1, 1, -1, 0)"
Node_04290,7,[X O O | O O X | . . X],7,-0.9998,2,"[7, 8]",,,,,,,-0.9998,-0.9998,,"(1, -1, -1, -1, -1, 1, 0, 0, 1)"
Node_04291,7,[. . X | O O X | X O O],1,-0.9999,2,"[1, 2]",-0.9999,-0.9999,,,,,,,,"(0, 0, 1, -1, -1, 1, 1, -1, -1)"
Node_04292,7,[. O X | . O O | X X O],1,-0.9999,2,"[1, 4]",-0.9999,,,-0.9999,,,,,,"(0, -1, 1, 0, -1, -1, 1, 1, -1)"
Node_04293,7,[X . . | X O O | O O X],2,-0.9999,2,"[2, 3]",,-0.9999,-0.9999,,,,,,,"(1, 0, 0, 1, -1, -1, -1, -1, 1)"
Node_04294,7,[X O X | O O . | X . O],6,-1.0,2,"[6, 8]",,,,,,-1.0,,-1.0,,"(1, -1, 1, -1, -1, 0, 1, 0, -1)"
Node_04295,7,[O . X | X O O | X O .],2,-1.0,2,"[2, 9]",,-1.0,,,,,,,-1.0,"(-1, 0, 1, 1, -1, -1, 1, -1, 0)"
Node_04296,7,[O . X | . O O | X O X],2,-1.0,2,"[2, 4]",,-1.0,,-1.0,,,,,,"(-1, 0, 1, 0, -1, -1, 1, -1, 1)"
Node_04297,7,[X O X | . O O | O . X],4,-1.0,2,"[4, 8]",,,,-1.0,,,,-1.0,,"(1, -1, 1, 0, -1, -1, -1, 0, 1)"
Node_04298,7,[X . O | O O . | X O X],2,-1.0,2,"[2, 6]",,-1.0,,,,-1.0,,,,"(1, 0, -1, -1, -1, 0, 1, -1, 1)"
Node_04299,8,[O X O | X X . | X O O],6,1.0,1,[6],,,,,,1.0,,,,"(-1, 1, -1, 1, 1, 0, 1, -1, -1)"
Node_04300,8,[O X O | X X O | O . X],8,1.0,1,[8],,,,,,,,1.0,,"(-1, 1, -1, 1, 1, -1, -1, 0, 1)"
Node_04301,8,[. X O | X X O | O O X],1,1.0,1,[1],1.0,,,,,,,,,"(0, 1, -1, 1, 1, -1, -1, -1, 1)"
Node_04302,8,[O O X | X X . | O X O],6,1.0,1,[6],,,,,,1.0,,,,"(-1, -1, 1, 1, 1, 0, -1, 1, -1)"
Node_04303,8,[O O X | O X X | . X O],7,1.0,1,[7],,,,,,,1.0,,,"(-1, -1, 1, -1, 1, 1, 0, 1, -1)"
Node_04304,8,[O X X | X X O | . O O],7,1.0,1,[7],,,,,,,1.0,,,"(-1, 1, 1, 1, 1, -1, 0, -1, -1)"
Node_04305,8,[. X O | O X O | X O X],1,1.0,1,[1],1.0,,,,,,,,,"(0, 1, -1, -1, 1, -1, 1, -1, 1)"
Node_04306,8,[O X O | X X . | O O X],6,1.0,1,[6],,,,,,1.0,,,,"(-1, 1, -1, 1, 1, 0, -1, -1, 1)"
Node_04307,8,[O O X | X X O | . O X],7,1.0,1,[7],,,,,,,1.0,,,"(-1, -1, 1, 1, 1, -1, 0, -1, 1)"
Node_04308,8,[O . X | X X O | O X O],2,1.0,1,[2],,1.0,,,,,,,,"(-1, 0, 1, 1, 1, -1, -1, 1, -1)"
Node_04309,8,[O X O | O X X | X . O],8,1.0,1,[8],,,,,,,,1.0,,"(-1, 1, -1, -1, 1, 1, 1, 0, -1)"
Node_04310,8,[X O O | O O X | X X .],9,1.0,1,[9],,,,,,,,,1.0,"(1, -1, -1, -1, -1, 1, 1, 1, 0)"
Node_04311,8,[O X O | O O X | X . X],8,1.0,1,[8],,,,,,,,1.0,,"(-1, 1, -1, -1, -1, 1, 1, 0, 1)"
Node_04312,8,[O X X | X O . | O O X],6,1.0,1,[6],,,,,,1.0,,,,"(-1, 1, 1, 1, -1, 0, -1, -1, 1)"
Node_04313,8,[O X . | O X X | X O O],3,1.0,1,[3],,,1.0,,,,,,,"(-1, 1, 0, -1, 1, 1, 1, -1, -1)"
Node_04314,8,[O O X | X O . | O X X],6,1.0,1,[6],,,,,,1.0,,,,"(-1, -1, 1, 1, -1, 0, -1, 1, 1)"
Node_04315,8,[X O X | X O O | . X O],7,1.0,1,[7],,,,,,,1.0,,,"(1, -1, 1, 1, -1, -1, 0, 1, -1)"
Node_04316,8,[O O X | X X . | O O X],6,1.0,1,[6],,,,,,1.0,,,,"(-1, -1, 1, 1, 1, 0, -1, -1, 1)"
Node_04317,8,[X O O | O X X | O X .],9,1.0,1,[9],,,,,,,,,1.0,"(1, -1, -1, -1, 1, 1, -1, 1, 0)"
Node_04318,8,[O X O | . X X | X O O],4,1.0,1,[4],,,,1.0,,,,,,"(-1, 1, -1, 0, 1, 1, 1, -1, -1)"
Node_04319,8,[O O . | O X X | X X O],3,1.0,1,[3],,,1.0,,,,,,,"(-1, -1, 0, -1, 1, 1, 1, 1, -1)"
Node_04320,8,[X O O | O X X | X O .],9,1.0,1,[9],,,,,,,,,1.0,"(1, -1, -1, -1, 1, 1, 1, -1, 0)"
Node_04321,8,[O . O | X X O | O X X],2,1.0,1,[2],,1.0,,,,,,,,"(-1, 0, -1, 1, 1, -1, -1, 1, 1)"
Node_04322,8,[X O O | X X . | O X O],6,1.0,1,[6],,,,,,1.0,,,,"(1, -1, -1, 1, 1, 0, -1, 1, -1)"
Node_04323,8,[X . O | O X X | O X O],2,1.0,1,[2],,1.0,,,,,,,,"(1, 0, -1, -1, 1, 1, -1, 1, -1)"
Node_04324,8,[X . X | O X O | O X O],2,1.0,1,[2],,1.0,,,,,,,,"(1, 0, 1, -1, 1, -1, -1, 1, -1)"
Node_04325,8,[O X . | X X O | X O O],3,1.0,1,[3],,,1.0,,,,,,,"(-1, 1, 0, 1, 1, -1, 1, -1, -1)"
Node_04326,8,[X O . | O X X | X O O],3,1.0,1,[3],,,1.0,,,,,,,"(1, -1, 0, -1, 1, 1, 1, -1, -1)"
Node_04327,8,[X X O | . O X | X O O],4,1.0,1,[4],,,,1.0,,,,,,"(1, 1, -1, 0, -1, 1, 1, -1, -1)"
Node_04328,8,[X O X | O O X | O X .],9,1.0,1,[9],,,,,,,,,1.0,"(1, -1, 1, -1, -1, 1, -1, 1, 0)"
Node_04329,8,[O O X | X O O | . X X],7,1.0,1,[7],,,,,,,1.0,,,"(-1, -1, 1, 1, -1, -1, 0, 1, 1)"
Node_04330,8,[X O O | X X O | O X .],9,1.0,1,[9],,,,,,,,,1.0,"(1, -1, -1, 1, 1, -1, -1, 1, 0)"
Node_04331,8,[X O O | . O X | X X O],4,1.0,1,[4],,,,1.0,,,,,,"(1, -1, -1, 0, -1, 1, 1, 1, -1)"
Node_04332,8,[. X O | X O O | X O X],1,1.0,1,[1],1.0,,,,,,,,,"(0, 1, -1, 1, -1, -1, 1, -1, 1)"
Node_04333,8,[X O X | . O O | X X O],4,1.0,1,[4],,,,1.0,,,,,,"(1, -1, 1, 0, -1, -1, 1, 1, -1)"
Node_04334,8,[O X . | O X O | X O X],3,1.0,1,[3],,,1.0,,,,,,,"(-1, 1, 0, -1, 1, -1, 1, -1, 1)"
Node_04335,8,[X X . | O O X | X O O],3,1.0,1,[3],,,1.0,,,,,,,"(1, 1, 0, -1, -1, 1, 1, -1, -1)"
Node_04336,8,[O X O | . X X | O O X],4,1.0,1,[4],,,,1.0,,,,,,"(-1, 1, -1, 0, 1, 1, -1, -1, 1)"
Node_04337,8,[X X O | O X X | O . O],8,1.0,1,[8],,,,,,,,1.0,,"(1, 1, -1, -1, 1, 1, -1, 0, -1)"
Node_04338,8,[X . X | X O O | O X O],2,1.0,1,[2],,1.0,,,,,,,,"(1, 0, 1, 1, -1, -1, -1, 1, -1)"
Node_04339,8,[O X O | O X O | X . X],8,1.0,1,[8],,,,,,,,1.0,,"(-1, 1, -1, -1, 1, -1, 1, 0, 1)"
Node_04340,8,[O O X | . X X | O X O],4,1.0,1,[4],,,,1.0,,,,,,"(-1, -1, 1, 0, 1, 1, -1, 1, -1)"
Node_04341,8,[X O O | . X X | X O O],4,1.0,1,[4],,,,1.0,,,,,,"(1, -1, -1, 0, 1, 1, 1, -1, -1)"
Node_04342,8,[. O O | X X O | O X X],1,1.0,1,[1],1.0,,,,,,,,,"(0, -1, -1, 1, 1, -1, -1, 1, 1)"
Node_04343,8,[. X O | O X X | O O X],1,1.0,1,[1],1.0,,,,,,,,,"(0, 1, -1, -1, 1, 1, -1, -1, 1)"
Node_04344,8,[X O X | O X O | O X .],9,1.0,1,[9],,,,,,,,,1.0,"(1, -1, 1, -1, 1, -1, -1, 1, 0)"
Node_04345,8,[O X X | O O . | X O X],6,1.0,1,[6],,,,,,1.0,,,,"(-1, 1, 1, -1, -1, 0, 1, -1, 1)"
Node_04346,8,[. X X | X O O | O O X],1,1.0,1,[1],1.0,,,,,,,,,"(0, 1, 1, 1, -1, -1, -1, -1, 1)"
Node_04347,8,[O X X | X X O | O . O],8,1.0,1,[8],,,,,,,,1.0,,"(-1, 1, 1, 1, 1, -1, -1, 0, -1)"
Node_04348,8,[O X O | X O O | X . X],8,1.0,1,[8],,,,,,,,1.0,,"(-1, 1, -1, 1, -1, -1, 1, 0, 1)"
Node_04349,8,[X O X | O X O | . X O],7,1.0,1,[7],,,,,,,1.0,,,"(1, -1, 1, -1, 1, -1, 0, 1, -1)"
Node_04350,8,[X O O | . X X | O X O],4,1.0,1,[4],,,,1.0,,,,,,"(1, -1, -1, 0, 1, 1, -1, 1, -1)"
Node_04351,8,[O X . | O O X | X O X],3,1.0,1,[3],,,1.0,,,,,,,"(-1, 1, 0, -1, -1, 1, 1, -1, 1)"
Node_04352,8,[X X O | O X X | O O .],9,1.0,1,[9],,,,,,,,,1.0,"(1, 1, -1, -1, 1, 1, -1, -1, 0)"
Node_04353,8,[. O X | X X O | O O X],1,1.0,1,[1],1.0,,,,,,,,,"(0, -1, 1, 1, 1, -1, -1, -1, 1)"
Node_04354,8,[O O X | X X O | . X O],7,1.0,1,[7],,,,,,,1.0,,,"(-1, -1, 1, 1, 1, -1, 0, 1, -1)"
Node_04355,8,[O . O | O X X | X X O],2,1.0,1,[2],,1.0,,,,,,,,"(-1, 0, -1, -1, 1, 1, 1, 1, -1)"
Node_04356,8,[X . X | O O X | O X O],2,1.0,1,[2],,1.0,,,,,,,,"(1, 0, 1, -1, -1, 1, -1, 1, -1)"
Node_04357,8,[. O O | X X O | X O X],1,0.9999,1,[1],0.9999,,,,,,,,,"(0, -1, -1, 1, 1, -1, 1, -1, 1)"
Node_04358,8,[X . X | X O O | O O X],2,0.9999,1,[2],,0.9999,,,,,,,,"(1, 0, 1, 1, -1, -1, -1, -1, 1)"
Node_04359,8,[X O O | O O X | X . X],8,0.9999,1,[8],,,,,,,,0.9999,,"(1, -1, -1, -1, -1, 1, 1, 0, 1)"
Node_04360,8,[. O X | X O O | X X O],1,0.9999,1,[1],0.9999,,,,,,,,,"(0, -1, 1, 1, -1, -1, 1, 1, -1)"
Node_04361,8,[X O X | O O . | O X X],6,0.9998,1,[6],,,,,,0.9998,,,,"(1, -1, 1, -1, -1, 0, -1, 1, 1)"
Node_04362,8,[O O X | X O O | X X .],9,0.9998,1,[9],,,,,,,,,0.9998,"(-1, -1, 1, 1, -1, -1, 1, 1, 0)"
Node_04363,8,[O X X | O X O | . O X],7,0.9998,1,[7],,,,,,,0.9998,,,"(-1, 1, 1, -1, 1, -1, 0, -1, 1)"
Node_04364,8,[X X O | . O O | X O X],4,0.9997,1,[4],,,,0.9997,,,,,,"(1, 1, -1, 0, -1, -1, 1, -1, 1)"
Node_04365,8,[X X . | X O O | O O X],3,0.9996,1,[3],,,0.9996,,,,,,,"(1, 1, 0, 1, -1, -1, -1, -1, 1)"
Node_04366,8,[X O O | O X O | X X .],9,0.9996,1,[9],,,,,,,,,0.9996,"(1, -1, -1, -1, 1, -1, 1, 1, 0)"
Node_04367,8,[X O . | O X O | X X O],3,0.9995,1,[3],,,0.9995,,,,,,,"(1, -1, 0, -1, 1, -1, 1, 1, -1)"
Node_04368,8,[X . X | O O X | X O O],2,0.9995,1,[2],,0.9995,,,,,,,,"(1, 0, 1, -1, -1, 1, 1, -1, -1)"
Node_04369,8,[X O X | X X O | O O .],9,0.9994,1,[9],,,,,,,,,0.9994,"(1, -1, 1, 1, 1, -1, -1, -1, 0)"
Node_04370,8,[X X O | X O O | . O X],7,0.9992,1,[7],,,,,,,0.9992,,,"(1, 1, -1, 1, -1, -1, 0, -1, 1)"
Node_04371,8,[O O . | X X O | X O X],3,0.9991,1,[3],,,0.9991,,,,,,,"(-1, -1, 0, 1, 1, -1, 1, -1, 1)"
Node_04372,8,[. O O | O X X | X O X],1,0.999,1,[1],0.999,,,,,,,,,"(0, -1, -1, -1, 1, 1, 1, -1, 1)"
Node_04373,8,[O O X | X O O | X . X],8,0.9989,1,[8],,,,,,,,0.9989,,"(-1, -1, 1, 1, -1, -1, 1, 0, 1)"
Node_04374,8,[X X O | O X O | X O .],9,0.9984,1,[9],,,,,,,,,0.9984,"(1, 1, -1, -1, 1, -1, 1, -1, 0)"
Node_04375,8,[X X . | O X O | X O O],3,0.998,1,[3],,,0.998,,,,,,,"(1, 1, 0, -1, 1, -1, 1, -1, -1)"
Node_04376,8,[. O X | O X O | O X X],1,0.998,1,[1],0.998,,,,,,,,,"(0, -1, 1, -1, 1, -1, -1, 1, 1)"
Node_04377,8,[O O X | O X O | . X X],7,0.9975,1,[7],,,,,,,0.9975,,,"(-1, -1, 1, -1, 1, -1, 0, 1, 1)"
Node_04378,8,[X O X | O X X | O O .],9,0.9975,1,[9],,,,,,,,,0.9975,"(1, -1, 1, -1, 1, 1, -1, -1, 0)"
Node_04379,8,[X X . | O O X | O X O],3,0.9973,1,[3],,,0.9973,,,,,,,"(1, 1, 0, -1, -1, 1, -1, 1, -1)"
Node_04380,8,[O X X | O O X | X O .],9,0.9966,1,[9],,,,,,,,,0.9966,"(-1, 1, 1, -1, -1, 1, 1, -1, 0)"
Node_04381,8,[O O . | O X X | X O X],3,0.9962,1,[3],,,0.9962,,,,,,,"(-1, -1, 0, -1, 1, 1, 1, -1, 1)"
Node_04382,8,[. X X | O X O | O O X],1,0.9962,1,[1],0.9962,,,,,,,,,"(0, 1, 1, -1, 1, -1, -1, -1, 1)"
Node_04383,8,[X O X | X X O | . O O],7,0.9962,1,[7],,,,,,,0.9962,,,"(1, -1, 1, 1, 1, -1, 0, -1, -1)"
Node_04384,8,[. O O | O X X | O X X],1,0.9948,1,[1],0.9948,,,,,,,,,"(0, -1, -1, -1, 1, 1, -1, 1, 1)"
Node_04385,8,[O O . | X X O | X X O],3,0.9943,1,[3],,,0.9943,,,,,,,"(-1, -1, 0, 1, 1, -1, 1, 1, -1)"
Node_04386,8,[X X O | X X O | O O .],9,0.9943,1,[9],,,,,,,,,0.9943,"(1, 1, -1, 1, 1, -1, -1, -1, 0)"
Node_04387,8,[. X X | O O X | X O O],1,0.9943,1,[1],0.9943,,,,,,,,,"(0, 1, 1, -1, -1, 1, 1, -1, -1)"
Node_04388,8,[X O O | O . X | X O X],5,0.9936,1,[5],,,,,0.9936,,,,,"(1, -1, -1, -1, 0, 1, 1, -1, 1)"
Node_04389,8,[X O . | O O X | O X X],3,0.9936,1,[3],,,0.9936,,,,,,,"(1, -1, 0, -1, -1, 1, -1, 1, 1)"
Node_04390,8,[O X O | O O X | X X .],9,0.9929,1,[9],,,,,,,,,0.9929,"(-1, 1, -1, -1, -1, 1, 1, 1, 0)"
Node_04391,8,[O X O | X O O | . X X],7,0.9929,1,[7],,,,,,,0.9929,,,"(-1, 1, -1, 1, -1, -1, 0, 1, 1)"
Node_04392,8,[O X O | X . O | O X X],5,0.9921,1,[5],,,,,0.9921,,,,,"(-1, 1, -1, 1, 0, -1, -1, 1, 1)"
Node_04393,8,[X X O | X O X | . O O],7,0.9921,1,[7],,,,,,,0.9921,,,"(1, 1, -1, 1, -1, 1, 0, -1, -1)"
Node_04394,8,[X O X | O . O | O X X],5,0.9913,1,[5],,,,,0.9913,,,,,"(1, -1, 1, -1, 0, -1, -1, 1, 1)"
Node_04395,8,[X X . | X O O | O X O],3,0.9913,1,[3],,,0.9913,,,,,,,"(1, 1, 0, 1, -1, -1, -1, 1, -1)"
Node_04396,8,[O O X | O O X | X X .],9,0.9913,1,[9],,,,,,,,,0.9913,"(-1, -1, 1, -1, -1, 1, 1, 1, 0)"
Node_04397,8,[X O X | O . O | X X O],5,0.9903,1,[5],,,,,0.9903,,,,,"(1, -1, 1, -1, 0, -1, 1, 1, -1)"
Node_04398,8,[X O O | X O O | . X X],7,0.9903,1,[7],,,,,,,0.9903,,,"(1, -1, -1, 1, -1, -1, 0, 1, 1)"
Node_04399,8,[X O X | O X X | . O O],7,0.9903,1,[7],,,,,,,0.9903,,,"(1, -1, 1, -1, 1, 1, 0, -1, -1)"
Node_04400,8,[O O X | X . O | X O X],5,0.9892,1,[5],,,,,0.9892,,,,,"(-1, -1, 1, 1, 0, -1, 1, -1, 1)"
Node_04401,8,[O X O | X O O | X X .],9,0.9892,1,[9],,,,,,,,,0.9892,"(-1, 1, -1, 1, -1, -1, 1, 1, 0)"
Node_04402,8,[O X X | X O X | O O .],9,0.9892,1,[9],,,,,,,,,0.9892,"(-1, 1, 1, 1, -1, 1, -1, -1, 0)"
Node_04403,8,[. X O | X O X | X O O],1,0.9867,1,[1],0.9867,,,,,,,,,"(0, 1, -1, 1, -1, 1, 1, -1, -1)"
Node_04404,8,[O X X | O X X | . O O],7,0.9867,1,[7],,,,,,,0.9867,,,"(-1, 1, 1, -1, 1, 1, 0, -1, -1)"
Node_04405,8,[X X . | O O X | O O X],3,0.9852,1,[3],,,0.9852,,,,,,,"(1, 1, 0, -1, -1, 1, -1, -1, 1)"
Node_04406,8,[O X . | X O X | O O X],3,0.9852,1,[3],,,0.9852,,,,,,,"(-1, 1, 0, 1, -1, 1, -1, -1, 1)"
Node_04407,8,[O O X | X O X | O X .],9,0.9852,1,[9],,,,,,,,,0.9852,"(-1, -1, 1, 1, -1, 1, -1, 1, 0)"
Node_04408,8,[O X X | X . O | X O O],5,0.9836,1,[5],,,,,0.9836,,,,,"(-1, 1, 1, 1, 0, -1, 1, -1, -1)"
Node_04409,8,[X O X | X . O | O O X],5,0.9818,1,[5],,,,,0.9818,,,,,"(1, -1, 1, 1, 0, -1, -1, -1, 1)"
Node_04410,8,[. X X | X O O | O X O],1,0.9818,1,[1],0.9818,,,,,,,,,"(0, 1, 1, 1, -1, -1, -1, 1, -1)"
Node_04411,8,[X O O | X O X | . X O],7,0.9818,1,[7],,,,,,,0.9818,,,"(1, -1, -1, 1, -1, 1, 0, 1, -1)"
Node_04412,8,[X X O | O . O | X O X],5,0.9818,1,[5],,,,,0.9818,,,,,"(1, 1, -1, -1, 0, -1, 1, -1, 1)"
Node_04413,8,[O X O | O O X | . X X],7,0.9797,1,[7],,,,,,,0.9797,,,"(-1, 1, -1, -1, -1, 1, 0, 1, 1)"
Node_04414,8,[. X X | O O X | O X O],1,0.9775,1,[1],0.9775,,,,,,,,,"(0, 1, 1, -1, -1, 1, -1, 1, -1)"
Node_04415,8,[. X X | X O O | X O O],1,0.9775,1,[1],0.9775,,,,,,,,,"(0, 1, 1, 1, -1, -1, 1, -1, -1)"
Node_04416,8,[X O O | O O X | . X X],7,0.975,1,[7],,,,,,,0.975,,,"(1, -1, -1, -1, -1, 1, 0, 1, 1)"
Node_04417,8,[O O X | X . O | X X O],5,0.9722,1,[5],,,,,0.9722,,,,,"(-1, -1, 1, 1, 0, -1, 1, 1, -1)"
Node_04418,8,[O X X | O . O | X O X],5,0.9691,1,[5],,,,,0.9691,,,,,"(-1, 1, 1, -1, 0, -1, 1, -1, 1)"
Node_04419,8,[. O O | X O X | X X O],1,0.9657,1,[1],0.9657,,,,,,,,,"(0, -1, -1, 1, -1, 1, 1, 1, -1)"
Node_04420,8,[X O X | O . X | X O O],5,0.9618,1,[5],,,,,0.9618,,,,,"(1, -1, 1, -1, 0, 1, 1, -1, -1)"
Node_04421,8,[O O X | X . X | O X O],5,0.9618,1,[5],,,,,0.9618,,,,,"(-1, -1, 1, 1, 0, 1, -1, 1, -1)"
Node_04422,8,[O X O | X . X | X O O],5,0.9618,1,[5],,,,,0.9618,,,,,"(-1, 1, -1, 1, 0, 1, 1, -1, -1)"
Node_04423,8,[X X O | O . O | O X X],5,0.9576,1,[5],,,,,0.9576,,,,,"(1, 1, -1, -1, 0, -1, -1, 1, 1)"
Node_04424,8,[X O O | X . O | O X X],5,0.9576,1,[5],,,,,0.9576,,,,,"(1, -1, -1, 1, 0, -1, -1, 1, 1)"
Node_04425,8,[X X O | O . X | O X O],5,0.9477,1,[5],,,,,0.9477,,,,,"(1, 1, -1, -1, 0, 1, -1, 1, -1)"
Node_04426,8,[O X O | X . X | O O X],5,0.9419,1,[5],,,,,0.9419,,,,,"(-1, 1, -1, 1, 0, 1, -1, -1, 1)"
Node_04427,8,[X X O | O . X | O O X],5,0.9419,1,[5],,,,,0.9419,,,,,"(1, 1, -1, -1, 0, 1, -1, -1, 1)"
Node_04428,8,[X O O | X . X | O X O],5,0.9419,1,[5],,,,,0.9419,,,,,"(1, -1, -1, 1, 0, 1, -1, 1, -1)"
Node_04429,8,[O X O | O . X | X X O],5,0.9354,1,[5],,,,,0.9354,,,,,"(-1, 1, -1, -1, 0, 1, 1, 1, -1)"
Node_04430,8,[X O O | O . X | O X X],5,0.9354,1,[5],,,,,0.9354,,,,,"(1, -1, -1, -1, 0, 1, -1, 1, 1)"
Node_04431,8,[O O X | O . X | X X O],5,0.9282,1,[5],,,,,0.9282,,,,,"(-1, -1, 1, -1, 0, 1, 1, 1, -1)"
Node_04432,8,[O X X | O . X | X O O],5,0.9282,1,[5],,,,,0.9282,,,,,"(-1, 1, 1, -1, 0, 1, 1, -1, -1)"
Node_04433,8,[X X O | X . O | O O X],5,0.9202,1,[5],,,,,0.9202,,,,,"(1, 1, -1, 1, 0, -1, -1, -1, 1)"
Node_04434,8,[O O . | X O X | O X X],3,0.9202,1,[3],,,0.9202,,,,,,,"(-1, -1, 0, 1, -1, 1, -1, 1, 1)"
Node_04435,8,[X O X | O . O | X O X],5,0.9114,1,[5],,,,,0.9114,,,,,"(1, -1, 1, -1, 0, -1, 1, -1, 1)"
Node_04436,8,[O O X | X . X | X O O],5,0.9015,1,[5],,,,,0.9015,,,,,"(-1, -1, 1, 1, 0, 1, 1, -1, -1)"
Node_04437,8,[O X O | X . X | O X O],5,0.8906,1,[5],,,,,0.8906,,,,,"(-1, 1, -1, 1, 0, 1, -1, 1, -1)"
Node_04438,8,[O X X | X . O | O X O],5,0.8147,1,[5],,,,,0.8147,,,,,"(-1, 1, 1, 1, 0, -1, -1, 1, -1)"
Node_04439,8,[O X X | O . O | X X O],5,0.7941,1,[5],,,,,0.7941,,,,,"(-1, 1, 1, -1, 0, -1, 1, 1, -1)"
Node_04440,8,[X O O | X . X | O O X],5,0.7458,1,[5],,,,,0.7458,,,,,"(1, -1, -1, 1, 0, 1, -1, -1, 1)"
Node_04441,8,[X O X | . O X | O X O],4,0.0,1,[4],,,,0.0,,,,,,"(1, -1, 1, 0, -1, 1, -1, 1, -1)"
Node_04442,8,[. O X | X O O | O X X],1,0.0,1,[1],0.0,,,,,,,,,"(0, -1, 1, 1, -1, -1, -1, 1, 1)"
Node_04443,8,[. X O | O X X | X O O],1,0.0,1,[1],0.0,,,,,,,,,"(0, 1, -1, -1, 1, 1, 1, -1, -1)"
Node_04444,8,[X O X | . X O | O X O],4,0.0,1,[4],,,,0.0,,,,,,"(1, -1, 1, 0, 1, -1, -1, 1, -1)"
Node_04445,8,[X O . | X O X | O X O],3,0.0,1,[3],,,0.0,,,,,,,"(1, -1, 0, 1, -1, 1, -1, 1, -1)"
Node_04446,8,[X O X | X O X | O . O],8,0.0,1,[8],,,,,,,,0.0,,"(1, -1, 1, 1, -1, 1, -1, 0, -1)"
Node_04447,8,[O X X | . O O | O X X],4,0.0,1,[4],,,,0.0,,,,,,"(-1, 1, 1, 0, -1, -1, -1, 1, 1)"
Node_04448,8,[X O X | O O . | X X O],6,0.0,1,[6],,,,,,0.0,,,,"(1, -1, 1, -1, -1, 0, 1, 1, -1)"
Node_04449,8,[O X O | X O . | X O X],6,0.0,1,[6],,,,,,0.0,,,,"(-1, 1, -1, 1, -1, 0, 1, -1, 1)"
Node_04450,8,[X X O | O O X | . X O],7,0.0,1,[7],,,,,,,0.0,,,"(1, 1, -1, -1, -1, 1, 0, 1, -1)"
Node_04451,8,[X O . | O O X | X X O],3,0.0,1,[3],,,0.0,,,,,,,"(1, -1, 0, -1, -1, 1, 1, 1, -1)"
Node_04452,8,[X X O | O X . | X O O],6,0.0,1,[6],,,,,,0.0,,,,"(1, 1, -1, -1, 1, 0, 1, -1, -1)"
Node_04453,8,[O X . | X O O | X O X],3,0.0,1,[3],,,0.0,,,,,,,"(-1, 1, 0, 1, -1, -1, 1, -1, 1)"
Node_04454,8,[O X O | X O X | . O X],7,0.0,1,[7],,,,,,,0.0,,,"(-1, 1, -1, 1, -1, 1, 0, -1, 1)"
Node_04455,8,[X X O | O X X | . O O],7,0.0,1,[7],,,,,,,0.0,,,"(1, 1, -1, -1, 1, 1, 0, -1, -1)"
Node_04456,8,[O X O | X X O | X O .],9,0.0,1,[9],,,,,,,,,0.0,"(-1, 1, -1, 1, 1, -1, 1, -1, 0)"
Node_04457,8,[O O . | X X O | O X X],3,0.0,1,[3],,,0.0,,,,,,,"(-1, -1, 0, 1, 1, -1, -1, 1, 1)"
Node_04458,8,[X O O | O . X | X X O],5,0.0,1,[5],,,,,0.0,,,,,"(1, -1, -1, -1, 0, 1, 1, 1, -1)"
Node_04459,8,[X O X | X X O | O . O],8,0.0,1,[8],,,,,,,,0.0,,"(1, -1, 1, 1, 1, -1, -1, 0, -1)"
Node_04460,8,[X . O | O O X | X X O],2,0.0,1,[2],,0.0,,,,,,,,"(1, 0, -1, -1, -1, 1, 1, 1, -1)"
Node_04461,8,[O X O | X O X | X O .],9,0.0,1,[9],,,,,,,,,0.0,"(-1, 1, -1, 1, -1, 1, 1, -1, 0)"
Node_04462,8,[O X O | X X O | . O X],7,0.0,1,[7],,,,,,,0.0,,,"(-1, 1, -1, 1, 1, -1, 0, -1, 1)"
Node_04463,8,[O X X | X X O | O O .],9,0.0,1,[9],,,,,,,,,0.0,"(-1, 1, 1, 1, 1, -1, -1, -1, 0)"
Node_04464,8,[O X O | O X . | X O X],6,0.0,1,[6],,,,,,0.0,,,,"(-1, 1, -1, -1, 1, 0, 1, -1, 1)"
Node_04465,8,[X O . | X X O | O X O],3,0.0,1,[3],,,0.0,,,,,,,"(1, -1, 0, 1, 1, -1, -1, 1, -1)"
Node_04466,8,[O . O | O X X | X O X],2,0.0,1,[2],,0.0,,,,,,,,"(-1, 0, -1, -1, 1, 1, 1, -1, 1)"
Node_04467,8,[O O X | X X O | O . X],8,0.0,1,[8],,,,,,,,0.0,,"(-1, -1, 1, 1, 1, -1, -1, 0, 1)"
Node_04468,8,[O X O | . X O | X O X],4,0.0,1,[4],,,,0.0,,,,,,"(-1, 1, -1, 0, 1, -1, 1, -1, 1)"
Node_04469,8,[X X O | O O . | X X O],6,0.0,1,[6],,,,,,0.0,,,,"(1, 1, -1, -1, -1, 0, 1, 1, -1)"
Node_04470,8,[. X O | O O X | X O X],1,0.0,1,[1],0.0,,,,,,,,,"(0, 1, -1, -1, -1, 1, 1, -1, 1)"
Node_04471,8,[O X O | O X X | . O X],7,0.0,1,[7],,,,,,,0.0,,,"(-1, 1, -1, -1, 1, 1, 0, -1, 1)"
Node_04472,8,[O X O | O X X | X O .],9,0.0,1,[9],,,,,,,,,0.0,"(-1, 1, -1, -1, 1, 1, 1, -1, 0)"
Node_04473,8,[O X O | X . O | X O X],5,0.0,1,[5],,,,,0.0,,,,,"(-1, 1, -1, 1, 0, -1, 1, -1, 1)"
Node_04474,8,[. O X | X X O | O X O],1,0.0,1,[1],0.0,,,,,,,,,"(0, -1, 1, 1, 1, -1, -1, 1, -1)"
Node_04475,8,[X X O | O . X | X O O],5,0.0,1,[5],,,,,0.0,,,,,"(1, 1, -1, -1, 0, 1, 1, -1, -1)"
Node_04476,8,[X . O | O X X | X O O],2,0.0,1,[2],,0.0,,,,,,,,"(1, 0, -1, -1, 1, 1, 1, -1, -1)"
Node_04477,8,[X . O | O O X | X O X],2,0.0,1,[2],,0.0,,,,,,,,"(1, 0, -1, -1, -1, 1, 1, -1, 1)"
Node_04478,8,[X X O | O O X | . O X],7,0.0,1,[7],,,,,,,0.0,,,"(1, 1, -1, -1, -1, 1, 0, -1, 1)"
Node_04479,8,[O X O | O . X | X O X],5,0.0,1,[5],,,,,0.0,,,,,"(-1, 1, -1, -1, 0, 1, 1, -1, 1)"
Node_04480,8,[X O X | X O . | O X O],6,0.0,1,[6],,,,,,0.0,,,,"(1, -1, 1, 1, -1, 0, -1, 1, -1)"
Node_04481,8,[X O X | O X . | O X O],6,0.0,1,[6],,,,,,0.0,,,,"(1, -1, 1, -1, 1, 0, -1, 1, -1)"
Node_04482,8,[X O O | O X X | X . O],8,0.0,1,[8],,,,,,,,0.0,,"(1, -1, -1, -1, 1, 1, 1, 0, -1)"
Node_04483,8,[X O X | O O X | X . O],8,0.0,1,[8],,,,,,,,0.0,,"(1, -1, 1, -1, -1, 1, 1, 0, -1)"
Node_04484,8,[O X X | X O O | X O .],9,0.0,1,[9],,,,,,,,,0.0,"(-1, 1, 1, 1, -1, -1, 1, -1, 0)"
Node_04485,8,[O . O | X X O | X O X],2,0.0,1,[2],,0.0,,,,,,,,"(-1, 0, -1, 1, 1, -1, 1, -1, 1)"
Node_04486,8,[O X X | X . O | O O X],5,0.0,1,[5],,,,,0.0,,,,,"(-1, 1, 1, 1, 0, -1, -1, -1, 1)"
Node_04487,8,[O X X | . O O | X O X],4,0.0,1,[4],,,,0.0,,,,,,"(-1, 1, 1, 0, -1, -1, 1, -1, 1)"
Node_04488,8,[O X X | . X O | O O X],4,0.0,1,[4],,,,0.0,,,,,,"(-1, 1, 1, 0, 1, -1, -1, -1, 1)"
Node_04489,8,[O . X | X O O | X O X],2,0.0,1,[2],,0.0,,,,,,,,"(-1, 0, 1, 1, -1, -1, 1, -1, 1)"
Node_04490,8,[O X O | . O X | X O X],4,0.0,1,[4],,,,0.0,,,,,,"(-1, 1, -1, 0, -1, 1, 1, -1, 1)"
Node_04491,8,[X O O | O X . | X X O],6,0.0,1,[6],,,,,,0.0,,,,"(1, -1, -1, -1, 1, 0, 1, 1, -1)"
Node_04492,8,[O X X | X O O | O . X],8,0.0,1,[8],,,,,,,,0.0,,"(-1, 1, 1, 1, -1, -1, -1, 0, 1)"
Node_04493,8,[X O X | O O X | . X O],7,0.0,1,[7],,,,,,,0.0,,,"(1, -1, 1, -1, -1, 1, 0, 1, -1)"
Node_04494,8,[O X X | X O O | . O X],7,0.0,1,[7],,,,,,,0.0,,,"(-1, 1, 1, 1, -1, -1, 0, -1, 1)"
Node_04495,8,[. O O | O X X | X X O],1,0.0,1,[1],0.0,,,,,,,,,"(0, -1, -1, -1, 1, 1, 1, 1, -1)"
Node_04496,8,[. O X | X O X | O X O],1,0.0,1,[1],0.0,,,,,,,,,"(0, -1, 1, 1, -1, 1, -1, 1, -1)"
Node_04497,8,[X O X | X . O | O X O],5,0.0,1,[5],,,,,0.0,,,,,"(1, -1, 1, 1, 0, -1, -1, 1, -1)"
Node_04498,8,[O . O | X O X | X O X],2,0.0,1,[2],,0.0,,,,,,,,"(-1, 0, -1, 1, -1, 1, 1, -1, 1)"
Node_04499,8,[X O O | O X X | . X O],7,0.0,1,[7],,,,,,,0.0,,,"(1, -1, -1, -1, 1, 1, 0, 1, -1)"
Node_04500,8,[. O X | O X X | O X O],1,0.0,1,[1],0.0,,,,,,,,,"(0, -1, 1, -1, 1, 1, -1, 1, -1)"
Node_04501,8,[X O X | O X X | O . O],8,0.0,1,[8],,,,,,,,0.0,,"(1, -1, 1, -1, 1, 1, -1, 0, -1)"
Node_04502,8,[O O X | X . O | O X X],5,0.0,1,[5],,,,,0.0,,,,,"(-1, -1, 1, 1, 0, -1, -1, 1, 1)"
Node_04503,8,[X O X | O . X | O X O],5,0.0,1,[5],,,,,0.0,,,,,"(1, -1, 1, -1, 0, 1, -1, 1, -1)"
Node_04504,8,[X X O | O O . | X O X],6,0.0,1,[6],,,,,,0.0,,,,"(1, 1, -1, -1, -1, 0, 1, -1, 1)"
Node_04505,8,[X O X | X O O | O X .],9,0.0,1,[9],,,,,,,,,0.0,"(1, -1, 1, 1, -1, -1, -1, 1, 0)"
Node_04506,8,[O O X | X X O | O X .],9,0.0,1,[9],,,,,,,,,0.0,"(-1, -1, 1, 1, 1, -1, -1, 1, 0)"
Node_04507,8,[X X O | O O X | X . O],8,0.0,1,[8],,,,,,,,0.0,,"(1, 1, -1, -1, -1, 1, 1, 0, -1)"
Node_04508,8,[. X O | O O X | X X O],1,0.0,1,[1],0.0,,,,,,,,,"(0, 1, -1, -1, -1, 1, 1, 1, -1)"
Node_04509,8,[X O . | O X X | O X O],3,0.0,1,[3],,,0.0,,,,,,,"(1, -1, 0, -1, 1, 1, -1, 1, -1)"
Node_04510,8,[X O . | X O O | O X X],3,0.0,1,[3],,,0.0,,,,,,,"(1, -1, 0, 1, -1, -1, -1, 1, 1)"
Node_04511,8,[. O X | O O X | X X O],1,0.0,1,[1],0.0,,,,,,,,,"(0, -1, 1, -1, -1, 1, 1, 1, -1)"
Node_04512,8,[X O X | . O O | O X X],4,0.0,1,[4],,,,0.0,,,,,,"(1, -1, 1, 0, -1, -1, -1, 1, 1)"
Node_04513,8,[X O X | X O O | O . X],8,0.0,1,[8],,,,,,,,0.0,,"(1, -1, 1, 1, -1, -1, -1, 0, 1)"
Node_04514,8,[O X X | X O O | O X .],9,0.0,1,[9],,,,,,,,,0.0,"(-1, 1, 1, 1, -1, -1, -1, 1, 0)"
Node_04515,8,[O X . | X X O | O O X],3,0.0,1,[3],,,0.0,,,,,,,"(-1, 1, 0, 1, 1, -1, -1, -1, 1)"
Node_04516,8,[O . X | X O O | O X X],2,0.0,1,[2],,0.0,,,,,,,,"(-1, 0, 1, 1, -1, -1, -1, 1, 1)"
Node_04517,8,[O O X | . X O | O X X],4,0.0,1,[4],,,,0.0,,,,,,"(-1, -1, 1, 0, 1, -1, -1, 1, 1)"
Node_04518,8,[O X . | X O O | O X X],3,0.0,1,[3],,,0.0,,,,,,,"(-1, 1, 0, 1, -1, -1, -1, 1, 1)"
Node_04519,8,[O . X | X X O | O O X],2,0.0,1,[2],,0.0,,,,,,,,"(-1, 0, 1, 1, 1, -1, -1, -1, 1)"
Node_04520,8,[X X O | O O X | X O .],9,0.0,1,[9],,,,,,,,,0.0,"(1, 1, -1, -1, -1, 1, 1, -1, 0)"
